Store,Date,Weekly_Sales,Holiday,Temperature,Fuel_Price,CPI,Unemployment,lag_1,lag_2,lag_52,rollmean_3,rollmean_6,rollmean_12,month,week,quarter,year,S_1,S_2,S_3,S_4,S_5,S_6,S_7,S_8,S_9,S_10,S_11,S_12,S_13,S_14,S_15,S_16,S_17,S_18,S_19,S_20,S_21,S_22,S_23,S_24,S_25,S_26,S_27,S_28,S_29,S_30,S_31,S_32,S_33,S_34,S_35,S_36,S_37,S_38,S_39,S_40,S_41,S_42,S_43,S_44,S_45,Holiday_Christmas,Holiday_Thanksgiving,Holiday_Labor_Day,Holiday_Super_Bowl,Weekly_Sales_tplus1
1,2011-02-04,1606629.58,N/A,42.27,2.989,212.5668812,7.742,1316899.31,1327405.42,1643690.9,1345106.23,1539220.1966666665,1607574.3275,2,5,1,2011,True,False,False,False,False,False,False,False,False,False,False,False,False,False,False,False,False,False,False,False,False,False,False,False,False,False,False,False,False,False,False,False,False,False,False,False,False,False,False,False,False,False,False,False,False,False,False,False,False,1649614.93
1,2011-02-11,1649614.93,Super Bowl,36.39,3.022,212.9367046,7.742,1606629.58,1316899.31,1641957.44,1416978.1033333335,1409000.0933333335,1616920.1683333332,2,6,1,2011,True,False,False,False,False,False,False,False,False,False,False,False,False,False,False,False,False,False,False,False,False,False,False,False,False,False,False,False,False,False,False,False,False,False,False,False,False,False,False,False,False,False,False,False,False,False,False,False,True,1686842.78
1,2011-02-18,1686842.78,N/A,57.36,3.045,213.2478853,7.742,1649614.93,1606629.58,1611968.17,1524381.2733333334,1456049.2466666668,1630739.3975,2,7,1,2011,True,False,False,False,False,False,False,False,False,False,False,False,False,False,False,False,False,False,False,False,False,False,False,False,False,False,False,False,False,False,False,False,False,False,False,False,False,False,False,False,False,False,False,False,False,False,False,False,False,1456800.28
1,2011-02-25,1456800.28,N/A,62.9,3.065,213.535609,7.742,1686842.78,1649614.93,1409727.59,1647695.7633333334,1496400.9966666668,1608340.9533333334,2,8,1,2011,True,False,False,False,False,False,False,False,False,False,False,False,False,False,False,False,False,False,False,False,False,False,False,False,False,False,False,False,False,False,False,False,False,False,False,False,False,False,False,False,False,False,False,False,False,False,False,False,False,1636263.41
1,2011-03-04,1636263.41,N/A,59.58,3.288,213.8233327,7.742,1456800.28,1686842.78,1554806.68,1597752.6633333333,1507365.3833333335,1600738.1616666664,3,9,1,2011,True,False,False,False,False,False,False,False,False,False,False,False,False,False,False,False,False,False,False,False,False,False,False,False,False,False,False,False,False,False,False,False,False,False,False,False,False,False,False,False,False,False,False,False,False,False,False,False,False,1553191.63
1,2011-03-11,1553191.63,N/A,53.56,3.459,214.1110564,7.742,1636263.41,1456800.28,1439541.59,1593302.156666667,1558841.7149999999,1596875.5908333333,3,10,1,2011,True,False,False,False,False,False,False,False,False,False,False,False,False,False,False,False,False,False,False,False,False,False,False,False,False,False,False,False,False,False,False,False,False,False,False,False,False,False,False,False,False,False,False,False,False,False,False,False,False,1576818.06
1,2011-03-18,1576818.06,N/A,62.76,3.488,214.3627114,7.742,1553191.63,1636263.41,1472515.79,1548751.7733333334,1598223.7683333333,1568721.9825,3,11,1,2011,True,False,False,False,False,False,False,False,False,False,False,False,False,False,False,False,False,False,False,False,False,False,False,False,False,False,False,False,False,False,False,False,False,False,False,False,False,False,False,False,False,False,False,False,False,False,False,False,False,1541102.38
1,2011-03-25,1541102.38,N/A,69.97,3.473,214.5999389,7.742,1576818.06,1553191.63,1404429.92,1588757.7,1593255.1816666666,1501127.6375,3,12,1,2011,True,False,False,False,False,False,False,False,False,False,False,False,False,False,False,False,False,False,False,False,False,False,False,False,False,False,False,False,False,False,False,False,False,False,False,False,False,False,False,False,False,False,False,False,False,False,False,False,False,1495064.75
1,2011-04-01,1495064.75,N/A,59.17,3.524,214.8371664,7.682,1541102.38,1576818.06,1594968.28,1557037.3566666667,1575169.7566666666,1515609.5016666667,4,13,2,2011,True,False,False,False,False,False,False,False,False,False,False,False,False,False,False,False,False,False,False,False,False,False,False,False,False,False,False,False,False,False,False,False,False,False,False,False,False,False,False,False,False,False,False,False,False,False,False,False,False,1614259.35
1,2011-04-08,1614259.35,N/A,67.84,3.622,215.0743939,7.682,1495064.75,1541102.38,1545418.53,1537661.7299999997,1543206.7516666667,1519803.8741666665,4,14,2,2011,True,False,False,False,False,False,False,False,False,False,False,False,False,False,False,False,False,False,False,False,False,False,False,False,False,False,False,False,False,False,False,False,False,False,False,False,False,False,False,False,False,False,False,False,False,False,False,False,False,1559889.0
1,2011-04-15,1559889.0,N/A,71.27,3.743,215.2918561,7.682,1614259.35,1495064.75,1466058.28,1550142.1600000001,1569449.93,1538407.656666667,4,15,2,2011,True,False,False,False,False,False,False,False,False,False,False,False,False,False,False,False,False,False,False,False,False,False,False,False,False,False,False,False,False,False,False,False,False,False,False,False,False,False,False,False,False,False,False,False,False,False,False,False,False,1564819.81
1,2011-04-22,1564819.81,N/A,72.99,3.807,215.4599053,7.682,1559889.0,1614259.35,1391256.12,1556404.3666666665,1556720.8616666666,1557781.2883333333,4,16,2,2011,True,False,False,False,False,False,False,False,False,False,False,False,False,False,False,False,False,False,False,False,False,False,False,False,False,False,False,False,False,False,False,False,False,False,False,False,False,False,False,False,False,False,False,False,False,False,False,False,False,1455090.69
1,2011-04-29,1455090.69,N/A,72.03,3.81,215.6279544,7.682,1564819.81,1559889.0,1425100.71,1579656.0533333335,1558658.8916666666,1578441.33,4,17,2,2011,True,False,False,False,False,False,False,False,False,False,False,False,False,False,False,False,False,False,False,False,False,False,False,False,False,False,False,False,False,False,False,False,False,False,False,False,False,False,False,False,False,False,False,False,False,False,False,False,False,1629391.28
1,2011-05-06,1629391.28,N/A,64.61,3.906,215.7960035,7.682,1455090.69,1564819.81,1603955.12,1526599.8333333333,1538370.9966666668,1565813.0891666666,5,18,2,2011,True,False,False,False,False,False,False,False,False,False,False,False,False,False,False,False,False,False,False,False,False,False,False,False,False,False,False,False,False,False,False,False,False,False,False,False,False,False,False,False,False,False,False,False,False,False,False,False,False,1604775.58
1,2011-05-13,1604775.58,N/A,75.64,3.899,215.9640526,7.682,1629391.28,1455090.69,1494251.5,1549767.26,1553085.8133333335,1564127.785,5,19,2,2011,True,False,False,False,False,False,False,False,False,False,False,False,False,False,False,False,False,False,False,False,False,False,False,False,False,False,False,False,False,False,False,False,False,False,False,False,False,False,False,False,False,False,False,False,False,False,False,False,False,1428218.27
1,2011-05-20,1428218.27,N/A,67.63,3.907,215.7339202,7.682,1604775.58,1629391.28,1399662.07,1563085.8499999999,1571370.951666667,1557288.8516666666,5,20,2,2011,True,False,False,False,False,False,False,False,False,False,False,False,False,False,False,False,False,False,False,False,False,False,False,False,False,False,False,False,False,False,False,False,False,False,False,False,False,False,False,False,False,False,False,False,False,False,False,False,False,1466046.67
1,2011-05-27,1466046.67,N/A,77.72,3.786,215.5037878,7.682,1428218.27,1604775.58,1432069.95,1554128.3766666667,1540364.1050000002,1554907.0175,5,21,2,2011,True,False,False,False,False,False,False,False,False,False,False,False,False,False,False,False,False,False,False,False,False,False,False,False,False,False,False,False,False,False,False,False,False,False,False,False,False,False,False,False,False,False,False,False,False,False,False,False,False,1635078.41
1,2011-06-03,1635078.41,N/A,83.0,3.699,215.2736553,7.682,1466046.67,1428218.27,1615524.71,1499680.173333333,1524723.7166666668,1540722.2891666668,6,22,2,2011,True,False,False,False,False,False,False,False,False,False,False,False,False,False,False,False,False,False,False,False,False,False,False,False,False,False,False,False,False,False,False,False,False,False,False,False,False,False,False,False,False,False,False,False,False,False,False,False,False,1588948.32
1,2011-06-10,1588948.32,N/A,83.13,3.648,215.0435229,7.682,1635078.41,1466046.67,1542561.09,1509781.1166666665,1536433.4833333332,1547546.1875,6,23,2,2011,True,False,False,False,False,False,False,False,False,False,False,False,False,False,False,False,False,False,False,False,False,False,False,False,False,False,False,False,False,False,False,False,False,False,False,False,False,False,False,False,False,False,False,False,False,False,False,False,False,1532114.86
1,2011-06-17,1532114.86,N/A,86.41,3.637,214.9980596,7.682,1588948.32,1635078.41,1503284.06,1563357.8,1558743.0883333331,1548557.0424999997,6,24,2,2011,True,False,False,False,False,False,False,False,False,False,False,False,False,False,False,False,False,False,False,False,False,False,False,False,False,False,False,False,False,False,False,False,False,False,False,False,False,False,False,False,False,False,False,False,False,False,False,False,False,1438830.15
1,2011-06-24,1438830.15,N/A,83.58,3.594,215.0910982,7.682,1532114.86,1588948.32,1422711.6,1585380.53,1542530.3516666666,1547808.0825000003,6,25,2,2011,True,False,False,False,False,False,False,False,False,False,False,False,False,False,False,False,False,False,False,False,False,False,False,False,False,False,False,False,False,False,False,False,False,False,False,False,False,False,False,False,False,False,False,False,False,False,False,False,False,1488538.09
1,2011-07-01,1488538.09,N/A,85.55,3.524,215.1841368,7.962,1438830.15,1532114.86,1492418.14,1519964.4433333334,1514872.78,1543121.8658333335,7,26,3,2011,True,False,False,False,False,False,False,False,False,False,False,False,False,False,False,False,False,False,False,False,False,False,False,False,False,False,False,False,False,False,False,False,False,False,False,False,False,False,False,False,False,False,False,False,False,False,False,False,False,1534849.64
1,2011-07-08,1534849.64,N/A,85.83,3.48,215.2771754,7.962,1488538.09,1438830.15,1546074.18,1486494.3666666665,1524926.0833333333,1532645.0941666665,7,27,3,2011,True,False,False,False,False,False,False,False,False,False,False,False,False,False,False,False,False,False,False,False,False,False,False,False,False,False,False,False,False,False,False,False,False,False,False,False,False,False,False,False,False,False,False,False,False,False,False,False,False,1455119.97
1,2011-07-15,1455119.97,N/A,88.54,3.575,215.3611087,7.962,1534849.64,1488538.09,1448938.92,1487405.96,1536393.245,1530558.4808333332,7,28,3,2011,True,False,False,False,False,False,False,False,False,False,False,False,False,False,False,False,False,False,False,False,False,False,False,False,False,False,False,False,False,False,False,False,False,False,False,False,False,False,False,False,False,False,False,False,False,False,False,False,False,1396926.82
1,2011-07-22,1396926.82,N/A,85.77,3.651,215.4222784,7.962,1455119.97,1534849.64,1385065.2,1492835.9000000001,1506400.1716666666,1521416.8275,7,29,3,2011,True,False,False,False,False,False,False,False,False,False,False,False,False,False,False,False,False,False,False,False,False,False,False,False,False,False,False,False,False,False,False,False,False,False,False,False,False,False,False,False,False,False,False,False,False,False,False,False,False,1352219.79
1,2011-07-29,1352219.79,N/A,86.83,3.682,215.4834482,7.962,1396926.82,1455119.97,1371986.6,1462298.8099999998,1474396.5883333331,1516569.8383333331,7,30,3,2011,True,False,False,False,False,False,False,False,False,False,False,False,False,False,False,False,False,False,False,False,False,False,False,False,False,False,False,False,False,False,False,False,False,False,False,False,False,False,False,False,False,False,False,False,False,False,False,False,False,1624383.75
1,2011-08-05,1624383.75,N/A,91.65,3.684,215.544618,7.962,1352219.79,1396926.82,1605491.78,1401422.1933333334,1444414.076666667,1493472.2141666666,8,31,3,2011,True,False,False,False,False,False,False,False,False,False,False,False,False,False,False,False,False,False,False,False,False,False,False,False,False,False,False,False,False,False,False,False,False,False,False,False,False,False,False,False,False,False,False,False,False,False,False,False,False,1525147.09
1,2011-08-12,1525147.09,N/A,90.76,3.638,215.6057878,7.962,1624383.75,1352219.79,1508237.76,1457843.4533333334,1475339.6766666668,1495106.2283333333,8,32,3,2011,True,False,False,False,False,False,False,False,False,False,False,False,False,False,False,False,False,False,False,False,False,False,False,False,False,False,False,False,False,False,False,False,False,False,False,False,False,False,False,False,False,False,False,False,False,False,False,False,False,1530761.43
1,2011-08-19,1530761.43,N/A,89.94,3.554,215.6693107,7.962,1525147.09,1624383.75,1513080.49,1500583.5433333332,1481441.1766666668,1503183.63,8,33,3,2011,True,False,False,False,False,False,False,False,False,False,False,False,False,False,False,False,False,False,False,False,False,False,False,False,False,False,False,False,False,False,False,False,False,False,False,False,False,False,False,False,False,False,False,False,False,False,False,False,False,1464693.46
1,2011-08-26,1464693.46,N/A,87.96,3.523,215.7332258,7.962,1530761.43,1525147.09,1449142.92,1560097.423333333,1480759.8083333333,1508576.5266666666,8,34,3,2011,True,False,False,False,False,False,False,False,False,False,False,False,False,False,False,False,False,False,False,False,False,False,False,False,False,False,False,False,False,False,False,False,False,False,False,False,False,False,False,False,False,False,False,False,False,False,False,False,False,1550229.22
1,2011-09-02,1550229.22,N/A,87.83,3.533,215.7971409,7.962,1464693.46,1530761.43,1540163.53,1506867.326666667,1482355.39,1494377.7808333335,9,35,3,2011,True,False,False,False,False,False,False,False,False,False,False,False,False,False,False,False,False,False,False,False,False,False,False,False,False,False,False,False,False,False,False,False,False,False,False,False,False,False,False,False,False,False,False,False,False,False,False,False,False,1540471.24
1,2011-09-09,1540471.24,Labor Day,76.0,3.546,215.861056,7.962,1550229.22,1464693.46,1507460.69,1515228.0366666669,1507905.79,1491151.1891666667,9,36,3,2011,True,False,False,False,False,False,False,False,False,False,False,False,False,False,False,False,False,False,False,False,False,False,False,False,False,False,False,False,False,False,False,False,False,False,False,False,False,False,False,False,False,False,False,False,False,False,False,True,False,1514259.78
1,2011-09-16,1514259.78,N/A,79.94,3.526,216.0410526,7.962,1540471.24,1550229.22,1430378.67,1518464.64,1539281.031666667,1491847.5541666665,9,37,3,2011,True,False,False,False,False,False,False,False,False,False,False,False,False,False,False,False,False,False,False,False,False,False,False,False,False,False,False,False,False,False,False,False,False,False,False,False,False,False,False,False,False,False,False,False,False,False,False,False,False,1380020.27
1,2011-09-23,1380020.27,N/A,75.8,3.467,216.3758246,7.962,1514259.78,1540471.24,1351791.03,1534986.7466666668,1520927.0366666669,1498133.3566666667,9,38,3,2011,True,False,False,False,False,False,False,False,False,False,False,False,False,False,False,False,False,False,False,False,False,False,False,False,False,False,False,False,False,False,False,False,False,False,False,False,False,False,False,False,False,False,False,False,False,False,False,False,False,1394561.83
1,2011-09-30,1394561.83,N/A,79.69,3.355,216.7105965,7.962,1380020.27,1514259.78,1453329.5,1478250.43,1496739.2333333334,1489090.205,9,39,3,2011,True,False,False,False,False,False,False,False,False,False,False,False,False,False,False,False,False,False,False,False,False,False,False,False,False,False,False,False,False,False,False,False,False,False,False,False,False,False,False,False,False,False,False,False,False,False,False,False,False,1630989.95
1,2011-10-07,1630989.95,N/A,69.31,3.285,217.0453684,7.866,1394561.83,1380020.27,1508239.93,1429613.96,1474039.3,1477399.5541666665,10,40,4,2011,True,False,False,False,False,False,False,False,False,False,False,False,False,False,False,False,False,False,False,False,False,False,False,False,False,False,False,False,False,False,False,False,False,False,False,False,False,False,False,False,False,False,False,False,False,False,False,False,False,1493525.93
1,2011-10-14,1493525.93,N/A,71.74,3.274,217.3552733,7.866,1630989.95,1394561.83,1459409.1,1468524.0166666666,1501755.3816666666,1492055.3858333335,10,41,4,2011,True,False,False,False,False,False,False,False,False,False,False,False,False,False,False,False,False,False,False,False,False,False,False,False,False,False,False,False,False,False,False,False,False,False,False,False,False,False,False,False,False,False,False,False,False,False,False,False,False,1502562.78
1,2011-10-21,1502562.78,N/A,63.71,3.353,217.5159762,7.866,1493525.93,1630989.95,1345454.0,1506359.2366666666,1492304.8333333333,1500105.3116666668,10,42,4,2011,True,False,False,False,False,False,False,False,False,False,False,False,False,False,False,False,False,False,False,False,False,False,False,False,False,False,False,False,False,False,False,False,False,False,False,False,False,False,False,False,False,False,False,False,False,False,False,False,False,1445249.09
2,2011-02-04,1929346.23,N/A,38.25,2.989,212.2240646,8.028,1695371.68,1751384.9,2136989.46,1730316.72,2022573.8633333333,2139282.9125,2,5,1,2011,False,True,False,False,False,False,False,False,False,False,False,False,False,False,False,False,False,False,False,False,False,False,False,False,False,False,False,False,False,False,False,False,False,False,False,False,False,False,False,False,False,False,False,False,False,False,False,False,False,2168041.61
2,2011-02-11,2168041.61,Super Bowl,33.19,3.022,212.5928624,8.028,1929346.23,1695371.68,2137809.5,1792034.2699999998,1771463.6216666668,2140327.37,2,6,1,2011,False,True,False,False,False,False,False,False,False,False,False,False,False,False,False,False,False,False,False,False,False,False,False,False,False,False,False,False,False,False,False,False,False,False,False,False,False,False,False,False,False,False,False,False,False,False,False,False,True,2080884.82
2,2011-02-18,2080884.82,N/A,57.83,3.045,212.9033115,8.028,2168041.61,1929346.23,2124451.54,1930919.8399999999,1841064.7983333336,2157935.9066666667,2,7,1,2011,False,True,False,False,False,False,False,False,False,False,False,False,False,False,False,False,False,False,False,False,False,False,False,False,False,False,False,False,False,False,False,False,False,False,False,False,False,False,False,False,False,False,False,False,False,False,False,False,False,1833511.08
2,2011-02-25,1833511.08,N/A,60.8,3.065,213.190421,8.028,2080884.82,2168041.61,1865097.27,2059424.2199999997,1894870.47,2109782.5341666667,2,8,1,2011,False,True,False,False,False,False,False,False,False,False,False,False,False,False,False,False,False,False,False,False,False,False,False,False,False,False,False,False,False,False,False,False,False,False,False,False,False,False,False,False,False,False,False,False,False,False,False,False,False,1981607.78
2,2011-03-04,1981607.78,N/A,57.77,3.288,213.4775305,8.028,1833511.08,2080884.82,1991013.13,2027479.17,1909756.72,2094593.3516666666,3,9,1,2011,False,True,False,False,False,False,False,False,False,False,False,False,False,False,False,False,False,False,False,False,False,False,False,False,False,False,False,False,False,False,False,False,False,False,False,False,False,False,False,False,False,False,False,False,False,False,False,False,False,1879107.31
2,2011-03-11,1879107.31,N/A,52.7,3.459,213.7646401,8.028,1981607.78,1833511.08,1990483.78,1965334.5599999998,1948127.2,2061500.1208333333,3,10,1,2011,False,True,False,False,False,False,False,False,False,False,False,False,False,False,False,False,False,False,False,False,False,False,False,False,False,False,False,False,False,False,False,False,False,False,False,False,False,False,False,False,False,False,False,False,False,False,False,False,False,1902557.66
2,2011-03-18,1902557.66,N/A,62.32,3.488,214.0156238,8.028,1879107.31,1981607.78,1946070.88,1898075.39,1978749.805,2000661.8341666665,3,11,1,2011,False,True,False,False,False,False,False,False,False,False,False,False,False,False,False,False,False,False,False,False,False,False,False,False,False,False,False,False,False,False,False,False,False,False,False,False,False,False,False,False,False,False,False,False,False,False,False,False,False,1766162.05
2,2011-03-25,1766162.05,N/A,69.42,3.473,214.2521573,8.028,1902557.66,1879107.31,1750197.81,1921090.9166666663,1974285.0433333337,1872874.3324999998,3,12,1,2011,False,True,False,False,False,False,False,False,False,False,False,False,False,False,False,False,False,False,False,False,False,False,False,False,False,False,False,False,False,False,False,False,False,False,False,False,False,False,False,False,False,False,False,False,False,False,False,False,False,1800171.36
2,2011-04-01,1800171.36,N/A,55.43,3.524,214.4886908,7.931,1766162.05,1902557.66,2066187.72,1849275.673333333,1907305.1166666665,1874184.9574999998,4,13,2,2011,False,True,False,False,False,False,False,False,False,False,False,False,False,False,False,False,False,False,False,False,False,False,False,False,False,False,False,False,False,False,False,False,False,False,False,False,False,False,False,False,False,False,False,False,False,False,False,False,False,1847552.61
2,2011-04-08,1847552.61,N/A,67.0,3.622,214.7252242,7.931,1800171.36,1766162.05,1954689.21,1822963.6899999997,1860519.54,1877695.005,4,14,2,2011,False,True,False,False,False,False,False,False,False,False,False,False,False,False,False,False,False,False,False,False,False,False,False,False,False,False,False,False,False,False,False,False,False,False,False,False,False,False,False,False,False,False,False,False,False,False,False,False,False,1856467.84
2,2011-04-15,1856467.84,N/A,69.48,3.743,214.9420631,7.931,1847552.61,1800171.36,1874957.94,1804628.673333333,1862859.795,1886308.2575000003,4,15,2,2011,False,True,False,False,False,False,False,False,False,False,False,False,False,False,False,False,False,False,False,False,False,False,False,False,False,False,False,False,False,False,False,False,False,False,False,False,False,False,False,False,False,False,False,False,False,False,False,False,False,1886339.6
2,2011-04-22,1886339.6,N/A,69.39,3.807,215.1096657,7.931,1856467.84,1847552.61,1821990.93,1834730.6033333333,1842003.1383333334,1895065.1691666667,4,16,2,2011,False,True,False,False,False,False,False,False,False,False,False,False,False,False,False,False,False,False,False,False,False,False,False,False,False,False,False,False,False,False,False,False,False,False,False,False,False,False,False,False,False,False,False,False,False,False,False,False,False,1745545.28
2,2011-04-29,1745545.28,N/A,69.21,3.81,215.2772683,7.931,1886339.6,1856467.84,1802450.29,1863453.3499999999,1843208.5199999998,1910979.1624999999,4,17,2,2011,False,True,False,False,False,False,False,False,False,False,False,False,False,False,False,False,False,False,False,False,False,False,False,False,False,False,False,False,False,False,False,False,False,False,False,False,False,False,False,False,False,False,False,False,False,False,False,False,False,1837743.6
2,2011-05-06,1837743.6,N/A,61.48,3.906,215.4448709,7.931,1745545.28,1886339.6,2042581.71,1829450.9066666665,1817039.79,1895662.4166666667,5,18,2,2011,False,True,False,False,False,False,False,False,False,False,False,False,False,False,False,False,False,False,False,False,False,False,False,False,False,False,False,False,False,False,False,False,False,False,False,False,False,False,False,False,False,False,False,False,False,False,False,False,False,1838513.07
2,2011-05-13,1838513.07,N/A,74.61,3.899,215.6124735,7.931,1837743.6,1745545.28,1880752.36,1823209.4933333334,1828970.0483333336,1868137.5825000003,5,19,2,2011,False,True,False,False,False,False,False,False,False,False,False,False,False,False,False,False,False,False,False,False,False,False,False,False,False,False,False,False,False,False,False,False,False,False,False,False,False,False,False,False,False,False,False,False,False,False,False,False,False,1688281.86
2,2011-05-20,1688281.86,N/A,67.14,3.907,215.3834778,7.931,1838513.07,1837743.6,1896937.1,1807267.3166666664,1835360.3333333333,1847939.9366666665,5,20,2,2011,False,True,False,False,False,False,False,False,False,False,False,False,False,False,False,False,False,False,False,False,False,False,False,False,False,False,False,False,False,False,False,False,False,False,False,False,False,False,False,False,False,False,False,False,False,False,False,False,False,1797732.56
2,2011-05-27,1797732.56,N/A,76.42,3.786,215.1544822,7.931,1688281.86,1838513.07,1957113.89,1788179.5099999998,1808815.2083333333,1835837.501666667,5,21,2,2011,False,True,False,False,False,False,False,False,False,False,False,False,False,False,False,False,False,False,False,False,False,False,False,False,False,False,False,False,False,False,False,False,False,False,False,False,False,False,False,False,False,False,False,False,False,False,False,False,False,1933756.21
2,2011-06-03,1933756.21,N/A,83.07,3.699,214.9254865,7.931,1797732.56,1688281.86,2102539.93,1774842.4966666668,1799025.995,1820514.5666666667,6,22,2,2011,False,True,False,False,False,False,False,False,False,False,False,False,False,False,False,False,False,False,False,False,False,False,False,False,False,False,False,False,False,False,False,False,False,False,False,False,False,False,False,False,False,False,False,False,False,False,False,False,False,1929153.16
2,2011-06-10,1929153.16,N/A,83.4,3.648,214.6964908,7.931,1933756.21,1797732.56,2025538.76,1806590.2099999997,1806928.7633333337,1825068.6416666668,6,23,2,2011,False,True,False,False,False,False,False,False,False,False,False,False,False,False,False,False,False,False,False,False,False,False,False,False,False,False,False,False,False,False,False,False,False,False,False,False,False,False,False,False,False,False,False,False,False,False,False,False,False,1953771.99
2,2011-06-17,1953771.99,N/A,86.53,3.637,214.6513538,7.931,1929153.16,1933756.21,2001636.96,1886880.6433333333,1837530.0766666664,1827284.9333333336,6,24,2,2011,False,True,False,False,False,False,False,False,False,False,False,False,False,False,False,False,False,False,False,False,False,False,False,False,False,False,False,False,False,False,False,False,False,False,False,False,False,False,False,False,False,False,False,False,False,False,False,False,False,1790925.8
2,2011-06-24,1790925.8,N/A,85.17,3.594,214.7441108,7.931,1953771.99,1929153.16,1939927.09,1938893.7866666664,1856868.1416666666,1842919.095,6,25,2,2011,False,True,False,False,False,False,False,False,False,False,False,False,False,False,False,False,False,False,False,False,False,False,False,False,False,False,False,False,False,False,False,False,False,False,False,False,False,False,False,False,False,False,False,False,False,False,False,False,False,1866243.0
2,2011-07-01,1866243.0,N/A,85.69,3.524,214.8368678,7.852,1790925.8,1953771.99,2003940.64,1891283.6499999997,1848936.93,1842148.6316666668,7,26,3,2011,False,True,False,False,False,False,False,False,False,False,False,False,False,False,False,False,False,False,False,False,False,False,False,False,False,False,False,False,False,False,False,False,False,False,False,False,False,False,False,False,False,False,False,False,False,False,False,False,False,1853161.99
2,2011-07-08,1853161.99,N/A,87.7,3.48,214.9296249,7.852,1866243.0,1790925.8,1880902.62,1870313.5966666664,1878597.12,1843706.1641666666,7,27,3,2011,False,True,False,False,False,False,False,False,False,False,False,False,False,False,False,False,False,False,False,False,False,False,False,False,False,False,False,False,False,False,False,False,False,False,False,False,False,False,False,False,False,False,False,False,False,False,False,False,False,1785187.29
2,2011-07-15,1785187.29,N/A,89.83,3.575,215.0134426,7.852,1853161.99,1866243.0,1845879.79,1836776.9299999997,1887835.3583333334,1843430.6766666665,7,28,3,2011,False,True,False,False,False,False,False,False,False,False,False,False,False,False,False,False,False,False,False,False,False,False,False,False,False,False,False,False,False,False,False,False,False,False,False,False,False,False,False,False,False,False,False,False,False,False,False,False,False,1743816.41
2,2011-07-22,1743816.41,N/A,89.34,3.651,215.0749122,7.852,1785187.29,1853161.99,1781717.71,1834864.093333333,1863073.8716666668,1835001.3175000001,7,29,3,2011,False,True,False,False,False,False,False,False,False,False,False,False,False,False,False,False,False,False,False,False,False,False,False,False,False,False,False,False,False,False,False,False,False,False,False,False,False,False,False,False,False,False,False,False,False,False,False,False,False,1680693.06
2,2011-07-29,1680693.06,N/A,90.07,3.682,215.1363819,7.852,1743816.41,1785187.29,1804246.16,1794055.2299999997,1832184.4133333333,1834857.245,7,30,3,2011,False,True,False,False,False,False,False,False,False,False,False,False,False,False,False,False,False,False,False,False,False,False,False,False,False,False,False,False,False,False,False,False,False,False,False,False,False,False,False,False,False,False,False,False,False,False,False,False,False,1876704.26
2,2011-08-05,1876704.26,N/A,93.34,3.684,215.1978515,7.852,1680693.06,1743816.41,1991909.98,1736565.5866666667,1786671.2583333335,1821769.7000000002,8,31,3,2011,False,True,False,False,False,False,False,False,False,False,False,False,False,False,False,False,False,False,False,False,False,False,False,False,False,False,False,False,False,False,False,False,False,False,False,False,False,False,False,False,False,False,False,False,False,False,False,False,False,1812768.26
2,2011-08-12,1812768.26,N/A,91.58,3.638,215.2593211,7.852,1876704.26,1680693.06,1895601.05,1767071.2433333332,1800967.6683333332,1824952.299166667,8,32,3,2011,False,True,False,False,False,False,False,False,False,False,False,False,False,False,False,False,False,False,False,False,False,False,False,False,False,False,False,False,False,False,False,False,False,False,False,False,False,False,False,False,False,False,False,False,False,False,False,False,False,1844094.59
2,2011-08-19,1844094.59,N/A,89.86,3.554,215.3229307,7.852,1812768.26,1876704.26,1964335.23,1790055.1933333331,1792055.2116666667,1835326.1658333333,8,33,3,2011,False,True,False,False,False,False,False,False,False,False,False,False,False,False,False,False,False,False,False,False,False,False,False,False,False,False,False,False,False,False,False,False,False,False,False,False,False,False,False,False,False,False,False,False,False,False,False,False,False,1821139.91
2,2011-08-26,1821139.91,N/A,90.45,3.523,215.386897,7.852,1844094.59,1812768.26,1863840.49,1844522.3699999999,1790543.9783333333,1839189.6683333332,8,34,3,2011,False,True,False,False,False,False,False,False,False,False,False,False,False,False,False,False,False,False,False,False,False,False,False,False,False,False,False,False,False,False,False,False,False,False,False,False,False,False,False,False,False,False,False,False,False,False,False,False,False,1809119.7
2,2011-09-02,1809119.7,N/A,89.64,3.533,215.4508632,7.852,1821139.91,1844094.59,1904608.09,1826000.92,1796536.0816666668,1829804.9766666666,9,35,3,2011,False,True,False,False,False,False,False,False,False,False,False,False,False,False,False,False,False,False,False,False,False,False,False,False,False,False,False,False,False,False,False,False,False,False,False,False,False,False,False,False,False,False,False,False,False,False,False,False,False,1748000.65
2,2011-09-09,1748000.65,Labor Day,77.97,3.546,215.5148295,7.852,1809119.7,1821139.91,1839128.83,1824784.7333333332,1807419.9633333336,1819802.1883333332,9,36,3,2011,False,True,False,False,False,False,False,False,False,False,False,False,False,False,False,False,False,False,False,False,False,False,False,False,False,False,False,False,False,False,False,False,False,False,False,False,False,False,False,False,False,False,False,False,False,False,False,True,False,1691439.52
2,2011-09-16,1691439.52,N/A,78.85,3.526,215.6944378,7.852,1748000.65,1809119.7,1793903.6,1792753.42,1818637.8949999998,1802654.576666667,9,37,3,2011,False,True,False,False,False,False,False,False,False,False,False,False,False,False,False,False,False,False,False,False,False,False,False,False,False,False,False,False,False,False,False,False,False,False,False,False,False,False,False,False,False,False,False,False,False,False,False,False,False,1669299.78
2,2011-09-23,1669299.78,N/A,75.58,3.467,216.0282356,7.852,1691439.52,1748000.65,1724557.22,1749519.9566666663,1787760.4383333332,1794364.0533333335,9,38,3,2011,False,True,False,False,False,False,False,False,False,False,False,False,False,False,False,False,False,False,False,False,False,False,False,False,False,False,False,False,False,False,False,False,False,False,False,False,False,False,False,False,False,False,False,False,False,False,False,False,False,1650394.44
2,2011-09-30,1650394.44,N/A,78.14,3.355,216.3620333,7.852,1669299.78,1691439.52,1827440.43,1702913.3166666664,1763849.0250000001,1777952.1183333332,9,39,3,2011,False,True,False,False,False,False,False,False,False,False,False,False,False,False,False,False,False,False,False,False,False,False,False,False,False,False,False,False,False,False,False,False,False,False,False,False,False,False,False,False,False,False,False,False,False,False,False,False,False,1837553.43
2,2011-10-07,1837553.43,N/A,69.92,3.285,216.6958311,7.441,1650394.44,1669299.78,1849921.44,1670377.913333333,1731565.6666666667,1761054.8225,10,40,4,2011,False,True,False,False,False,False,False,False,False,False,False,False,False,False,False,False,False,False,False,False,False,False,False,False,False,False,False,False,False,False,False,False,False,False,False,False,False,False,False,False,False,False,False,False,False,False,False,False,False,1743882.19
2,2011-10-14,1743882.19,N/A,71.67,3.274,217.0048261,7.441,1837553.43,1650394.44,1794355.49,1719082.5499999998,1734301.2533333332,1765418.6674999997,10,41,4,2011,False,True,False,False,False,False,False,False,False,False,False,False,False,False,False,False,False,False,False,False,False,False,False,False,False,False,False,False,False,False,False,False,False,False,False,False,False,False,False,False,False,False,False,False,False,False,False,False,False,1834680.25
2,2011-10-21,1834680.25,N/A,64.53,3.353,217.1650042,7.441,1743882.19,1837553.43,1737947.64,1743943.3533333328,1723428.3350000002,1765424.1491666667,10,42,4,2011,False,True,False,False,False,False,False,False,False,False,False,False,False,False,False,False,False,False,False,False,False,False,False,False,False,False,False,False,False,False,False,False,False,False,False,False,False,False,False,False,False,False,False,False,False,False,False,False,False,1769296.25
3,2011-02-04,438516.53,N/A,45.95,2.989,215.8863367,7.551,364866.24,350876.7,461622.22,365601.3466666667,410618.925,435890.3275000001,2,5,1,2011,False,False,True,False,False,False,False,False,False,False,False,False,False,False,False,False,False,False,False,False,False,False,False,False,False,False,False,False,False,False,False,False,False,False,False,False,False,False,False,False,False,False,False,False,False,False,False,False,False,430526.21
3,2011-02-11,430526.21,Super Bowl,43.57,3.022,216.2660913,7.551,438516.53,364866.24,420728.96,384753.15666666673,382706.61166666663,440213.7858333333,2,6,1,2011,False,False,True,False,False,False,False,False,False,False,False,False,False,False,False,False,False,False,False,False,False,False,False,False,False,False,False,False,False,False,False,False,False,False,False,False,False,False,False,False,False,False,False,False,False,False,False,False,True,432782.1
3,2011-02-18,432782.1,N/A,61.58,3.045,216.5843571,7.551,430526.21,438516.53,421642.19,411302.99333333335,390681.35333333333,445045.5266666666,2,7,1,2011,False,False,True,False,False,False,False,False,False,False,False,False,False,False,False,False,False,False,False,False,False,False,False,False,False,False,False,False,False,False,False,False,False,False,False,False,False,False,False,False,False,False,False,False,False,False,False,False,False,397211.19
3,2011-02-25,397211.19,N/A,67.4,3.065,216.8780275,7.551,432782.1,430526.21,407204.86,433941.61333333334,399771.48,433980.04833333334,2,8,1,2011,False,False,True,False,False,False,False,False,False,False,False,False,False,False,False,False,False,False,False,False,False,False,False,False,False,False,False,False,False,False,False,False,False,False,False,False,False,False,False,False,False,False,False,False,False,False,False,False,False,437084.51
3,2011-03-04,437084.51,N/A,65.11,3.288,217.1716979,7.551,397211.19,432782.1,415202.04,420173.1666666667,402463.1616666667,427379.25,3,9,1,2011,False,False,True,False,False,False,False,False,False,False,False,False,False,False,False,False,False,False,False,False,False,False,False,False,False,False,False,False,False,False,False,False,False,False,False,False,False,False,False,False,False,False,False,False,False,False,False,False,False,404753.3
3,2011-03-11,404753.3,N/A,61.29,3.459,217.4653683,7.551,437084.51,397211.19,384200.69,422359.26666666666,416831.12999999995,424832.79000000004,3,10,1,2011,False,False,True,False,False,False,False,False,False,False,False,False,False,False,False,False,False,False,False,False,False,False,False,False,False,False,False,False,False,False,False,False,False,False,False,False,False,False,False,False,False,False,False,False,False,False,False,False,False,392109.51
3,2011-03-18,392109.51,N/A,69.47,3.488,217.7235226,7.551,404753.3,437084.51,375328.59,413016.3333333333,423478.9733333334,417048.9491666667,3,11,1,2011,False,False,True,False,False,False,False,False,False,False,False,False,False,False,False,False,False,False,False,False,False,False,False,False,False,False,False,False,False,False,False,False,False,False,False,False,False,False,False,False,False,False,False,False,False,False,False,False,False,380683.67
3,2011-03-25,380683.67,N/A,72.94,3.473,217.9674705,7.551,392109.51,404753.3,359949.27,411315.7733333334,415744.47,399225.54083333333,3,12,1,2011,False,False,True,False,False,False,False,False,False,False,False,False,False,False,False,False,False,False,False,False,False,False,False,False,False,False,False,False,False,False,False,False,False,False,False,False,False,False,False,False,False,False,False,False,False,False,False,False,False,374556.08
3,2011-04-01,374556.08,N/A,68.76,3.524,218.2114184,7.574,380683.67,392109.51,423294.4,392515.49333333335,407437.37999999995,399059.3666666667,4,13,2,2011,False,False,True,False,False,False,False,False,False,False,False,False,False,False,False,False,False,False,False,False,False,False,False,False,False,False,False,False,False,False,False,False,False,False,False,False,False,False,False,False,False,False,False,False,False,False,False,False,False,384075.31
3,2011-04-08,384075.31,N/A,72.55,3.622,218.4553663,7.574,374556.08,380683.67,415870.28,382449.75333333336,397733.0433333334,398752.26166666666,4,14,2,2011,False,False,True,False,False,False,False,False,False,False,False,False,False,False,False,False,False,False,False,False,False,False,False,False,False,False,False,False,False,False,False,False,False,False,False,False,False,False,False,False,False,False,False,False,False,False,False,False,False,366250.69
3,2011-04-15,366250.69,N/A,75.88,3.743,218.6788642,7.574,384075.31,374556.08,354993.26,379771.6866666667,395543.73,399003.4458333333,4,15,2,2011,False,False,True,False,False,False,False,False,False,False,False,False,False,False,False,False,False,False,False,False,False,False,False,False,False,False,False,False,False,False,False,False,False,False,False,False,False,False,False,False,False,False,False,False,False,False,False,False,False,391860.04
3,2011-04-22,391860.04,N/A,76.91,3.807,218.851237,7.574,366250.69,384075.31,339976.65,374960.69333333336,383738.0933333333,400284.61166666663,4,16,2,2011,False,False,True,False,False,False,False,False,False,False,False,False,False,False,False,False,False,False,False,False,False,False,False,False,False,False,False,False,False,False,False,False,False,False,False,False,False,False,False,False,False,False,False,False,False,False,False,False,False,367405.4
3,2011-04-29,367405.4,N/A,78.69,3.81,219.0236099,7.574,391860.04,366250.69,361248.39,380728.68,381589.2166666666,402534.095,4,17,2,2011,False,False,True,False,False,False,False,False,False,False,False,False,False,False,False,False,False,False,False,False,False,False,False,False,False,False,False,False,False,False,False,False,False,False,False,False,False,False,False,False,False,False,False,False,False,False,False,False,False,413042.12
3,2011-05-06,413042.12,N/A,69.45,3.906,219.1959827,7.574,367405.4,391860.04,399323.86,375172.0433333333,377471.865,396608.16750000004,5,18,2,2011,False,False,True,False,False,False,False,False,False,False,False,False,False,False,False,False,False,False,False,False,False,False,False,False,False,False,False,False,False,False,False,False,False,False,False,False,False,False,False,False,False,False,False,False,False,False,False,False,False,386312.68
3,2011-05-13,386312.68,N/A,79.87,3.899,219.3683556,7.574,413042.12,367405.4,384357.94,390769.1866666667,382864.94,395151.16,5,19,2,2011,False,False,True,False,False,False,False,False,False,False,False,False,False,False,False,False,False,False,False,False,False,False,False,False,False,False,False,False,False,False,False,False,False,False,False,False,False,False,False,False,False,False,False,False,False,False,False,False,False,364603.13
3,2011-05-20,364603.13,N/A,75.79,3.907,219.127216,7.574,386312.68,413042.12,343763.17,388920.06666666665,384824.37333333335,391278.7083333333,5,20,2,2011,False,False,True,False,False,False,False,False,False,False,False,False,False,False,False,False,False,False,False,False,False,False,False,False,False,False,False,False,False,False,False,False,False,False,False,False,False,False,False,False,False,False,False,False,False,False,False,False,False,369350.6
3,2011-05-27,369350.6,N/A,84.41,3.786,218.8860765,7.574,364603.13,386312.68,350089.23,387985.9766666666,381579.01,388561.37000000005,5,21,2,2011,False,False,True,False,False,False,False,False,False,False,False,False,False,False,False,False,False,False,False,False,False,False,False,False,False,False,False,False,False,False,False,False,False,False,False,False,False,False,False,False,False,False,False,False,False,False,False,False,False,394507.84
3,2011-06-03,394507.84,N/A,84.29,3.699,218.6449369,7.574,369350.6,364603.13,396968.8,373422.13666666666,382095.6616666667,382916.87749999994,6,22,2,2011,False,False,True,False,False,False,False,False,False,False,False,False,False,False,False,False,False,False,False,False,False,False,False,False,False,False,False,False,False,False,False,False,False,False,False,False,False,False,False,False,False,False,False,False,False,False,False,False,False,391638.75
3,2011-06-10,391638.75,N/A,84.84,3.648,218.4037974,7.574,394507.84,369350.6,355017.09,376153.8566666667,382536.96166666667,382063.0891666667,6,23,2,2011,False,False,True,False,False,False,False,False,False,False,False,False,False,False,False,False,False,False,False,False,False,False,False,False,False,False,False,False,False,False,False,False,False,False,False,False,False,False,False,False,False,False,False,False,False,False,False,False,False,403423.34
3,2011-06-17,403423.34,N/A,86.96,3.637,218.3551748,7.574,391638.75,394507.84,364076.85,385165.73,386575.85333333333,382023.8591666667,6,24,2,2011,False,False,True,False,False,False,False,False,False,False,False,False,False,False,False,False,False,False,False,False,False,False,False,False,False,False,False,False,False,False,False,False,False,False,False,False,False,False,False,False,False,False,False,False,False,False,False,False,False,385520.71
3,2011-06-24,385520.71,N/A,84.94,3.594,218.45094,7.574,403423.34,391638.75,357346.48,396523.31000000006,384972.7233333333,383918.8316666667,6,25,2,2011,False,False,True,False,False,False,False,False,False,False,False,False,False,False,False,False,False,False,False,False,False,False,False,False,False,False,False,False,False,False,False,False,False,False,False,False,False,False,False,False,False,False,False,False,False,False,False,False,False,368962.72
3,2011-07-01,368962.72,N/A,85.1,3.524,218.5467052,7.567,385520.71,403423.34,381151.72,393527.60000000003,384840.72833333333,384832.55083333334,7,26,3,2011,False,False,True,False,False,False,False,False,False,False,False,False,False,False,False,False,False,False,False,False,False,False,False,False,False,False,False,False,False,False,False,False,False,False,False,False,False,False,False,False,False,False,False,False,False,False,False,False,False,395146.24
3,2011-07-08,395146.24,N/A,85.38,3.48,218.6424704,7.567,368962.72,385520.71,349214.18,385968.92333333334,385567.32666666666,383573.1683333334,7,27,3,2011,False,False,True,False,False,False,False,False,False,False,False,False,False,False,False,False,False,False,False,False,False,False,False,False,False,False,False,False,False,False,False,False,False,False,False,False,False,False,False,False,False,False,False,False,False,False,False,False,False,373454.33
3,2011-07-15,373454.33,N/A,87.14,3.575,218.7275216,7.567,395146.24,368962.72,352728.78,383209.88999999996,389866.60000000003,385981.13083333336,7,28,3,2011,False,False,True,False,False,False,False,False,False,False,False,False,False,False,False,False,False,False,False,False,False,False,False,False,False,False,False,False,False,False,False,False,False,False,False,False,False,False,False,False,False,False,False,False,False,False,False,False,False,360617.37
3,2011-07-22,360617.37,N/A,86.19,3.651,218.7857881,7.567,373454.33,395146.24,352864.49,379187.76333333337,386357.68166666664,384447.3216666667,7,29,3,2011,False,False,True,False,False,False,False,False,False,False,False,False,False,False,False,False,False,False,False,False,False,False,False,False,False,False,False,False,False,False,False,False,False,False,False,False,False,False,False,False,False,False,False,False,False,False,False,False,False,345381.29
3,2011-07-29,345381.29,N/A,88.07,3.682,218.8440545,7.567,360617.37,373454.33,347955.05,376405.98,381187.45166666666,383881.6525,7,30,3,2011,False,False,True,False,False,False,False,False,False,False,False,False,False,False,False,False,False,False,False,False,False,False,False,False,False,False,False,False,False,False,False,False,False,False,False,False,False,False,False,False,False,False,False,False,False,False,False,False,False,409981.25
3,2011-08-05,409981.25,N/A,88.45,3.684,218.9023209,7.567,345381.29,360617.37,402635.76,359817.66333333333,371513.7766666667,378243.25,8,31,3,2011,False,False,True,False,False,False,False,False,False,False,False,False,False,False,False,False,False,False,False,False,False,False,False,False,False,False,False,False,False,False,False,False,False,False,False,False,False,False,False,False,False,False,False,False,False,False,False,False,False,380376.85
3,2011-08-12,380376.85,N/A,88.88,3.638,218.9605873,7.567,409981.25,345381.29,339597.38,371993.3033333333,375590.5333333334,380215.63083333336,8,32,3,2011,False,False,True,False,False,False,False,False,False,False,False,False,False,False,False,False,False,False,False,False,False,False,False,False,False,False,False,False,False,False,False,False,False,False,False,False,False,False,False,False,False,False,False,False,False,False,False,False,False,379716.91
3,2011-08-19,379716.91,N/A,88.44,3.554,219.023271,7.567,380376.85,409981.25,351728.21,378579.7966666667,377492.88833333337,381530.1075,8,33,3,2011,False,False,True,False,False,False,False,False,False,False,False,False,False,False,False,False,False,False,False,False,False,False,False,False,False,False,False,False,False,False,False,False,False,False,False,False,False,False,False,False,False,False,False,False,False,False,False,False,False,366367.55
3,2011-08-26,366367.55,N/A,87.67,3.523,219.0866908,7.567,379716.91,380376.85,362134.09,390025.00333333336,374921.3333333333,382393.96666666673,8,34,3,2011,False,False,True,False,False,False,False,False,False,False,False,False,False,False,False,False,False,False,False,False,False,False,False,False,False,False,False,False,False,False,False,False,False,False,False,False,False,False,False,False,False,False,False,False,False,False,False,False,False,375988.69
3,2011-09-02,375988.69,N/A,89.12,3.533,219.1501106,7.567,366367.55,379716.91,366473.97,375487.10333333333,373740.2033333333,380048.94249999995,9,35,3,2011,False,False,True,False,False,False,False,False,False,False,False,False,False,False,False,False,False,False,False,False,False,False,False,False,False,False,False,False,False,False,False,False,False,False,False,False,False,False,False,False,False,False,False,False,False,False,False,False,False,377347.49
3,2011-09-09,377347.49,Labor Day,81.72,3.546,219.2135305,7.567,375988.69,366367.55,352260.97,374024.3833333333,376302.09,378744.7708333333,9,36,3,2011,False,False,True,False,False,False,False,False,False,False,False,False,False,False,False,False,False,False,False,False,False,False,False,False,False,False,False,False,False,False,False,False,False,False,False,False,False,False,False,False,False,False,False,False,False,False,False,True,False,375629.51
3,2011-09-16,375629.51,N/A,83.63,3.526,219.3972867,7.567,377347.49,375988.69,363064.64,373234.57666666666,381629.79,376571.7833333334,9,37,3,2011,False,False,True,False,False,False,False,False,False,False,False,False,False,False,False,False,False,False,False,False,False,False,False,False,False,False,False,False,False,False,False,False,False,False,False,False,False,False,False,False,False,False,False,False,False,False,False,False,False,365248.94
3,2011-09-23,365248.94,N/A,80.19,3.467,219.7414914,7.567,375629.51,377347.49,355626.87,376321.89666666667,375904.5,375747.51666666666,9,38,3,2011,False,False,True,False,False,False,False,False,False,False,False,False,False,False,False,False,False,False,False,False,False,False,False,False,False,False,False,False,False,False,False,False,False,False,False,False,False,False,False,False,False,False,False,False,False,False,False,False,False,368477.93
3,2011-09-30,368477.93,N/A,82.58,3.355,220.085696,7.567,365248.94,375629.51,358784.1,372741.98,373383.18166666664,375438.035,9,39,3,2011,False,False,True,False,False,False,False,False,False,False,False,False,False,False,False,False,False,False,False,False,False,False,False,False,False,False,False,False,False,False,False,False,False,False,False,False,False,False,False,False,False,False,False,False,False,False,False,False,False,403342.4
3,2011-10-07,403342.4,N/A,75.54,3.285,220.4299007,7.197,368477.93,365248.94,395107.35,369785.46,371510.0183333333,373215.6758333333,10,40,4,2011,False,False,True,False,False,False,False,False,False,False,False,False,False,False,False,False,False,False,False,False,False,False,False,False,False,False,False,False,False,False,False,False,False,False,False,False,False,False,False,False,False,False,False,False,False,False,False,False,False,368282.57
3,2011-10-14,368282.57,N/A,73.75,3.274,220.7486167,7.197,403342.4,368477.93,345584.39,379023.09,377672.49333333335,375706.3483333333,10,41,4,2011,False,False,True,False,False,False,False,False,False,False,False,False,False,False,False,False,False,False,False,False,False,False,False,False,False,False,False,False,False,False,False,False,False,False,False,False,False,False,False,False,False,False,False,False,False,False,False,False,False,394976.36
3,2011-10-21,394976.36,N/A,69.03,3.353,220.9144005,7.197,368282.57,403342.4,348895.98,380034.3,376388.13999999996,376345.115,10,42,4,2011,False,False,True,False,False,False,False,False,False,False,False,False,False,False,False,False,False,False,False,False,False,False,False,False,False,False,False,False,False,False,False,False,False,False,False,False,False,False,False,False,False,False,False,False,False,False,False,False,False,389540.62
4,2011-02-04,2119086.04,N/A,34.61,2.996,127.7195806,6.51,1814240.85,1886393.94,2135143.87,1855379.0833333333,2125032.6083333334,2231863.410833333,2,5,1,2011,False,False,False,True,False,False,False,False,False,False,False,False,False,False,False,False,False,False,False,False,False,False,False,False,False,False,False,False,False,False,False,False,False,False,False,False,False,False,False,False,False,False,False,False,False,False,False,False,False,2187847.29
4,2011-02-11,2187847.29,Super Bowl,33.29,3.033,127.859129,6.51,2119086.04,1814240.85,2188307.39,1939906.9433333334,1890428.05,2241804.3925,2,6,1,2011,False,False,False,True,False,False,False,False,False,False,False,False,False,False,False,False,False,False,False,False,False,False,False,False,False,False,False,False,False,False,False,False,False,False,False,False,False,False,False,False,False,False,False,False,False,False,False,False,True,2316495.56
4,2011-02-18,2316495.56,N/A,48.17,3.058,127.99525,6.51,2187847.29,2119086.04,2049860.26,2040391.3933333333,1955924.4750000003,2249307.55,2,7,1,2011,False,False,False,True,False,False,False,False,False,False,False,False,False,False,False,False,False,False,False,False,False,False,False,False,False,False,False,False,False,False,False,False,False,False,False,False,False,False,False,False,False,False,False,False,False,False,False,False,False,2078094.69
4,2011-02-25,2078094.69,N/A,49.0,3.087,128.13,6.51,2316495.56,2187847.29,1925728.84,2207809.6300000004,2031594.3566666665,2209893.0591666666,2,8,1,2011,False,False,False,True,False,False,False,False,False,False,False,False,False,False,False,False,False,False,False,False,False,False,False,False,False,False,False,False,False,False,False,False,False,False,False,False,False,False,False,False,False,False,False,False,False,False,False,False,False,2103455.75
4,2011-03-04,2103455.75,N/A,46.56,3.305,128.26475,6.51,2078094.69,2316495.56,1971057.44,2194145.8466666667,2067026.3950000003,2207856.7691666665,3,9,1,2011,False,False,False,True,False,False,False,False,False,False,False,False,False,False,False,False,False,False,False,False,False,False,False,False,False,False,False,False,False,False,False,False,False,False,False,False,False,False,False,False,False,False,False,False,False,False,False,False,False,2039818.41
4,2011-03-11,2039818.41,N/A,50.93,3.461,128.3995,6.51,2103455.75,2078094.69,1894324.09,2166015.3333333335,2103203.3633333333,2191269.3433333333,3,10,1,2011,False,False,False,True,False,False,False,False,False,False,False,False,False,False,False,False,False,False,False,False,False,False,False,False,False,False,False,False,False,False,False,False,False,False,False,False,False,False,False,False,False,False,False,False,False,False,False,False,False,2116475.38
4,2011-03-18,2116475.38,N/A,51.86,3.495,128.5121935,6.51,2039818.41,2103455.75,1897429.36,2073789.6166666665,2140799.623333333,2132916.115833333,3,11,1,2011,False,False,False,True,False,False,False,False,False,False,False,False,False,False,False,False,False,False,False,False,False,False,False,False,False,False,False,False,False,False,False,False,False,False,False,False,False,False,False,False,False,False,False,False,False,False,False,False,False,1944164.32
4,2011-03-25,1944164.32,N/A,59.1,3.48,128.6160645,6.51,2116475.38,2039818.41,1762539.3,2086583.1799999997,2140364.513333333,2015396.281666667,3,12,1,2011,False,False,False,True,False,False,False,False,False,False,False,False,False,False,False,False,False,False,False,False,False,False,False,False,False,False,False,False,False,False,False,False,False,False,False,False,False,False,False,False,False,False,False,False,False,False,False,False,False,1900246.47
4,2011-04-01,1900246.47,N/A,56.99,3.521,128.7199355,5.946,1944164.32,2116475.38,1979247.12,2033486.0366666664,2099750.685,2027837.5799999998,4,13,2,2011,False,False,False,True,False,False,False,False,False,False,False,False,False,False,False,False,False,False,False,False,False,False,False,False,False,False,False,False,False,False,False,False,False,False,False,False,False,False,False,False,False,False,False,False,False,False,False,False,False,2074953.46
4,2011-04-08,2074953.46,N/A,62.61,3.605,128.8238065,5.946,1900246.47,1944164.32,1818452.72,1986962.0566666666,2030375.8366666667,2030985.0966666667,4,14,2,2011,False,False,False,True,False,False,False,False,False,False,False,False,False,False,False,False,False,False,False,False,False,False,False,False,False,False,False,False,False,False,False,False,False,False,False,False,False,False,False,False,False,False,False,False,False,False,False,False,False,1960587.76
4,2011-04-15,1960587.76,N/A,62.34,3.724,128.9107333,5.946,2074953.46,1900246.47,1851519.69,1973121.4166666667,2029852.298333333,2048439.3466666664,4,15,2,2011,False,False,False,True,False,False,False,False,False,False,False,False,False,False,False,False,False,False,False,False,False,False,False,False,False,False,False,False,False,False,False,False,False,False,False,False,False,False,False,False,False,False,False,False,False,False,False,False,False,2220600.76
4,2011-04-22,2220600.76,N/A,68.8,3.781,128.9553,5.946,1960587.76,2074953.46,1802677.9,1978595.8966666665,2006040.9666666666,2054622.165,4,16,2,2011,False,False,False,True,False,False,False,False,False,False,False,False,False,False,False,False,False,False,False,False,False,False,False,False,False,False,False,False,False,False,False,False,False,False,False,False,False,False,False,False,False,False,False,False,False,False,False,False,False,1878167.44
4,2011-04-29,1878167.44,N/A,64.22,3.781,128.9998667,5.946,2220600.76,1960587.76,1817273.28,2085380.66,2036171.3583333334,2088485.4908333335,4,17,2,2011,False,False,False,True,False,False,False,False,False,False,False,False,False,False,False,False,False,False,False,False,False,False,False,False,False,False,False,False,False,False,False,False,False,False,False,False,False,False,False,False,False,False,False,False,False,False,False,False,False,2063682.76
4,2011-05-06,2063682.76,N/A,63.41,3.866,129.0444333,5.946,1878167.44,2220600.76,2000626.14,2019785.3199999996,1996453.3683333332,2068408.9408333332,5,18,2,2011,False,False,False,True,False,False,False,False,False,False,False,False,False,False,False,False,False,False,False,False,False,False,False,False,False,False,False,False,False,False,False,False,False,False,False,False,False,False,False,False,False,False,False,False,False,False,False,False,False,2002362.37
4,2011-05-13,2002362.37,N/A,70.65,3.872,129.089,5.946,2063682.76,1878167.44,1875597.28,2054150.32,2016373.1083333332,2058061.8966666667,5,19,2,2011,False,False,False,True,False,False,False,False,False,False,False,False,False,False,False,False,False,False,False,False,False,False,False,False,False,False,False,False,False,False,False,False,False,False,False,False,False,False,False,False,False,False,False,False,False,False,False,False,False,2015563.48
4,2011-05-20,2015563.48,N/A,70.49,3.881,129.0756774,5.946,2002362.37,2063682.76,1903752.6,1981404.1900000002,2033392.425,2031884.1308333331,5,20,2,2011,False,False,False,True,False,False,False,False,False,False,False,False,False,False,False,False,False,False,False,False,False,False,False,False,False,False,False,False,False,False,False,False,False,False,False,False,False,False,False,False,False,False,False,False,False,False,False,False,False,1986597.95
4,2011-05-27,1986597.95,N/A,73.65,3.771,129.0623548,5.946,2015563.48,2002362.37,1857533.7,2027202.87,2023494.095,2026673.1966666665,5,21,2,2011,False,False,False,True,False,False,False,False,False,False,False,False,False,False,False,False,False,False,False,False,False,False,False,False,False,False,False,False,False,False,False,False,False,False,False,False,False,False,False,False,False,False,False,False,False,False,False,False,False,2065377.15
4,2011-06-03,2065377.15,N/A,78.26,3.683,129.0490323,5.946,1986597.95,2015563.48,1903290.58,2001507.9333333336,2027829.1266666667,2016935.0466666669,6,22,2,2011,False,False,False,True,False,False,False,False,False,False,False,False,False,False,False,False,False,False,False,False,False,False,False,False,False,False,False,False,False,False,False,False,False,False,False,False,False,False,False,False,False,False,False,False,False,False,False,False,False,2073951.38
4,2011-06-10,2073951.38,N/A,80.05,3.64,129.0357097,5.946,2065377.15,1986597.95,1870619.23,2022512.86,2001958.5250000001,2019064.9416666667,6,23,2,2011,False,False,False,True,False,False,False,False,False,False,False,False,False,False,False,False,False,False,False,False,False,False,False,False,False,False,False,False,False,False,False,False,False,False,False,False,False,False,False,False,False,False,False,False,False,False,False,False,False,2141210.62
4,2011-06-17,2141210.62,N/A,83.51,3.618,129.0432,5.946,2073951.38,2065377.15,1929736.35,2041975.4933333332,2034589.1816666666,2015521.2750000001,6,24,2,2011,False,False,False,True,False,False,False,False,False,False,False,False,False,False,False,False,False,False,False,False,False,False,False,False,False,False,False,False,False,False,False,False,False,False,False,False,False,False,False,False,False,False,False,False,False,False,False,False,False,2008344.92
4,2011-06-24,2008344.92,N/A,81.85,3.57,129.0663,5.946,2141210.62,2073951.38,1846651.95,2093513.05,2047510.491666667,2031941.8,6,25,2,2011,False,False,False,True,False,False,False,False,False,False,False,False,False,False,False,False,False,False,False,False,False,False,False,False,False,False,False,False,False,False,False,False,False,False,False,False,False,False,False,False,False,False,False,False,False,False,False,False,False,2051533.53
4,2011-07-01,2051533.53,N/A,84.54,3.504,129.0894,5.644,2008344.92,2141210.62,1881337.21,2074502.3066666666,2048507.5833333333,2040950.0041666664,7,26,3,2011,False,False,False,True,False,False,False,False,False,False,False,False,False,False,False,False,False,False,False,False,False,False,False,False,False,False,False,False,False,False,False,False,False,False,False,False,False,False,False,False,False,False,False,False,False,False,False,False,False,2066541.86
4,2011-07-08,2066541.86,N/A,84.59,3.469,129.1125,5.644,2051533.53,2008344.92,1812208.22,2067029.6900000002,2054502.5916666666,2038998.343333333,7,27,3,2011,False,False,False,True,False,False,False,False,False,False,False,False,False,False,False,False,False,False,False,False,False,False,False,False,False,False,False,False,False,False,False,False,False,False,False,False,False,False,False,False,False,False,False,False,False,False,False,False,False,2049046.95
4,2011-07-15,2049046.95,N/A,83.27,3.563,129.1338387,5.644,2066541.86,2051533.53,1898427.66,2042140.1033333335,2067826.576666667,2047827.8516666666,7,28,3,2011,False,False,False,True,False,False,False,False,False,False,False,False,False,False,False,False,False,False,False,False,False,False,False,False,False,False,False,False,False,False,False,False,False,False,False,False,False,False,False,False,False,False,False,False,False,False,False,False,False,2036231.39
4,2011-07-22,2036231.39,N/A,82.84,3.627,129.1507742,5.644,2049046.95,2066541.86,1848426.78,2055707.4466666665,2065104.8766666667,2033531.7008333334,7,29,3,2011,False,False,False,True,False,False,False,False,False,False,False,False,False,False,False,False,False,False,False,False,False,False,False,False,False,False,False,False,False,False,False,False,False,False,False,False,False,False,False,False,False,False,False,False,False,False,False,False,False,1989674.07
4,2011-07-29,1989674.07,N/A,84.36,3.659,129.1677097,5.644,2036231.39,2049046.95,1796637.61,2050606.7333333332,2058818.2116666667,2046703.6966666665,7,30,3,2011,False,False,False,True,False,False,False,False,False,False,False,False,False,False,False,False,False,False,False,False,False,False,False,False,False,False,False,False,False,False,False,False,False,False,False,False,False,False,False,False,False,False,False,False,False,False,False,False,False,2160057.39
4,2011-08-05,2160057.39,N/A,86.09,3.662,129.1846452,5.644,1989674.07,2036231.39,1907638.58,2024984.1366666667,2033562.1199999999,2040536.3058333332,8,31,3,2011,False,False,False,True,False,False,False,False,False,False,False,False,False,False,False,False,False,False,False,False,False,False,False,False,False,False,False,False,False,False,False,False,False,False,False,False,False,False,False,False,False,False,False,False,False,False,False,False,False,2105668.74
4,2011-08-12,2105668.74,N/A,82.98,3.617,129.2015806,5.644,2160057.39,1989674.07,2007050.75,2061987.6166666665,2058847.5316666665,2053677.5575,8,32,3,2011,False,False,False,True,False,False,False,False,False,False,False,False,False,False,False,False,False,False,False,False,False,False,False,False,False,False,False,False,False,False,False,False,False,False,False,False,False,False,False,False,False,False,False,False,False,False,False,False,False,2232892.1
4,2011-08-19,2232892.1,N/A,82.77,3.55,129.2405806,5.644,2105668.74,2160057.39,1997181.09,2085133.4000000001,2067870.0666666667,2061186.3291666668,8,33,3,2011,False,False,False,True,False,False,False,False,False,False,False,False,False,False,False,False,False,False,False,False,False,False,False,False,False,False,False,False,False,False,False,False,False,False,False,False,False,False,False,False,False,False,False,False,False,False,False,False,False,1988490.21
4,2011-08-26,1988490.21,N/A,81.47,3.523,129.2832581,5.644,2232892.1,2105668.74,1848403.92,2166206.0766666667,2095595.1066666665,2081710.8416666666,8,34,3,2011,False,False,False,True,False,False,False,False,False,False,False,False,False,False,False,False,False,False,False,False,False,False,False,False,False,False,False,False,False,False,False,False,False,False,False,False,False,False,False,False,False,False,False,False,False,False,False,False,False,2078420.31
4,2011-09-02,2078420.31,N/A,77.99,3.533,129.3259355,5.644,1988490.21,2232892.1,1935857.58,2109017.016666667,2085502.3166666667,2075303.5966666667,9,35,3,2011,False,False,False,True,False,False,False,False,False,False,False,False,False,False,False,False,False,False,False,False,False,False,False,False,False,False,False,False,False,False,False,False,False,False,False,False,False,False,False,False,False,False,False,False,False,False,False,False,False,2093139.01
4,2011-09-09,2093139.01,Labor Day,73.34,3.554,129.3686129,5.644,2078420.31,1988490.21,1865820.81,2099934.2066666665,2092533.8033333335,2075676.0075,9,36,3,2011,False,False,False,True,False,False,False,False,False,False,False,False,False,False,False,False,False,False,False,False,False,False,False,False,False,False,False,False,False,False,False,False,False,False,False,False,False,False,False,False,False,False,False,False,False,False,False,True,False,2075577.33
4,2011-09-16,2075577.33,N/A,72.76,3.532,129.4306,5.644,2093139.01,2078420.31,1899959.61,2053349.8433333335,2109777.9600000004,2071670.04,9,37,3,2011,False,False,False,True,False,False,False,False,False,False,False,False,False,False,False,False,False,False,False,False,False,False,False,False,False,False,False,False,False,False,False,False,False,False,False,False,False,False,False,False,False,False,False,False,False,False,False,False,False,2031406.41
4,2011-09-23,2031406.41,N/A,69.23,3.473,129.5183333,5.644,2075577.33,2093139.01,1810684.68,2082378.8833333335,2095697.9500000002,2077272.7408333335,9,38,3,2011,False,False,False,True,False,False,False,False,False,False,False,False,False,False,False,False,False,False,False,False,False,False,False,False,False,False,False,False,False,False,False,False,False,False,False,False,False,False,False,False,False,False,False,False,False,False,False,False,False,1929486.63
4,2011-09-30,1929486.63,N/A,72.15,3.371,129.6060667,5.644,2031406.41,2075577.33,1842821.02,2066707.5833333333,2083320.8950000003,2075595.4808333332,9,39,3,2011,False,False,False,True,False,False,False,False,False,False,False,False,False,False,False,False,False,False,False,False,False,False,False,False,False,False,False,False,False,False,False,False,False,False,False,False,False,False,False,False,False,False,False,False,False,False,False,False,False,2166737.65
4,2011-10-07,2166737.65,N/A,65.79,3.299,129.6938,5.143,1929486.63,2031406.41,1951494.85,2012156.79,2032753.3166666667,2064174.2116666667,10,40,4,2011,False,False,False,True,False,False,False,False,False,False,False,False,False,False,False,False,False,False,False,False,False,False,False,False,False,False,False,False,False,False,False,False,False,False,False,False,False,False,False,False,False,False,False,False,False,False,False,False,False,2074548.85
4,2011-10-14,2074548.85,N/A,63.75,3.283,129.7706452,5.143,2166737.65,1929486.63,1867345.09,2042543.5633333332,2062461.2233333334,2073981.7700000003,10,41,4,2011,False,False,False,True,False,False,False,False,False,False,False,False,False,False,False,False,False,False,False,False,False,False,False,False,False,False,False,False,False,False,False,False,False,False,False,False,False,False,False,False,False,False,False,False,False,False,False,False,False,2207742.13
4,2011-10-21,2207742.13,N/A,64.79,3.361,129.7821613,5.143,2074548.85,2166737.65,1927610.06,2056924.3766666667,2061815.9800000002,2077174.8916666668,10,42,4,2011,False,False,False,True,False,False,False,False,False,False,False,False,False,False,False,False,False,False,False,False,False,False,False,False,False,False,False,False,False,False,False,False,False,False,False,False,False,False,False,False,False,False,False,False,False,False,False,False,False,2151659.59
5,2011-02-04,329613.2,N/A,41.67,2.989,213.1229755,6.634,279088.39,275313.34,317173.1,271679.48000000004,310929.355,334854.54250000004,2,5,1,2011,False,False,False,False,True,False,False,False,False,False,False,False,False,False,False,False,False,False,False,False,False,False,False,False,False,False,False,False,False,False,False,False,False,False,False,False,False,False,False,False,False,False,False,False,False,False,False,False,False,311590.54
5,2011-02-11,311590.54,Super Bowl,38.25,3.022,213.4944627,6.634,329613.2,279088.39,311825.7,294671.64333333337,288196.51333333337,337170.0291666667,2,6,1,2011,False,False,False,False,True,False,False,False,False,False,False,False,False,False,False,False,False,False,False,False,False,False,False,False,False,False,False,False,False,False,False,False,False,False,False,False,False,False,False,False,False,False,False,False,False,False,False,False,True,356622.61
5,2011-02-18,356622.61,N/A,58.83,3.045,213.8068304,6.634,311590.54,329613.2,303447.57,306764.04333333333,290431.5733333333,338353.84,2,7,1,2011,False,False,False,False,True,False,False,False,False,False,False,False,False,False,False,False,False,False,False,False,False,False,False,False,False,False,False,False,False,False,False,False,False,False,False,False,False,False,False,False,False,False,False,False,False,False,False,False,False,294659.5
5,2011-02-25,294659.5,N/A,63.35,3.065,214.0955503,6.634,356622.61,311590.54,270281.63,332608.7833333333,302144.13166666665,327375.50666666665,2,8,1,2011,False,False,False,False,True,False,False,False,False,False,False,False,False,False,False,False,False,False,False,False,False,False,False,False,False,False,False,False,False,False,False,False,False,False,False,False,False,False,False,False,False,False,False,False,False,False,False,False,False,329033.66
5,2011-03-04,329033.66,N/A,60.35,3.288,214.3842702,6.634,294659.5,356622.61,288855.71,320957.55,307814.5966666667,323222.89166666666,3,9,1,2011,False,False,False,False,True,False,False,False,False,False,False,False,False,False,False,False,False,False,False,False,False,False,False,False,False,False,False,False,False,False,False,False,False,False,False,False,False,False,False,False,False,False,False,False,False,False,False,False,False,293098.1
5,2011-03-11,293098.1,N/A,55.74,3.459,214.6729901,6.634,329033.66,294659.5,297293.59,326771.92333333334,316767.98333333334,321241.4025,3,10,1,2011,False,False,False,False,True,False,False,False,False,False,False,False,False,False,False,False,False,False,False,False,False,False,False,False,False,False,False,False,False,False,False,False,False,False,False,False,False,False,False,False,False,False,False,False,False,False,False,False,False,312177.67
5,2011-03-18,312177.67,N/A,64.31,3.488,214.9257339,6.634,293098.1,329033.66,281706.41,305597.08666666667,319102.935,315016.145,3,11,1,2011,False,False,False,False,True,False,False,False,False,False,False,False,False,False,False,False,False,False,False,False,False,False,False,False,False,False,False,False,False,False,False,False,False,False,False,False,False,False,False,False,False,False,False,False,False,False,False,False,False,294732.5
5,2011-03-25,294732.5,N/A,70.71,3.473,215.1640872,6.634,312177.67,293098.1,273282.97,311436.4766666666,316197.0133333333,302196.76333333337,3,12,1,2011,False,False,False,False,True,False,False,False,False,False,False,False,False,False,False,False,False,False,False,False,False,False,False,False,False,False,False,False,False,False,False,False,False,False,False,False,False,False,False,False,False,False,False,False,False,False,False,False,False,314316.55
5,2011-04-01,314316.55,N/A,61.5,3.524,215.4024406,6.489,294732.5,312177.67,331406.0,300002.75666666665,313387.34,301909.45666666667,4,13,2,2011,False,False,False,False,True,False,False,False,False,False,False,False,False,False,False,False,False,False,False,False,False,False,False,False,False,False,False,False,False,False,False,False,False,False,False,False,False,False,False,False,False,False,False,False,False,False,False,False,False,307333.62
5,2011-04-08,307333.62,N/A,69.64,3.622,215.6407939,6.489,314316.55,294732.5,328020.49,307075.5733333333,306336.33,304240.2308333333,4,14,2,2011,False,False,False,False,True,False,False,False,False,False,False,False,False,False,False,False,False,False,False,False,False,False,False,False,False,False,False,False,False,False,False,False,False,False,False,False,False,False,False,False,False,False,False,False,False,False,False,False,False,307913.58
5,2011-04-15,307913.58,N/A,72.02,3.743,215.8592673,6.489,307333.62,314316.55,306858.69,305460.88999999996,308448.6833333333,308131.63999999996,4,15,2,2011,False,False,False,False,True,False,False,False,False,False,False,False,False,False,False,False,False,False,False,False,False,False,False,False,False,False,False,False,False,False,False,False,False,False,False,False,False,False,False,False,False,False,False,False,False,False,False,False,False,328415.44
5,2011-04-22,328415.44,N/A,74.34,3.807,216.0280407,6.489,307913.58,307333.62,288839.73,309854.5833333333,304928.67,310848.32666666666,4,16,2,2011,False,False,False,False,True,False,False,False,False,False,False,False,False,False,False,False,False,False,False,False,False,False,False,False,False,False,False,False,False,False,False,False,False,False,False,False,False,False,False,False,False,False,False,False,False,False,False,False,False,307291.56
5,2011-04-29,307291.56,N/A,74.75,3.81,216.1968142,6.489,328415.44,307913.58,298697.84,314554.2133333333,310814.8933333333,314958.9141666666,4,17,2,2011,False,False,False,False,True,False,False,False,False,False,False,False,False,False,False,False,False,False,False,False,False,False,False,False,False,False,False,False,False,False,False,False,False,False,False,False,False,False,False,False,False,False,False,False,False,False,False,False,False,322904.68
5,2011-05-06,322904.68,N/A,66.27,3.906,216.3655877,6.489,307291.56,328415.44,333522.6,314540.19333333336,310000.5416666667,313098.7775,5,18,2,2011,False,False,False,False,True,False,False,False,False,False,False,False,False,False,False,False,False,False,False,False,False,False,False,False,False,False,False,False,False,False,False,False,False,False,False,False,False,False,False,False,False,False,False,False,False,False,False,False,False,290930.01
5,2011-05-13,290930.01,N/A,77.38,3.899,216.5343611,6.489,322904.68,307291.56,296673.77,319537.2266666666,314695.90499999997,314041.6225,5,19,2,2011,False,False,False,False,True,False,False,False,False,False,False,False,False,False,False,False,False,False,False,False,False,False,False,False,False,False,False,False,False,False,False,False,False,False,False,False,False,False,False,False,False,False,False,False,False,False,False,False,False,299614.33
5,2011-05-20,299614.33,N/A,71.37,3.907,216.3023847,6.489,290930.01,322904.68,301615.49,307042.0833333333,310798.1483333333,308567.2391666667,5,20,2,2011,False,False,False,False,True,False,False,False,False,False,False,False,False,False,False,False,False,False,False,False,False,False,False,False,False,False,False,False,False,False,False,False,False,False,False,False,False,False,False,False,False,False,False,False,False,False,False,False,False,297149.69
5,2011-05-27,297149.69,N/A,80.14,3.786,216.0704083,6.489,299614.33,290930.01,310013.11,304483.00666666665,309511.60000000003,308980.14166666666,5,21,2,2011,False,False,False,False,True,False,False,False,False,False,False,False,False,False,False,False,False,False,False,False,False,False,False,False,False,False,False,False,False,False,False,False,False,False,False,False,False,False,False,False,False,False,False,False,False,False,False,False,False,329183.92
5,2011-06-03,329183.92,N/A,83.81,3.699,215.8384319,6.489,297149.69,299614.33,337825.89,295898.01,307717.61833333335,306323.14416666667,6,22,2,2011,False,False,False,False,True,False,False,False,False,False,False,False,False,False,False,False,False,False,False,False,False,False,False,False,False,False,False,False,False,False,False,False,False,False,False,False,False,False,False,False,False,False,False,False,False,False,False,False,False,304984.14
5,2011-06-10,304984.14,N/A,83.61,3.648,215.6064555,6.489,329183.92,297149.69,296641.91,308649.31333333335,307845.6983333333,309330.29583333334,6,23,2,2011,False,False,False,False,True,False,False,False,False,False,False,False,False,False,False,False,False,False,False,False,False,False,False,False,False,False,False,False,False,False,False,False,False,False,False,False,False,False,False,False,False,False,False,False,False,False,False,False,False,304811.82
5,2011-06-17,304811.82,N/A,86.84,3.637,215.560463,6.489,304984.14,329183.92,313795.6,310439.25,307461.12833333336,308730.835,6,24,2,2011,False,False,False,False,True,False,False,False,False,False,False,False,False,False,False,False,False,False,False,False,False,False,False,False,False,False,False,False,False,False,False,False,False,False,False,False,False,False,False,False,False,False,False,False,False,False,False,False,False,302881.64
5,2011-06-24,302881.64,N/A,84.76,3.594,215.6539583,6.489,304811.82,304984.14,295257.3,312993.2933333334,304445.6516666667,309570.7783333333,6,25,2,2011,False,False,False,False,True,False,False,False,False,False,False,False,False,False,False,False,False,False,False,False,False,False,False,False,False,False,False,False,False,False,False,False,False,False,False,False,False,False,False,False,False,False,False,False,False,False,False,False,False,327093.89
5,2011-07-01,327093.89,N/A,85.81,3.524,215.7474537,6.529,302881.64,304811.82,305993.27,304225.8666666667,306437.59,308617.8691666667,7,26,3,2011,False,False,False,False,True,False,False,False,False,False,False,False,False,False,False,False,False,False,False,False,False,False,False,False,False,False,False,False,False,False,False,False,False,False,False,False,False,False,False,False,False,False,False,False,False,False,False,False,False,310804.93
5,2011-07-08,310804.93,N/A,86.64,3.48,215.8409491,6.529,327093.89,302881.64,291808.87,311595.7833333334,311017.51666666666,310264.55833333335,7,27,3,2011,False,False,False,False,True,False,False,False,False,False,False,False,False,False,False,False,False,False,False,False,False,False,False,False,False,False,False,False,False,False,False,False,False,False,False,False,False,False,False,False,False,False,False,False,False,False,False,False,False,283248.62
5,2011-07-15,283248.62,N/A,88.64,3.575,215.9250696,6.529,310804.93,327093.89,280701.7,313593.48666666663,313293.39,310505.50416666665,7,28,3,2011,False,False,False,False,True,False,False,False,False,False,False,False,False,False,False,False,False,False,False,False,False,False,False,False,False,False,False,False,False,False,False,False,False,False,False,False,False,False,False,False,False,False,False,False,False,False,False,False,False,292539.73
5,2011-07-22,292539.73,N/A,86.97,3.651,215.985753,6.529,283248.62,310804.93,274742.63,307049.14666666667,305637.50666666665,306741.6025,7,29,3,2011,False,False,False,False,True,False,False,False,False,False,False,False,False,False,False,False,False,False,False,False,False,False,False,False,False,False,False,False,False,False,False,False,False,False,False,False,False,False,False,False,False,False,False,False,False,False,False,False,False,275142.17
5,2011-07-29,275142.17,N/A,89.42,3.682,216.0464364,6.529,292539.73,283248.62,268929.03,295531.0933333333,303563.4383333333,305512.2833333333,7,30,3,2011,False,False,False,False,True,False,False,False,False,False,False,False,False,False,False,False,False,False,False,False,False,False,False,False,False,False,False,False,False,False,False,False,False,False,False,False,False,False,False,False,False,False,False,False,False,False,False,False,False,317738.56
5,2011-08-05,317738.56,N/A,91.07,3.684,216.1071198,6.529,275142.17,292539.73,303043.02,283643.50666666665,298618.49666666664,301532.07416666666,8,31,3,2011,False,False,False,False,True,False,False,False,False,False,False,False,False,False,False,False,False,False,False,False,False,False,False,False,False,False,False,False,False,False,False,False,False,False,False,False,False,False,False,False,False,False,False,False,False,False,False,False,False,289886.16
5,2011-08-12,289886.16,N/A,90.16,3.638,216.1678032,6.529,317738.56,275142.17,286477.35,295140.1533333333,301094.64999999997,303766.12,8,32,3,2011,False,False,False,False,True,False,False,False,False,False,False,False,False,False,False,False,False,False,False,False,False,False,False,False,False,False,False,False,False,False,False,False,False,False,False,False,False,False,False,False,False,False,False,False,False,False,False,False,False,303643.84
5,2011-08-19,303643.84,N/A,89.35,3.554,216.2311855,6.529,289886.16,317738.56,287205.38,294255.62999999995,294893.36166666663,302955.43916666665,8,33,3,2011,False,False,False,False,True,False,False,False,False,False,False,False,False,False,False,False,False,False,False,False,False,False,False,False,False,False,False,False,False,False,False,False,False,False,False,False,False,False,False,False,False,False,False,False,False,False,False,False,False,310338.17
5,2011-08-26,310338.17,N/A,89.18,3.523,216.2950176,6.529,303643.84,289886.16,288519.75,303756.1866666667,293699.8466666667,303496.61833333335,8,34,3,2011,False,False,False,False,True,False,False,False,False,False,False,False,False,False,False,False,False,False,False,False,False,False,False,False,False,False,False,False,False,False,False,False,False,False,False,False,False,False,False,False,False,False,False,False,False,False,False,False,False,315645.53
5,2011-09-02,315645.53,N/A,90.38,3.533,216.3588498,6.529,310338.17,303643.84,323798.0,301289.38999999996,298214.77166666667,301926.13916666666,9,35,3,2011,False,False,False,False,True,False,False,False,False,False,False,False,False,False,False,False,False,False,False,False,False,False,False,False,False,False,False,False,False,False,False,False,False,False,False,False,False,False,False,False,False,False,False,False,False,False,False,False,False,321110.22
5,2011-09-09,321110.22,Labor Day,79.04,3.546,216.4226819,6.529,315645.53,310338.17,306533.08,309875.8466666667,302065.73833333334,302814.5883333333,9,36,3,2011,False,False,False,False,True,False,False,False,False,False,False,False,False,False,False,False,False,False,False,False,False,False,False,False,False,False,False,False,False,False,False,False,False,False,False,False,False,False,False,False,False,False,False,False,False,False,False,True,False,278529.71
5,2011-09-16,278529.71,N/A,83.55,3.526,216.6033083,6.529,321110.22,315645.53,282558.65,315697.9733333333,309727.08,304172.78833333333,9,37,3,2011,False,False,False,False,True,False,False,False,False,False,False,False,False,False,False,False,False,False,False,False,False,False,False,False,False,False,False,False,False,False,False,False,False,False,False,False,False,False,False,False,False,False,False,False,False,False,False,False,False,291024.98
5,2011-09-23,291024.98,N/A,78.01,3.467,216.9396605,6.529,278529.71,321110.22,293131.58,305095.1533333334,303192.27166666667,302143.4608333334,9,38,3,2011,False,False,False,False,True,False,False,False,False,False,False,False,False,False,False,False,False,False,False,False,False,False,False,False,False,False,False,False,False,False,False,False,False,False,False,False,False,False,False,False,False,False,False,False,False,False,False,False,False,292315.38
5,2011-09-30,292315.38,N/A,81.16,3.355,217.2760127,6.529,291024.98,278529.71,283178.12,296888.3033333333,303382.075,299137.7183333333,9,39,3,2011,False,False,False,False,True,False,False,False,False,False,False,False,False,False,False,False,False,False,False,False,False,False,False,False,False,False,False,False,False,False,False,False,False,False,False,False,False,False,False,False,False,False,False,False,False,False,False,False,False,309111.47
5,2011-10-07,309111.47,N/A,71.64,3.285,217.6123648,6.3,292315.38,291024.98,290494.85,287290.0233333333,301493.9983333333,297596.92250000004,10,40,4,2011,False,False,False,False,True,False,False,False,False,False,False,False,False,False,False,False,False,False,False,False,False,False,False,False,False,False,False,False,False,False,False,False,False,False,False,False,False,False,False,False,False,False,False,False,False,False,False,False,False,286117.72
5,2011-10-14,286117.72,N/A,72.36,3.274,217.9237458,6.3,309111.47,292315.38,280681.2,297483.9433333333,301289.54833333334,299752.16,10,41,4,2011,False,False,False,False,True,False,False,False,False,False,False,False,False,False,False,False,False,False,False,False,False,False,False,False,False,False,False,False,False,False,False,False,False,False,False,False,False,False,False,False,False,False,False,False,False,False,False,False,False,306069.18
5,2011-10-21,306069.18,N/A,66.9,3.353,218.0852999,6.3,286117.72,309111.47,284988.27,295848.19,296368.24666666664,299216.9925,10,42,4,2011,False,False,False,False,True,False,False,False,False,False,False,False,False,False,False,False,False,False,False,False,False,False,False,False,False,False,False,False,False,False,False,False,False,False,False,False,False,False,False,False,False,False,False,False,False,False,False,False,False,307035.11
6,2011-02-04,1514999.17,N/A,40.59,2.989,214.0887176,6.858,1287034.7,1261253.18,1652635.1,1284827.4766666668,1566091.5516666668,1690037.7825,2,5,1,2011,False,False,False,False,False,True,False,False,False,False,False,False,False,False,False,False,False,False,False,False,False,False,False,False,False,False,False,False,False,False,False,False,False,False,False,False,False,False,False,False,False,False,False,False,False,False,False,False,False,1486920.17
6,2011-02-11,1486920.17,Super Bowl,39.38,3.022,214.4630941,6.858,1514999.17,1287034.7,1606283.86,1354429.0166666666,1363995.55,1691659.6749999998,2,6,1,2011,False,False,False,False,False,True,False,False,False,False,False,False,False,False,False,False,False,False,False,False,False,False,False,False,False,False,False,False,False,False,False,False,False,False,False,False,False,False,False,False,False,False,False,False,False,False,False,False,True,1572117.54
6,2011-02-18,1572117.54,N/A,59.61,3.045,214.7775231,6.858,1486920.17,1514999.17,1567138.07,1429651.3466666667,1367807.2416666665,1688999.5683333334,2,7,1,2011,False,False,False,False,False,True,False,False,False,False,False,False,False,False,False,False,False,False,False,False,False,False,False,False,False,False,False,False,False,False,False,False,False,False,False,False,False,False,False,False,False,False,False,False,False,False,False,False,False,1422600.43
6,2011-02-25,1422600.43,N/A,62.86,3.065,215.0679731,6.858,1572117.54,1486920.17,1432953.21,1524678.96,1404753.218333333,1631054.9966666668,2,8,1,2011,False,False,False,False,False,True,False,False,False,False,False,False,False,False,False,False,False,False,False,False,False,False,False,False,False,False,False,False,False,False,False,False,False,False,False,False,False,False,False,False,False,False,False,False,False,False,False,False,False,1502617.99
6,2011-03-04,1502617.99,N/A,60.45,3.288,215.3584231,6.858,1422600.43,1572117.54,1601348.82,1493879.38,1424154.1983333332,1609849.4291666665,3,9,1,2011,False,False,False,False,False,True,False,False,False,False,False,False,False,False,False,False,False,False,False,False,False,False,False,False,False,False,False,False,False,False,False,False,False,False,False,False,False,False,False,False,False,False,False,False,False,False,False,False,False,1494497.39
6,2011-03-11,1494497.39,N/A,57.71,3.459,215.6488731,6.858,1502617.99,1422600.43,1558621.36,1499111.9866666666,1464381.6666666667,1582172.7966666669,3,10,1,2011,False,False,False,False,False,True,False,False,False,False,False,False,False,False,False,False,False,False,False,False,False,False,False,False,False,False,False,False,False,False,False,False,False,False,False,False,False,False,False,False,False,False,False,False,False,False,False,False,False,1685375.47
6,2011-03-18,1685375.47,N/A,65.07,3.488,215.9035078,6.858,1494497.39,1502617.99,1693058.91,1473238.6033333333,1498958.7816666665,1532525.1666666667,3,11,1,2011,False,False,False,False,False,True,False,False,False,False,False,False,False,False,False,False,False,False,False,False,False,False,False,False,False,False,False,False,False,False,False,False,False,False,False,False,False,False,False,False,False,False,False,False,False,False,False,False,False,1438465.81
6,2011-03-25,1438465.81,N/A,70.83,3.473,216.1438163,6.858,1685375.47,1494497.39,1472033.38,1560830.2833333332,1527354.8316666668,1445675.1908333332,3,12,1,2011,False,False,False,False,False,True,False,False,False,False,False,False,False,False,False,False,False,False,False,False,False,False,False,False,False,False,False,False,False,False,False,False,False,False,False,False,False,False,False,False,False,False,False,False,False,False,False,False,False,1459276.77
6,2011-04-01,1459276.77,N/A,62.25,3.524,216.3841249,6.855,1438465.81,1685375.47,1770333.9,1539446.2233333334,1519279.1049999997,1443543.173333333,4,13,2,2011,False,False,False,False,False,True,False,False,False,False,False,False,False,False,False,False,False,False,False,False,False,False,False,False,False,False,False,False,False,False,False,False,False,False,False,False,False,False,False,False,False,False,False,False,False,False,False,False,False,1534594.0
6,2011-04-08,1534594.0,N/A,70.35,3.622,216.6244334,6.855,1459276.77,1438465.81,1667181.82,1527706.0166666668,1500472.3099999998,1452612.764166667,4,14,2,2011,False,False,False,False,False,True,False,False,False,False,False,False,False,False,False,False,False,False,False,False,False,False,False,False,False,False,False,False,False,False,False,False,False,False,False,False,False,False,False,False,False,False,False,False,False,False,False,False,False,1448797.02
6,2011-04-15,1448797.02,N/A,73.17,3.743,216.8446627,6.855,1534594.0,1459276.77,1519846.36,1477445.5266666666,1519137.905,1471646.0516666668,4,15,2,2011,False,False,False,False,False,True,False,False,False,False,False,False,False,False,False,False,False,False,False,False,False,False,False,False,False,False,False,False,False,False,False,False,False,False,False,False,False,False,False,False,False,False,False,False,False,False,False,False,False,1639358.93
6,2011-04-22,1639358.93,N/A,74.24,3.807,217.0146941,6.855,1448797.02,1534594.0,1540435.99,1480889.2633333334,1510167.7433333334,1487274.705,4,16,2,2011,False,False,False,False,False,True,False,False,False,False,False,False,False,False,False,False,False,False,False,False,False,False,False,False,False,False,False,False,False,False,False,False,False,False,False,False,False,False,False,False,False,False,False,False,False,False,False,False,False,1479249.9
6,2011-04-29,1479249.9,N/A,75.27,3.81,217.1847255,6.855,1639358.93,1448797.02,1498080.16,1540916.6500000001,1534311.3333333333,1516635.0575,4,17,2,2011,False,False,False,False,False,True,False,False,False,False,False,False,False,False,False,False,False,False,False,False,False,False,False,False,False,False,False,False,False,False,False,False,False,False,False,False,False,False,False,False,False,False,False,False,False,False,False,False,False,1504651.57
6,2011-05-06,1504651.57,N/A,65.42,3.906,217.3547569,6.855,1479249.9,1639358.93,1619920.04,1522468.6166666665,1499957.0716666665,1513655.9516666664,5,18,2,2011,False,False,False,False,False,True,False,False,False,False,False,False,False,False,False,False,False,False,False,False,False,False,False,False,False,False,False,False,False,False,False,False,False,False,False,False,False,False,False,False,False,False,False,False,False,False,False,False,False,1453185.65
6,2011-05-13,1453185.65,N/A,76.95,3.899,217.5247882,6.855,1504651.57,1479249.9,1524059.4,1541086.8,1510988.0316666665,1515133.5683333334,5,19,2,2011,False,False,False,False,False,True,False,False,False,False,False,False,False,False,False,False,False,False,False,False,False,False,False,False,False,False,False,False,False,False,False,False,False,False,False,False,False,False,False,False,False,False,False,False,False,False,False,False,False,1382783.83
6,2011-05-20,1382783.83,N/A,72.01,3.907,217.2896095,6.855,1453185.65,1504651.57,1531938.44,1479029.04,1509972.845,1505222.5775,5,20,2,2011,False,False,False,False,False,True,False,False,False,False,False,False,False,False,False,False,False,False,False,False,False,False,False,False,False,False,False,False,False,False,False,False,False,False,False,False,False,False,False,False,False,False,False,False,False,False,False,False,False,1523979.11
6,2011-05-27,1523979.11,N/A,80.83,3.786,217.0544307,6.855,1382783.83,1453185.65,1644470.66,1446873.6833333333,1484671.1500000001,1501904.5274999999,5,21,2,2011,False,False,False,False,False,True,False,False,False,False,False,False,False,False,False,False,False,False,False,False,False,False,False,False,False,False,False,False,False,False,False,False,False,False,False,False,False,False,False,False,False,False,False,False,False,False,False,False,False,1705506.29
6,2011-06-03,1705506.29,N/A,84.01,3.699,216.819252,6.855,1523979.11,1382783.83,1857380.09,1453316.1966666665,1497201.4983333333,1503684.6208333333,6,22,2,2011,False,False,False,False,False,True,False,False,False,False,False,False,False,False,False,False,False,False,False,False,False,False,False,False,False,False,False,False,False,False,False,False,False,False,False,False,False,False,False,False,False,False,False,False,False,False,False,False,False,1598643.65
6,2011-06-10,1598643.65,N/A,84.49,3.648,216.5840732,6.855,1705506.29,1523979.11,1685652.35,1537423.076666667,1508226.0583333333,1521268.695833333,6,23,2,2011,False,False,False,False,False,True,False,False,False,False,False,False,False,False,False,False,False,False,False,False,False,False,False,False,False,False,False,False,False,False,False,False,False,False,False,False,False,False,False,False,False,False,False,False,False,False,False,False,False,1622150.33
6,2011-06-17,1622150.33,N/A,87.08,3.637,216.5371616,6.855,1598643.65,1705506.29,1677248.24,1609376.3499999999,1528125.0166666666,1514041.0441666667,6,24,2,2011,False,False,False,False,False,True,False,False,False,False,False,False,False,False,False,False,False,False,False,False,False,False,False,False,False,False,False,False,False,False,False,False,False,False,False,False,False,False,False,False,False,False,False,False,False,False,False,False,False,1543365.9
6,2011-06-24,1543365.9,N/A,85.51,3.594,216.6314502,6.855,1622150.33,1598643.65,1640681.88,1642100.0899999999,1547708.1433333333,1529348.0875000001,6,25,2,2011,False,False,False,False,False,True,False,False,False,False,False,False,False,False,False,False,False,False,False,False,False,False,False,False,False,False,False,False,False,False,False,False,False,False,False,False,False,False,False,False,False,False,False,False,False,False,False,False,False,1694551.15
6,2011-07-01,1694551.15,N/A,87.0,3.524,216.7257388,6.925,1543365.9,1622150.33,1759777.25,1588053.2933333332,1562738.1849999998,1536355.515,7,26,3,2011,False,False,False,False,False,True,False,False,False,False,False,False,False,False,False,False,False,False,False,False,False,False,False,False,False,False,False,False,False,False,False,False,False,False,False,False,False,False,False,False,False,False,False,False,False,False,False,False,False,1709373.62
6,2011-07-08,1709373.62,N/A,88.36,3.48,216.8200275,6.925,1694551.15,1543365.9,1690317.99,1620022.46,1614699.405,1549685.2775,7,27,3,2011,False,False,False,False,False,True,False,False,False,False,False,False,False,False,False,False,False,False,False,False,False,False,False,False,False,False,False,False,False,False,False,False,False,False,False,False,False,False,False,False,False,False,False,False,False,False,False,False,False,1526801.24
6,2011-07-15,1526801.24,N/A,88.93,3.575,216.9044732,6.925,1709373.62,1694551.15,1560120.8,1649096.89,1645598.49,1571399.9941666666,7,28,3,2011,False,False,False,False,False,True,False,False,False,False,False,False,False,False,False,False,False,False,False,False,False,False,False,False,False,False,False,False,False,False,False,False,False,False,False,False,False,False,False,False,False,False,False,False,False,False,False,False,False,1526506.08
6,2011-07-22,1526506.08,N/A,88.06,3.651,216.964312,6.925,1526801.24,1709373.62,1585240.92,1643575.3366666667,1615814.3150000002,1562020.1866666668,7,29,3,2011,False,False,False,False,False,True,False,False,False,False,False,False,False,False,False,False,False,False,False,False,False,False,False,False,False,False,False,False,False,False,False,False,False,False,False,False,False,False,False,False,False,False,False,False,False,False,False,False,False,1483991.05
6,2011-07-29,1483991.05,N/A,90.22,3.682,217.0241507,6.925,1526506.08,1526801.24,1532308.78,1587560.3133333335,1603791.3866666667,1565958.2016666664,7,30,3,2011,False,False,False,False,False,True,False,False,False,False,False,False,False,False,False,False,False,False,False,False,False,False,False,False,False,False,False,False,False,False,False,False,False,False,False,False,False,False,False,False,False,False,False,False,False,False,False,False,False,1601584.57
6,2011-08-05,1601584.57,N/A,91.46,3.684,217.0839894,6.925,1483991.05,1526506.08,1633241.59,1512432.79,1580764.84,1564236.4916666665,8,31,3,2011,False,False,False,False,False,True,False,False,False,False,False,False,False,False,False,False,False,False,False,False,False,False,False,False,False,False,False,False,False,False,False,False,False,False,False,False,False,False,False,False,False,False,False,False,False,False,False,False,False,1484995.38
6,2011-08-12,1484995.38,N/A,90.49,3.638,217.1438281,6.925,1601584.57,1483991.05,1547654.98,1537360.5666666667,1590467.951666667,1576603.0683333334,8,32,3,2011,False,False,False,False,False,True,False,False,False,False,False,False,False,False,False,False,False,False,False,False,False,False,False,False,False,False,False,False,False,False,False,False,False,False,False,False,False,False,False,False,False,False,False,False,False,False,False,False,False,1493544.04
6,2011-08-19,1493544.04,N/A,89.26,3.554,217.2069662,6.925,1484995.38,1601584.57,1539930.5,1523523.6666666667,1555541.9900000002,1585120.6975,8,33,3,2011,False,False,False,False,False,True,False,False,False,False,False,False,False,False,False,False,False,False,False,False,False,False,False,False,False,False,False,False,False,False,False,False,False,False,False,False,False,False,False,False,False,False,False,False,False,False,False,False,False,1420405.41
6,2011-08-26,1420405.41,N/A,90.07,3.523,217.2706543,6.925,1493544.04,1484995.38,1450766.12,1526707.9966666668,1519570.3933333333,1582584.4416666664,8,34,3,2011,False,False,False,False,False,True,False,False,False,False,False,False,False,False,False,False,False,False,False,False,False,False,False,False,False,False,False,False,False,False,False,False,False,False,False,False,False,False,False,False,False,False,False,False,False,False,False,False,False,1481618.74
6,2011-09-02,1481618.74,N/A,91.22,3.533,217.3343423,6.925,1420405.41,1493544.04,1510925.32,1466314.9433333334,1501837.755,1558826.035,9,35,3,2011,False,False,False,False,False,True,False,False,False,False,False,False,False,False,False,False,False,False,False,False,False,False,False,False,False,False,False,False,False,False,False,False,False,False,False,False,False,False,False,False,False,False,False,False,False,False,False,False,False,1483574.38
6,2011-09-09,1483574.38,Labor Day,80.21,3.546,217.3980304,6.925,1481618.74,1420405.41,1424225.44,1465189.3966666665,1494356.5316666665,1549073.9591666667,9,36,3,2011,False,False,False,False,False,True,False,False,False,False,False,False,False,False,False,False,False,False,False,False,False,False,False,False,False,False,False,False,False,False,False,False,False,False,False,False,False,False,False,False,False,False,False,False,False,False,False,True,False,1351407.79
6,2011-09-16,1351407.79,N/A,84.94,3.526,217.5797506,6.925,1483574.38,1481618.74,1308537.75,1461866.1766666665,1494287.0866666667,1537525.9633333331,9,37,3,2011,False,False,False,False,False,True,False,False,False,False,False,False,False,False,False,False,False,False,False,False,False,False,False,False,False,False,False,False,False,False,False,False,False,False,False,False,False,False,False,False,False,False,False,False,False,False,False,False,False,1336044.75
6,2011-09-23,1336044.75,N/A,78.49,3.467,217.9188471,6.925,1351407.79,1483574.38,1275591.84,1438866.97,1452590.9566666668,1521529.4541666666,9,38,3,2011,False,False,False,False,False,True,False,False,False,False,False,False,False,False,False,False,False,False,False,False,False,False,False,False,False,False,False,False,False,False,False,False,False,False,False,False,False,False,False,False,False,False,False,False,False,False,False,False,False,1307551.92
6,2011-09-30,1307551.92,N/A,82.51,3.355,218.2579435,6.925,1336044.75,1351407.79,1328468.89,1390342.3066666666,1427765.8516666666,1491653.9208333334,9,39,3,2011,False,False,False,False,False,True,False,False,False,False,False,False,False,False,False,False,False,False,False,False,False,False,False,False,False,False,False,False,False,False,False,False,False,False,False,False,False,False,False,False,False,False,False,False,False,False,False,False,False,1481739.2
6,2011-10-07,1481739.2,N/A,74.1,3.285,218.59704,6.551,1307551.92,1336044.75,1360317.9,1331668.1533333333,1396767.165,1458168.7791666666,10,40,4,2011,False,False,False,False,False,True,False,False,False,False,False,False,False,False,False,False,False,False,False,False,False,False,False,False,False,False,False,False,False,False,False,False,False,False,False,False,False,False,False,False,False,False,False,False,False,False,False,False,False,1386520.99
6,2011-10-14,1386520.99,N/A,71.24,3.274,218.9109844,6.551,1481739.2,1307551.92,1344580.92,1375111.9566666668,1406989.4633333331,1454413.6091666669,10,41,4,2011,False,False,False,False,False,True,False,False,False,False,False,False,False,False,False,False,False,False,False,False,False,False,False,False,False,False,False,False,False,False,False,False,False,False,False,False,False,False,False,False,False,False,False,False,False,False,False,False,False,1417922.37
6,2011-10-21,1417922.37,N/A,68.53,3.353,219.0740167,6.551,1386520.99,1481739.2,1332716.53,1391937.3699999999,1391139.8383333331,1442748.1849999998,10,42,4,2011,False,False,False,False,False,True,False,False,False,False,False,False,False,False,False,False,False,False,False,False,False,False,False,False,False,False,False,False,False,False,False,False,False,False,False,False,False,False,False,False,False,False,False,False,False,False,False,False,False,1419445.12
7,2011-02-04,558027.77,N/A,-2.06,3.011,191.7625895,8.818,513372.17,521539.46,496725.44,527432.1766666666,669692.905,642699.1533333333,2,5,1,2011,False,False,False,False,False,False,True,False,False,False,False,False,False,False,False,False,False,False,False,False,False,False,False,False,False,False,False,False,False,False,False,False,False,False,False,False,False,False,False,False,False,False,False,False,False,False,False,False,False,559903.13
7,2011-02-11,559903.13,Super Bowl,10.24,3.037,191.8572881,8.818,558027.77,513372.17,524104.92,530979.7999999999,588510.0533333333,646902.7766666666,2,6,1,2011,False,False,False,False,False,False,True,False,False,False,False,False,False,False,False,False,False,False,False,False,False,False,False,False,False,False,False,False,False,False,False,False,False,False,False,False,False,False,False,False,False,False,False,False,False,False,False,False,True,572387.47
7,2011-02-18,572387.47,N/A,17.3,3.051,191.9178331,8.818,559903.13,558027.77,506760.54,543767.6900000001,560231.895,653350.6741666667,2,7,1,2011,False,False,False,False,False,False,True,False,False,False,False,False,False,False,False,False,False,False,False,False,False,False,False,False,False,False,False,False,False,False,False,False,False,False,False,False,False,False,False,False,False,False,False,False,False,False,False,False,False,546690.84
7,2011-02-25,546690.84,N/A,17.46,3.101,191.9647167,8.818,572387.47,559903.13,496083.24,563439.4566666667,545435.8166666667,631450.525,2,8,1,2011,False,False,False,False,False,False,True,False,False,False,False,False,False,False,False,False,False,False,False,False,False,False,False,False,False,False,False,False,False,False,False,False,False,False,False,False,False,False,False,False,False,False,False,False,False,False,False,False,False,551378.39
7,2011-03-04,551378.39,N/A,21.84,3.232,192.0116004,8.818,546690.84,572387.47,491419.55,559660.48,545320.14,630940.4600000001,3,9,1,2011,False,False,False,False,False,False,True,False,False,False,False,False,False,False,False,False,False,False,False,False,False,False,False,False,False,False,False,False,False,False,False,False,False,False,False,False,False,False,False,False,False,False,False,False,False,False,False,False,False,558963.83
7,2011-03-11,558963.83,N/A,20.7,3.372,192.058484,8.818,551378.39,546690.84,480452.1,556818.9,550293.295,626911.1533333333,3,10,1,2011,False,False,False,False,False,False,True,False,False,False,False,False,False,False,False,False,False,False,False,False,False,False,False,False,False,False,False,False,False,False,False,False,False,False,False,False,False,False,False,False,False,False,False,False,False,False,False,False,False,635014.69
7,2011-03-18,635014.69,N/A,27.69,3.406,192.1237981,8.818,558963.83,551378.39,574450.23,552344.3533333334,557891.9049999999,613792.4049999999,3,11,1,2011,False,False,False,False,False,False,True,False,False,False,False,False,False,False,False,False,False,False,False,False,False,False,False,False,False,False,False,False,False,False,False,False,False,False,False,False,False,False,False,False,False,False,False,False,False,False,False,False,False,559061.58
7,2011-03-25,559061.58,N/A,25.69,3.414,192.1964844,8.818,635014.69,558963.83,514731.6,581785.6366666667,570723.0583333332,579616.5558333333,3,12,1,2011,False,False,False,False,False,False,True,False,False,False,False,False,False,False,False,False,False,False,False,False,False,False,False,False,False,False,False,False,False,False,False,False,False,False,False,False,False,False,False,False,False,False,False,False,False,False,False,False,False,513409.67
7,2011-04-01,513409.67,N/A,24.83,3.461,192.2691707,8.595,559061.58,635014.69,561145.14,584346.7,570582.7999999999,565407.3474999999,4,13,2,2011,False,False,False,False,False,False,True,False,False,False,False,False,False,False,False,False,False,False,False,False,False,False,False,False,False,False,False,False,False,False,False,False,False,False,False,False,False,False,False,False,False,False,False,False,False,False,False,False,False,500552.16
7,2011-04-08,500552.16,N/A,30.64,3.532,192.3418571,8.595,513409.67,559061.58,484263.25,569161.98,560753.1666666666,553094.4916666666,4,14,2,2011,False,False,False,False,False,False,True,False,False,False,False,False,False,False,False,False,False,False,False,False,False,False,False,False,False,False,False,False,False,False,False,False,False,False,False,False,False,False,False,False,False,False,False,False,False,False,False,False,False,423380.14
7,2011-04-15,423380.14,N/A,27.79,3.611,192.4225954,8.595,500552.16,513409.67,406228.19,524341.1366666667,553063.3866666666,549191.7633333333,4,15,2,2011,False,False,False,False,False,False,True,False,False,False,False,False,False,False,False,False,False,False,False,False,False,False,False,False,False,False,False,False,False,False,False,False,False,False,False,False,False,False,False,False,False,False,False,False,False,False,False,False,False,466594.89
7,2011-04-22,466594.89,N/A,31.84,3.636,192.5234638,8.595,423380.14,500552.16,404751.25,479113.99,531730.345,541011.82,4,16,2,2011,False,False,False,False,False,False,True,False,False,False,False,False,False,False,False,False,False,False,False,False,False,False,False,False,False,False,False,False,False,False,False,False,False,False,False,False,False,False,False,False,False,False,False,False,False,False,False,False,False,410429.73
7,2011-04-29,410429.73,N/A,26.79,3.663,192.6243322,8.595,466594.89,423380.14,373655.61,463509.0633333333,516335.52166666667,537113.7133333333,4,17,2,2011,False,False,False,False,False,False,True,False,False,False,False,False,False,False,False,False,False,False,False,False,False,False,False,False,False,False,False,False,False,False,False,False,False,False,False,False,False,False,False,False,False,False,False,False,False,False,False,False,False,407012.47
7,2011-05-06,407012.47,N/A,26.54,3.735,192.7252006,8.595,410429.73,466594.89,395453.83,433468.25333333336,478904.695,524813.8766666666,5,18,2,2011,False,False,False,False,False,False,True,False,False,False,False,False,False,False,False,False,False,False,False,False,False,False,False,False,False,False,False,False,False,False,False,False,False,False,False,False,False,False,False,False,False,False,False,False,False,False,False,False,False,414094.05
7,2011-05-13,414094.05,N/A,36.61,3.767,192.826069,8.595,407012.47,410429.73,372673.61,428012.3633333333,453563.1766666667,512072.98833333334,5,19,2,2011,False,False,False,False,False,False,True,False,False,False,False,False,False,False,False,False,False,False,False,False,False,False,False,False,False,False,False,False,False,False,False,False,False,False,False,False,False,False,False,False,False,False,False,False,False,False,False,False,False,424670.98
7,2011-05-20,424670.98,N/A,36.16,3.828,192.831317,8.595,414094.05,407012.47,395195.65,410512.0833333333,437010.5733333333,498881.86999999994,5,20,2,2011,False,False,False,False,False,False,True,False,False,False,False,False,False,False,False,False,False,False,False,False,False,False,False,False,False,False,False,False,False,False,False,False,False,False,False,False,False,False,False,False,False,False,False,False,False,False,False,False,False,457216.87
7,2011-05-27,457216.87,N/A,37.51,3.795,192.8365651,8.595,424670.98,414094.05,442734.55,415259.1666666667,424363.70999999996,488713.5483333333,5,21,2,2011,False,False,False,False,False,False,True,False,False,False,False,False,False,False,False,False,False,False,False,False,False,False,False,False,False,False,False,False,False,False,False,False,False,False,False,False,False,False,False,False,False,False,False,False,False,False,False,False,False,542295.37
7,2011-06-03,542295.37,N/A,45.77,3.763,192.8418131,8.595,457216.87,424670.98,509183.22,431993.9666666666,430003.165,480866.75499999995,6,22,2,2011,False,False,False,False,False,False,True,False,False,False,False,False,False,False,False,False,False,False,False,False,False,False,False,False,False,False,False,False,False,False,False,False,False,False,False,False,False,False,False,False,False,False,False,False,False,False,False,False,False,621099.95
7,2011-06-10,621099.95,N/A,53.3,3.735,192.8470612,8.595,542295.37,457216.87,498580.87,474727.74,442619.9116666666,479477.7166666666,6,23,2,2011,False,False,False,False,False,False,True,False,False,False,False,False,False,False,False,False,False,False,False,False,False,False,False,False,False,False,False,False,False,False,False,False,False,False,False,False,False,False,False,False,False,False,False,False,False,False,False,False,False,610991.35
7,2011-06-17,610991.35,N/A,48.79,3.697,192.9034759,8.595,621099.95,542295.37,481144.09,540204.0633333334,477731.61500000005,478318.155,6,24,2,2011,False,False,False,False,False,False,True,False,False,False,False,False,False,False,False,False,False,False,False,False,False,False,False,False,False,False,False,False,False,False,False,False,False,False,False,False,False,False,False,False,False,False,False,False,False,False,False,False,False,640043.97
7,2011-06-24,640043.97,N/A,46.85,3.661,192.9982655,8.595,610991.35,621099.95,553714.87,591462.2233333333,511728.095,482645.6358333333,6,25,2,2011,False,False,False,False,False,False,True,False,False,False,False,False,False,False,False,False,False,False,False,False,False,False,False,False,False,False,False,False,False,False,False,False,False,False,False,False,False,False,False,False,False,False,False,False,False,False,False,False,False,704344.21
7,2011-07-01,704344.21,N/A,58.54,3.597,193.0930552,8.622,640043.97,610991.35,575570.77,624045.09,549386.415,493198.4941666667,7,26,3,2011,False,False,False,False,False,False,True,False,False,False,False,False,False,False,False,False,False,False,False,False,False,False,False,False,False,False,False,False,False,False,False,False,False,False,False,False,False,False,False,False,False,False,False,False,False,False,False,False,False,761793.94
7,2011-07-08,761793.94,N/A,59.08,3.54,193.1878448,8.622,704344.21,640043.97,593462.34,651793.1766666666,595998.62,510181.16500000004,7,27,3,2011,False,False,False,False,False,False,True,False,False,False,False,False,False,False,False,False,False,False,False,False,False,False,False,False,False,False,False,False,False,False,False,False,False,False,False,False,False,False,False,False,False,False,False,False,False,False,False,False,False,642748.21
7,2011-07-15,642748.21,N/A,54.37,3.532,193.3125484,8.622,761793.94,704344.21,557166.35,702060.7066666665,646761.465,538382.315,7,28,3,2011,False,False,False,False,False,False,True,False,False,False,False,False,False,False,False,False,False,False,False,False,False,False,False,False,False,False,False,False,False,False,False,False,False,False,False,False,False,False,False,False,False,False,False,False,False,False,False,False,False,688043.96
7,2011-07-22,688043.96,N/A,56.22,3.545,193.5120367,8.622,642748.21,761793.94,570231.21,702962.12,663503.605,553061.7583333333,7,29,3,2011,False,False,False,False,False,False,True,False,False,False,False,False,False,False,False,False,False,False,False,False,False,False,False,False,False,False,False,False,False,False,False,False,False,False,False,False,False,False,False,False,False,False,False,False,False,False,False,False,False,653382.62
7,2011-07-29,653382.62,N/A,56.66,3.547,193.711525,8.622,688043.96,642748.21,603547.16,697528.7033333333,674660.94,576196.2775,7,30,3,2011,False,False,False,False,False,False,True,False,False,False,False,False,False,False,False,False,False,False,False,False,False,False,False,False,False,False,False,False,False,False,False,False,False,False,False,False,False,False,False,False,False,False,False,False,False,False,False,False,False,695392.84
7,2011-08-05,695392.84,N/A,55.91,3.554,193.9110133,8.622,653382.62,688043.96,643854.17,661391.5966666667,681726.1516666667,596727.1233333333,8,31,3,2011,False,False,False,False,False,False,True,False,False,False,False,False,False,False,False,False,False,False,False,False,False,False,False,False,False,False,False,False,False,False,False,False,False,False,False,False,False,False,False,False,False,False,False,False,False,False,False,False,False,670670.46
7,2011-08-12,670670.46,N/A,54.56,3.542,194.1105017,8.622,695392.84,653382.62,598185.4,678939.8066666666,690950.9633333333,620168.6891666666,8,32,3,2011,False,False,False,False,False,False,True,False,False,False,False,False,False,False,False,False,False,False,False,False,False,False,False,False,False,False,False,False,False,False,False,False,False,False,False,False,False,False,False,False,False,False,False,False,False,False,False,False,False,645156.21
7,2011-08-19,645156.21,N/A,56.06,3.499,194.2500634,8.622,670670.46,695392.84,582353.17,673148.64,685338.6716666666,640668.6458333334,8,33,3,2011,False,False,False,False,False,False,True,False,False,False,False,False,False,False,False,False,False,False,False,False,False,False,False,False,False,False,False,False,False,False,False,False,False,False,False,False,False,False,False,False,False,False,False,False,False,False,False,False,False,629994.47
7,2011-08-26,629994.47,N/A,57.6,3.485,194.3796374,8.622,645156.21,670670.46,554309.24,670406.5033333333,665899.0499999999,656330.2575,8,34,3,2011,False,False,False,False,False,False,True,False,False,False,False,False,False,False,False,False,False,False,False,False,False,False,False,False,False,False,False,False,False,False,False,False,False,False,False,False,False,False,False,False,False,False,False,False,False,False,False,False,False,592355.24
7,2011-09-02,592355.24,N/A,53.4,3.511,194.5092113,8.622,629994.47,645156.21,532765.05,648607.0466666667,663773.4266666666,663638.5158333333,9,35,3,2011,False,False,False,False,False,False,True,False,False,False,False,False,False,False,False,False,False,False,False,False,False,False,False,False,False,False,False,False,False,False,False,False,False,False,False,False,False,False,False,False,False,False,False,False,False,False,False,False,False,613135.23
7,2011-09-09,613135.23,Labor Day,45.61,3.566,194.6387853,8.622,592355.24,629994.47,535769.32,622501.9733333333,647825.3066666666,661243.1233333333,9,36,3,2011,False,False,False,False,False,False,True,False,False,False,False,False,False,False,False,False,False,False,False,False,False,False,False,False,False,False,False,False,False,False,False,False,False,False,False,False,False,False,False,False,False,False,False,False,False,False,False,True,False,558981.45
7,2011-09-16,558981.45,N/A,43.67,3.596,194.7419707,8.622,613135.23,592355.24,489408.53,611828.3133333334,641117.4083333333,661421.78,9,37,3,2011,False,False,False,False,False,False,True,False,False,False,False,False,False,False,False,False,False,False,False,False,False,False,False,False,False,False,False,False,False,False,False,False,False,False,False,False,False,False,False,False,False,False,False,False,False,False,False,False,False,536144.81
7,2011-09-23,536144.81,N/A,43.67,3.581,194.8099713,8.622,558981.45,613135.23,488008.83,588157.3066666666,618382.1766666666,654666.57,9,38,3,2011,False,False,False,False,False,False,True,False,False,False,False,False,False,False,False,False,False,False,False,False,False,False,False,False,False,False,False,False,False,False,False,False,False,False,False,False,False,False,False,False,False,False,False,False,False,False,False,False,False,488880.26
7,2011-09-30,488880.26,N/A,47.34,3.538,194.8779718,8.622,536144.81,558981.45,448998.73,569420.4966666667,595961.235,640649.9533333333,9,39,3,2011,False,False,False,False,False,False,True,False,False,False,False,False,False,False,False,False,False,False,False,False,False,False,False,False,False,False,False,False,False,False,False,False,False,False,False,False,False,False,False,False,False,False,False,False,False,False,False,False,False,525866.36
7,2011-10-07,525866.36,N/A,40.65,3.498,194.9459724,8.513,488880.26,536144.81,480239.88,528002.1733333333,569915.2433333333,617907.1466666666,10,40,4,2011,False,False,False,False,False,False,True,False,False,False,False,False,False,False,False,False,False,False,False,False,False,False,False,False,False,False,False,False,False,False,False,False,False,False,False,False,False,False,False,False,False,False,False,False,False,False,False,False,False,501959.19
7,2011-10-14,501959.19,N/A,32.65,3.491,195.0261012,8.513,525866.36,488880.26,463370.48,516963.81000000006,552560.5583333333,608166.9925,10,41,4,2011,False,False,False,False,False,False,True,False,False,False,False,False,False,False,False,False,False,False,False,False,False,False,False,False,False,False,False,False,False,False,False,False,False,False,False,False,False,False,False,False,False,False,False,False,False,False,False,False,False,558691.43
7,2011-10-21,558691.43,N/A,37.49,3.548,195.1789994,8.513,501959.19,525866.36,472450.81,505568.60333333333,537494.5499999999,592659.9283333333,10,42,4,2011,False,False,False,False,False,False,True,False,False,False,False,False,False,False,False,False,False,False,False,False,False,False,False,False,False,False,False,False,False,False,False,False,False,False,False,False,False,False,False,False,False,False,False,False,False,False,False,False,False,527339.52
8,2011-02-04,944594.78,N/A,24.48,2.989,215.9327797,6.262,782256.66,822668.23,1004137.09,804857.1833333332,928810.7266666666,989509.3874999998,2,5,1,2011,False,False,False,False,False,False,False,True,False,False,False,False,False,False,False,False,False,False,False,False,False,False,False,False,False,False,False,False,False,False,False,False,False,False,False,False,False,False,False,False,False,False,False,False,False,False,False,False,False,996147.39
8,2011-02-11,996147.39,Super Bowl,28.26,3.022,216.3126733,6.262,944594.78,782256.66,994801.4,849839.89,834303.0083333333,992264.0375000001,2,6,1,2011,False,False,False,False,False,False,False,True,False,False,False,False,False,False,False,False,False,False,False,False,False,False,False,False,False,False,False,False,False,False,False,False,False,False,False,False,False,False,False,False,False,False,False,False,False,False,False,False,True,1065108.64
8,2011-02-18,1065108.64,N/A,50.64,3.045,216.6310383,6.262,996147.39,944594.78,963960.37,907666.2766666665,871396.4916666667,1001475.6499999999,2,7,1,2011,False,False,False,False,False,False,False,True,False,False,False,False,False,False,False,False,False,False,False,False,False,False,False,False,False,False,False,False,False,False,False,False,False,False,False,False,False,False,False,False,False,False,False,False,False,False,False,False,False,917317.15
8,2011-02-25,917317.15,N/A,51.29,3.065,216.9247918,6.262,1065108.64,996147.39,847592.11,1001950.2699999999,903403.7266666667,985093.6066666666,2,8,1,2011,False,False,False,False,False,False,False,True,False,False,False,False,False,False,False,False,False,False,False,False,False,False,False,False,False,False,False,False,False,False,False,False,False,False,False,False,False,False,False,False,False,False,False,False,False,False,False,False,False,935266.43
8,2011-03-04,935266.43,N/A,53.18,3.288,217.2185454,6.262,917317.15,1065108.64,881503.95,992857.7266666666,921348.8083333335,982139.4583333334,3,9,1,2011,False,False,False,False,False,False,False,True,False,False,False,False,False,False,False,False,False,False,False,False,False,False,False,False,False,False,False,False,False,False,False,False,False,False,False,False,False,False,False,False,False,False,False,False,False,False,False,False,False,900387.29
8,2011-03-11,900387.29,N/A,49.14,3.459,217.512299,6.262,935266.43,917317.15,860336.16,972564.0733333332,940115.1749999999,970989.8583333334,3,10,1,2011,False,False,False,False,False,False,False,True,False,False,False,False,False,False,False,False,False,False,False,False,False,False,False,False,False,False,False,False,False,False,False,False,False,False,False,False,False,False,False,False,False,False,False,False,False,False,False,False,False,898289.14
8,2011-03-18,898289.14,N/A,56.68,3.488,217.7705442,6.262,900387.29,935266.43,839911.0,917656.9566666667,959803.6133333334,944307.1699999999,3,11,1,2011,False,False,False,False,False,False,False,True,False,False,False,False,False,False,False,False,False,False,False,False,False,False,False,False,False,False,False,False,False,False,False,False,False,False,False,False,False,False,False,False,False,False,False,False,False,False,False,False,False,827968.36
8,2011-03-25,827968.36,N/A,59.74,3.473,218.0145862,6.262,898289.14,900387.29,772539.12,911314.2866666667,952086.0066666667,893194.5075,3,12,1,2011,False,False,False,False,False,False,False,True,False,False,False,False,False,False,False,False,False,False,False,False,False,False,False,False,False,False,False,False,False,False,False,False,False,False,False,False,False,False,False,False,False,False,False,False,False,False,False,False,False,878762.3
8,2011-04-01,878762.3,N/A,49.86,3.524,218.2586281,6.297,827968.36,898289.14,914500.91,875548.2633333333,924056.1683333333,897726.3300000001,4,13,2,2011,False,False,False,False,False,False,False,True,False,False,False,False,False,False,False,False,False,False,False,False,False,False,False,False,False,False,False,False,False,False,False,False,False,False,False,False,False,False,False,False,False,False,False,False,False,False,False,False,False,949825.83
8,2011-04-08,949825.83,N/A,65.62,3.622,218.50267,6.297,878762.3,827968.36,916033.92,868339.9333333332,892998.445,898201.0858333333,4,14,2,2011,False,False,False,False,False,False,False,True,False,False,False,False,False,False,False,False,False,False,False,False,False,False,False,False,False,False,False,False,False,False,False,False,False,False,False,False,False,False,False,False,False,False,False,False,False,False,False,False,False,908278.74
8,2011-04-15,908278.74,N/A,63.55,3.743,218.7262524,6.297,949825.83,878762.3,882917.12,885518.83,898416.5583333332,909882.6833333332,4,15,2,2011,False,False,False,False,False,False,False,True,False,False,False,False,False,False,False,False,False,False,False,False,False,False,False,False,False,False,False,False,False,False,False,False,False,False,False,False,False,False,False,False,False,False,False,False,False,False,False,False,False,937473.13
8,2011-04-22,937473.13,N/A,65.11,3.807,218.8986857,6.297,908278.74,949825.83,850440.26,912288.9566666667,893918.61,917016.8925000001,4,16,2,2011,False,False,False,False,False,False,False,True,False,False,False,False,False,False,False,False,False,False,False,False,False,False,False,False,False,False,False,False,False,False,False,False,False,False,False,False,False,False,False,False,False,False,False,False,False,False,False,False,False,855014.77
8,2011-04-29,855014.77,N/A,62.29,3.81,219.071119,6.297,937473.13,908278.74,778672.64,931859.2333333334,900099.5833333334,929951.5983333333,4,17,2,2011,False,False,False,False,False,False,False,True,False,False,False,False,False,False,False,False,False,False,False,False,False,False,False,False,False,False,False,False,False,False,False,False,False,False,False,False,False,False,False,False,False,False,False,False,False,False,False,False,False,941457.34
8,2011-05-06,941457.34,N/A,58.92,3.906,219.2435524,6.297,855014.77,937473.13,916820.96,900255.5466666665,892887.1883333335,922486.5975,5,18,2,2011,False,False,False,False,False,False,False,True,False,False,False,False,False,False,False,False,False,False,False,False,False,False,False,False,False,False,False,False,False,False,False,False,False,False,False,False,False,False,False,False,False,False,False,False,False,False,False,False,False,895763.41
8,2011-05-13,895763.41,N/A,72.96,3.899,219.4159857,6.297,941457.34,855014.77,873337.84,911315.0800000001,911802.0183333334,917929.0933333334,5,19,2,2011,False,False,False,False,False,False,False,True,False,False,False,False,False,False,False,False,False,False,False,False,False,False,False,False,False,False,False,False,False,False,False,False,False,False,False,False,False,False,False,False,False,False,False,False,False,False,False,False,False,836049.89
8,2011-05-20,836049.89,N/A,65.54,3.907,219.1746922,6.297,895763.41,941457.34,818333.21,897411.84,914635.5366666667,903816.9908333333,5,20,2,2011,False,False,False,False,False,False,False,True,False,False,False,False,False,False,False,False,False,False,False,False,False,False,False,False,False,False,False,False,False,False,False,False,False,False,False,False,False,False,False,False,False,False,False,False,False,False,False,False,False,857939.41
8,2011-05-27,857939.41,N/A,73.14,3.786,218.9333986,6.297,836049.89,895763.41,868041.56,891090.2133333334,895672.88,897044.7191666666,5,21,2,2011,False,False,False,False,False,False,False,True,False,False,False,False,False,False,False,False,False,False,False,False,False,False,False,False,False,False,False,False,False,False,False,False,False,False,False,False,False,False,False,False,False,False,False,False,False,False,False,False,False,929222.16
8,2011-06-03,929222.16,N/A,82.05,3.699,218.6921051,6.297,857939.41,836049.89,958225.41,863250.9033333333,887282.9916666667,890600.8008333333,6,22,2,2011,False,False,False,False,False,False,False,True,False,False,False,False,False,False,False,False,False,False,False,False,False,False,False,False,False,False,False,False,False,False,False,False,False,False,False,False,False,False,False,False,False,False,False,False,False,False,False,False,False,897309.41
8,2011-06-10,897309.41,N/A,82.21,3.648,218.4508115,6.297,929222.16,857939.41,914835.86,874403.82,885907.8300000001,893003.7066666667,6,23,2,2011,False,False,False,False,False,False,False,True,False,False,False,False,False,False,False,False,False,False,False,False,False,False,False,False,False,False,False,False,False,False,False,False,False,False,False,False,False,False,False,False,False,False,False,False,False,False,False,False,False,922048.41
8,2011-06-17,922048.41,N/A,84.73,3.637,218.4021448,6.297,897309.41,929222.16,869922.56,894823.66,892956.9366666669,892922.0625,6,24,2,2011,False,False,False,False,False,False,False,True,False,False,False,False,False,False,False,False,False,False,False,False,False,False,False,False,False,False,False,False,False,False,False,False,False,False,False,False,False,False,False,False,False,False,False,False,False,False,False,False,False,864881.24
8,2011-06-24,864881.24,N/A,83.94,3.594,218.4979481,6.297,922048.41,897309.41,814919.11,916193.3266666667,889722.1149999999,900762.0666666668,6,25,2,2011,False,False,False,False,False,False,False,True,False,False,False,False,False,False,False,False,False,False,False,False,False,False,False,False,False,False,False,False,False,False,False,False,False,False,False,False,False,False,False,False,False,False,False,False,False,False,False,False,False,883683.35
8,2011-07-01,883683.35,N/A,87.26,3.524,218.5937514,6.425,864881.24,922048.41,852333.75,894746.3533333334,884575.0866666666,899605.3116666666,7,26,3,2011,False,False,False,False,False,False,False,True,False,False,False,False,False,False,False,False,False,False,False,False,False,False,False,False,False,False,False,False,False,False,False,False,False,False,False,False,False,False,False,False,False,False,False,False,False,False,False,False,False,861965.12
8,2011-07-08,861965.12,N/A,83.57,3.48,218.6895548,6.425,883683.35,864881.24,845289.77,890204.3333333334,892513.9966666667,894093.4383333334,7,27,3,2011,False,False,False,False,False,False,False,True,False,False,False,False,False,False,False,False,False,False,False,False,False,False,False,False,False,False,False,False,False,False,False,False,False,False,False,False,False,False,False,False,False,False,False,False,False,False,False,False,False,849925.37
8,2011-07-15,849925.37,N/A,84.26,3.575,218.7746217,6.425,861965.12,883683.35,848630.57,870176.57,893184.9483333332,890233.9700000001,7,28,3,2011,False,False,False,False,False,False,False,True,False,False,False,False,False,False,False,False,False,False,False,False,False,False,False,False,False,False,False,False,False,False,False,False,False,False,False,False,False,False,False,False,False,False,False,False,False,False,False,False,False,829902.42
8,2011-07-22,829902.42,N/A,85.46,3.651,218.8328475,6.425,849925.37,861965.12,785515.88,865191.2799999999,879968.8166666665,882938.3233333334,7,29,3,2011,False,False,False,False,False,False,False,True,False,False,False,False,False,False,False,False,False,False,False,False,False,False,False,False,False,False,False,False,False,False,False,False,False,False,False,False,False,False,False,False,False,False,False,False,False,False,False,False,False,807082.19
8,2011-07-29,807082.19,N/A,86.46,3.682,218.8910733,6.425,829902.42,849925.37,787295.09,847264.3033333333,868734.3183333334,880845.6275,7,30,3,2011,False,False,False,False,False,False,False,True,False,False,False,False,False,False,False,False,False,False,False,False,False,False,False,False,False,False,False,False,False,False,False,False,False,False,False,False,False,False,False,False,False,False,False,False,False,False,False,False,False,892393.77
8,2011-08-05,892393.77,N/A,85.15,3.684,218.9492991,6.425,807082.19,829902.42,893399.77,828969.9933333333,849573.2816666667,869647.6983333332,8,31,3,2011,False,False,False,False,False,False,False,True,False,False,False,False,False,False,False,False,False,False,False,False,False,False,False,False,False,False,False,False,False,False,False,False,False,False,False,False,False,False,False,False,False,False,False,False,False,False,False,False,False,856796.1
8,2011-08-12,856796.1,N/A,86.05,3.638,219.0075249,6.425,892393.77,807082.19,867919.21,843126.1266666666,854158.7033333333,869366.895,8,32,3,2011,False,False,False,False,False,False,False,True,False,False,False,False,False,False,False,False,False,False,False,False,False,False,False,False,False,False,False,False,False,False,False,False,False,False,False,False,False,False,False,False,False,False,False,False,False,False,False,False,False,895066.5
8,2011-08-19,895066.5,N/A,82.92,3.554,219.0701968,6.425,856796.1,892393.77,870676.44,852090.6866666666,849677.495,871095.7458333335,8,33,3,2011,False,False,False,False,False,False,False,True,False,False,False,False,False,False,False,False,False,False,False,False,False,False,False,False,False,False,False,False,False,False,False,False,False,False,False,False,False,False,False,False,False,False,False,False,False,False,False,False,False,912542.82
8,2011-08-26,912542.82,N/A,84.69,3.523,219.1336097,6.425,895066.5,856796.1,888816.78,881418.79,855194.3916666667,874189.67,8,34,3,2011,False,False,False,False,False,False,False,True,False,False,False,False,False,False,False,False,False,False,False,False,False,False,False,False,False,False,False,False,False,False,False,False,False,False,False,False,False,False,False,False,False,False,False,False,False,False,False,False,False,891387.14
8,2011-09-02,891387.14,N/A,84.77,3.533,219.1970226,6.425,912542.82,895066.5,899036.47,888135.14,865630.6333333333,872799.7250000001,9,35,3,2011,False,False,False,False,False,False,False,True,False,False,False,False,False,False,False,False,False,False,False,False,False,False,False,False,False,False,False,False,False,False,False,False,False,False,False,False,False,False,False,False,False,False,False,False,False,False,False,False,False,848358.09
8,2011-09-09,848358.09,Labor Day,69.01,3.546,219.2604355,6.425,891387.14,912542.82,831425.2,899665.4866666667,875878.0866666668,872306.2025,9,36,3,2011,False,False,False,False,False,False,False,True,False,False,False,False,False,False,False,False,False,False,False,False,False,False,False,False,False,False,False,False,False,False,False,False,False,False,False,False,False,False,False,False,False,False,False,False,False,False,False,True,False,870971.82
8,2011-09-16,870971.82,N/A,69.09,3.526,219.4442443,6.425,848358.09,891387.14,836707.85,884096.0166666666,882757.4033333333,866165.3424999999,9,37,3,2011,False,False,False,False,False,False,False,True,False,False,False,False,False,False,False,False,False,False,False,False,False,False,False,False,False,False,False,False,False,False,False,False,False,False,False,False,False,False,False,False,False,False,False,False,False,False,False,False,False,806444.29
8,2011-09-23,806444.29,N/A,68.72,3.467,219.788581,6.425,870971.82,848358.09,773725.08,870239.0166666666,879187.0783333335,866672.8908333333,9,38,3,2011,False,False,False,False,False,False,False,True,False,False,False,False,False,False,False,False,False,False,False,False,False,False,False,False,False,False,False,False,False,False,False,False,False,False,False,False,False,False,False,False,False,False,False,False,False,False,False,False,False,809049.37
8,2011-09-30,809049.37,N/A,72.2,3.355,220.1329176,6.425,806444.29,870971.82,804105.49,841924.7333333334,870795.11,860236.3025000001,9,39,3,2011,False,False,False,False,False,False,False,True,False,False,False,False,False,False,False,False,False,False,False,False,False,False,False,False,False,False,False,False,False,False,False,False,False,False,False,False,False,False,False,False,False,False,False,False,False,False,False,False,False,929976.55
8,2011-10-07,929976.55,N/A,67.61,3.285,220.4772543,6.123,809049.37,806444.29,870349.86,828821.8266666667,856458.9216666665,855826.6566666666,10,40,4,2011,False,False,False,False,False,False,False,True,False,False,False,False,False,False,False,False,False,False,False,False,False,False,False,False,False,False,False,False,False,False,False,False,False,False,False,False,False,False,False,False,False,False,False,False,False,False,False,False,False,863188.26
8,2011-10-14,863188.26,N/A,61.74,3.274,220.7960935,6.123,929976.55,809049.37,826546.96,848490.07,859364.5433333335,862497.5883333334,10,41,4,2011,False,False,False,False,False,False,False,True,False,False,False,False,False,False,False,False,False,False,False,False,False,False,False,False,False,False,False,False,False,False,False,False,False,False,False,False,False,False,False,False,False,False,False,False,False,False,False,False,False,905984.49
8,2011-10-21,905984.49,N/A,59.97,3.353,220.9619484,6.123,863188.26,929976.55,836419.14,867404.7266666667,854664.73,865271.4083333333,10,42,4,2011,False,False,False,False,False,False,False,True,False,False,False,False,False,False,False,False,False,False,False,False,False,False,False,False,False,False,False,False,False,False,False,False,False,False,False,False,False,False,False,False,False,False,False,False,False,False,False,False,False,876712.31
9,2011-02-04,544612.28,N/A,31.82,2.989,216.1162864,6.416,463561.48,454021.69,549505.55,458556.61999999994,533295.0066666667,574170.0325000001,2,5,1,2011,False,False,False,False,False,False,False,False,True,False,False,False,False,False,False,False,False,False,False,False,False,False,False,False,False,False,False,False,False,False,False,False,False,False,False,False,False,False,False,False,False,False,False,False,False,False,False,False,False,555279.02
9,2011-02-11,555279.02,Super Bowl,34.13,3.022,216.496729,6.416,544612.28,463561.48,552677.48,487398.4833333332,478505.795,576150.4991666666,2,6,1,2011,False,False,False,False,False,False,False,False,True,False,False,False,False,False,False,False,False,False,False,False,False,False,False,False,False,False,False,False,False,False,False,False,False,False,False,False,False,False,False,False,False,False,False,False,False,False,False,False,True,610985.56
9,2011-02-18,610985.56,N/A,58.5,3.045,216.8154856,6.416,555279.02,544612.28,511327.9,521150.9266666666,494423.8233333333,579105.1425,2,7,1,2011,False,False,False,False,False,False,False,False,True,False,False,False,False,False,False,False,False,False,False,False,False,False,False,False,False,False,False,False,False,False,False,False,False,False,False,False,False,False,False,False,False,False,False,False,False,False,False,False,False,513107.2
9,2011-02-25,513107.2,N/A,59.01,3.065,217.1095679,6.416,610985.56,555279.02,473773.27,570292.2866666666,514424.45333333337,566014.7283333334,2,8,1,2011,False,False,False,False,False,False,False,False,True,False,False,False,False,False,False,False,False,False,False,False,False,False,False,False,False,False,False,False,False,False,False,False,False,False,False,False,False,False,False,False,False,False,False,False,False,False,False,False,False,542016.18
9,2011-03-04,542016.18,N/A,60.67,3.288,217.4036503,6.416,513107.2,610985.56,507297.88,559790.5933333333,523594.5383333334,560593.26,3,9,1,2011,False,False,False,False,False,False,False,False,True,False,False,False,False,False,False,False,False,False,False,False,False,False,False,False,False,False,False,False,False,False,False,False,False,False,False,False,False,False,False,False,False,False,False,False,False,False,False,False,False,517783.5
9,2011-03-11,517783.5,N/A,54.75,3.459,217.6977326,6.416,542016.18,513107.2,494145.8,555369.6466666666,538260.2866666666,554251.1233333334,3,10,1,2011,False,False,False,False,False,False,False,False,True,False,False,False,False,False,False,False,False,False,False,False,False,False,False,False,False,False,False,False,False,False,False,False,False,False,False,False,False,False,False,False,False,False,False,False,False,False,False,False,False,515226.11
9,2011-03-18,515226.11,N/A,63.82,3.488,217.9563371,6.416,517783.5,542016.18,485744.61,524302.2933333333,547297.29,540296.1483333333,3,11,1,2011,False,False,False,False,False,False,False,False,True,False,False,False,False,False,False,False,False,False,False,False,False,False,False,False,False,False,False,False,False,False,False,False,False,False,False,False,False,False,False,False,False,False,False,False,False,False,False,False,False,497488.4
9,2011-03-25,497488.4,N/A,68.79,3.473,218.2007506,6.416,515226.11,517783.5,484946.56,525008.5966666667,542399.5950000001,510452.695,3,12,1,2011,False,False,False,False,False,False,False,False,True,False,False,False,False,False,False,False,False,False,False,False,False,False,False,False,False,False,False,False,False,False,False,False,False,False,False,False,False,False,False,False,False,False,False,False,False,False,False,False,False,520962.14
9,2011-04-01,520962.14,N/A,56.12,3.524,218.445164,6.38,497488.4,515226.11,545206.32,510166.00333333324,532767.8250000001,513595.8241666667,4,13,2,2011,False,False,False,False,False,False,False,False,True,False,False,False,False,False,False,False,False,False,False,False,False,False,False,False,False,False,False,False,False,False,False,False,False,False,False,False,False,False,False,False,False,False,False,False,False,False,False,False,False,561625.92
9,2011-04-08,561625.92,N/A,71.4,3.622,218.6895775,6.38,520962.14,497488.4,529384.31,511225.55,517763.9216666667,516094.1875,4,14,2,2011,False,False,False,False,False,False,False,False,True,False,False,False,False,False,False,False,False,False,False,False,False,False,False,False,False,False,False,False,False,False,False,False,False,False,False,False,False,False,False,False,False,False,False,False,False,False,False,False,False,528420.28
9,2011-04-15,528420.28,N/A,71.9,3.743,218.9134935,6.38,561625.92,520962.14,485764.32,526692.1533333333,525850.375,524722.4566666667,4,15,2,2011,False,False,False,False,False,False,False,False,True,False,False,False,False,False,False,False,False,False,False,False,False,False,False,False,False,False,False,False,False,False,False,False,False,False,False,False,False,False,False,False,False,False,False,False,False,False,False,False,False,549502.11
9,2011-04-22,549502.11,N/A,72.35,3.807,219.0861659,6.38,528420.28,561625.92,488683.57,537002.7799999999,523584.3916666668,530922.3391666667,4,16,2,2011,False,False,False,False,False,False,False,False,True,False,False,False,False,False,False,False,False,False,False,False,False,False,False,False,False,False,False,False,False,False,False,False,False,False,False,False,False,False,False,False,False,False,False,False,False,False,False,False,False,532226.2
9,2011-04-29,532226.2,N/A,70.85,3.81,219.2588382,6.38,549502.11,528420.28,491723.42,546516.1033333333,528870.8266666668,538084.0583333333,4,17,2,2011,False,False,False,False,False,False,False,False,True,False,False,False,False,False,False,False,False,False,False,False,False,False,False,False,False,False,False,False,False,False,False,False,False,False,False,False,False,False,False,False,False,False,False,False,False,False,False,False,False,545251.1
9,2011-05-06,545251.1,N/A,62.2,3.906,219.4315106,6.38,532226.2,549502.11,526128.61,536716.1966666665,531704.1749999999,537051.885,5,18,2,2011,False,False,False,False,False,False,False,False,True,False,False,False,False,False,False,False,False,False,False,False,False,False,False,False,False,False,False,False,False,False,False,False,False,False,False,False,False,False,False,False,False,False,False,False,False,False,False,False,False,539126.0
9,2011-05-13,539126.0,N/A,77.66,3.899,219.6041829,6.38,545251.1,532226.2,492792.8,542326.4699999999,539664.625,536216.225,5,19,2,2011,False,False,False,False,False,False,False,False,True,False,False,False,False,False,False,False,False,False,False,False,False,False,False,False,False,False,False,False,False,False,False,False,False,False,False,False,False,False,False,False,False,False,False,False,False,False,False,False,False,518266.9
9,2011-05-20,518266.9,N/A,70.49,3.907,219.3622809,6.38,539126.0,545251.1,506274.94,538867.7666666666,542691.9349999999,530227.9283333333,5,20,2,2011,False,False,False,False,False,False,False,False,True,False,False,False,False,False,False,False,False,False,False,False,False,False,False,False,False,False,False,False,False,False,False,False,False,False,False,False,False,False,False,False,False,False,False,False,False,False,False,False,False,553834.04
9,2011-05-27,553834.04,N/A,80.42,3.786,219.1203788,6.38,518266.9,539126.0,558143.53,534214.6666666666,535465.4316666666,530657.9033333334,5,21,2,2011,False,False,False,False,False,False,False,False,True,False,False,False,False,False,False,False,False,False,False,False,False,False,False,False,False,False,False,False,False,False,False,False,False,False,False,False,False,False,False,False,False,False,False,False,False,False,False,False,False,587004.29
9,2011-06-03,587004.29,N/A,85.8,3.699,218.8784768,6.38,553834.04,518266.9,586061.46,537075.6466666666,539701.0583333332,531642.725,6,22,2,2011,False,False,False,False,False,False,False,False,True,False,False,False,False,False,False,False,False,False,False,False,False,False,False,False,False,False,False,False,False,False,False,False,False,False,False,False,False,False,False,False,False,False,False,False,False,False,False,False,False,550076.32
9,2011-06-10,550076.32,N/A,85.81,3.648,218.6365747,6.38,587004.29,553834.04,522715.68,553035.0766666667,545951.4216666666,537411.1241666666,6,23,2,2011,False,False,False,False,False,False,False,False,True,False,False,False,False,False,False,False,False,False,False,False,False,False,False,False,False,False,False,False,False,False,False,False,False,False,False,False,False,False,False,False,False,False,False,False,False,False,False,False,False,558671.14
9,2011-06-17,558671.14,N/A,89.15,3.637,218.5877333,6.38,550076.32,587004.29,513073.87,563638.2166666667,548926.4416666668,540315.3083333333,6,24,2,2011,False,False,False,False,False,False,False,False,True,False,False,False,False,False,False,False,False,False,False,False,False,False,False,False,False,False,False,False,False,False,False,False,False,False,False,False,False,False,False,False,False,False,False,False,False,False,False,False,False,538745.93
9,2011-06-24,538745.93,N/A,86.74,3.594,218.6836874,6.38,558671.14,550076.32,509263.28,565250.5833333333,551163.115,545413.87,6,25,2,2011,False,False,False,False,False,False,False,False,True,False,False,False,False,False,False,False,False,False,False,False,False,False,False,False,False,False,False,False,False,False,False,False,False,False,False,False,False,False,False,False,False,False,False,False,False,False,False,False,False,537064.03
9,2011-07-01,537064.03,N/A,89.14,3.524,218.7796415,6.404,538745.93,558671.14,528832.54,549164.4633333333,551099.77,546895.8525,7,26,3,2011,False,False,False,False,False,False,False,False,True,False,False,False,False,False,False,False,False,False,False,False,False,False,False,False,False,False,False,False,False,False,False,False,False,False,False,False,False,False,False,False,False,False,False,False,False,False,False,False,False,535983.13
9,2011-07-08,535983.13,N/A,89.04,3.48,218.8755955,6.404,537064.03,538745.93,485389.15,544827.0333333333,554232.625,544849.0283333334,7,27,3,2011,False,False,False,False,False,False,False,False,True,False,False,False,False,False,False,False,False,False,False,False,False,False,False,False,False,False,False,False,False,False,False,False,False,False,False,False,False,False,False,False,False,False,False,False,False,False,False,False,False,512834.04
9,2011-07-15,512834.04,N/A,90.45,3.575,218.9607242,6.404,535983.13,537064.03,474030.51,537264.3633333333,551257.4733333334,545479.2658333334,7,28,3,2011,False,False,False,False,False,False,False,False,True,False,False,False,False,False,False,False,False,False,False,False,False,False,False,False,False,False,False,False,False,False,False,False,False,False,False,False,False,False,False,False,False,False,False,False,False,False,False,False,False,491449.94
9,2011-07-22,491449.94,N/A,89.08,3.651,219.0187895,6.404,512834.04,535983.13,462676.5,528627.0666666665,538895.765,542423.5933333334,7,29,3,2011,False,False,False,False,False,False,False,False,True,False,False,False,False,False,False,False,False,False,False,False,False,False,False,False,False,False,False,False,False,False,False,False,False,False,False,False,False,False,False,False,False,False,False,False,False,False,False,False,False,471449.98
9,2011-07-29,471449.98,N/A,91.1,3.682,219.0768548,6.404,491449.94,512834.04,468675.19,513422.36999999994,529124.7016666668,539025.5716666667,7,30,3,2011,False,False,False,False,False,False,False,False,True,False,False,False,False,False,False,False,False,False,False,False,False,False,False,False,False,False,False,False,False,False,False,False,False,False,False,False,False,False,False,False,False,False,False,False,False,False,False,False,False,554879.67
9,2011-08-05,554879.67,N/A,91.52,3.684,219.1349201,6.404,471449.98,491449.94,522815.45,491911.3199999999,514587.84166666673,532875.4783333334,8,31,3,2011,False,False,False,False,False,False,False,False,True,False,False,False,False,False,False,False,False,False,False,False,False,False,False,False,False,False,False,False,False,False,False,False,False,False,False,False,False,False,False,False,False,False,False,False,False,False,False,False,False,520284.79
9,2011-08-12,520284.79,N/A,91.63,3.638,219.1929854,6.404,554879.67,471449.98,481897.98,505926.52999999997,517276.79833333334,534188.2841666667,8,32,3,2011,False,False,False,False,False,False,False,False,True,False,False,False,False,False,False,False,False,False,False,False,False,False,False,False,False,False,False,False,False,False,False,False,False,False,False,False,False,False,False,False,False,False,False,False,False,False,False,False,False,540819.44
9,2011-08-19,540819.44,N/A,85.8,3.554,219.2556109,6.404,520284.79,554879.67,499325.38,515538.14666666655,514480.2583333333,534356.4416666667,8,33,3,2011,False,False,False,False,False,False,False,False,True,False,False,False,False,False,False,False,False,False,False,False,False,False,False,False,False,False,False,False,False,False,False,False,False,False,False,False,False,False,False,False,False,False,False,False,False,False,False,False,False,542663.53
9,2011-08-26,542663.53,N/A,88.95,3.523,219.3189965,6.404,540819.44,520284.79,506789.66,538661.2999999999,515286.31,533271.8916666666,8,34,3,2011,False,False,False,False,False,False,False,False,True,False,False,False,False,False,False,False,False,False,False,False,False,False,False,False,False,False,False,False,False,False,False,False,False,False,False,False,False,False,False,False,False,False,False,False,False,False,False,False,False,544643.33
9,2011-09-02,544643.33,N/A,89.33,3.533,219.382382,6.404,542663.53,540819.44,511049.06,534589.2533333332,520257.8916666666,529576.8283333333,9,35,3,2011,False,False,False,False,False,False,False,False,True,False,False,False,False,False,False,False,False,False,False,False,False,False,False,False,False,False,False,False,False,False,False,False,False,False,False,False,False,False,False,False,False,False,False,False,False,False,False,False,False,528784.86
9,2011-09-09,528784.86,Labor Day,75.65,3.546,219.4457675,6.404,544643.33,542663.53,484835.2,542708.7666666666,529123.4566666667,529124.0791666667,9,36,3,2011,False,False,False,False,False,False,False,False,True,False,False,False,False,False,False,False,False,False,False,False,False,False,False,False,False,False,False,False,False,False,False,False,False,False,False,False,False,False,False,False,False,False,False,False,False,False,False,True,False,500274.03
9,2011-09-16,500274.03,N/A,77.95,3.526,219.6297841,6.404,528784.86,544643.33,463448.59,538697.2399999999,538679.27,526633.5558333333,9,37,3,2011,False,False,False,False,False,False,False,False,True,False,False,False,False,False,False,False,False,False,False,False,False,False,False,False,False,False,False,False,False,False,False,False,False,False,False,False,False,False,False,False,False,False,False,False,False,False,False,False,False,506743.78
9,2011-09-23,506743.78,N/A,74.42,3.467,219.9746423,6.404,500274.03,528784.86,452905.22,524567.4066666666,529578.33,523427.56416666665,9,38,3,2011,False,False,False,False,False,False,False,False,True,False,False,False,False,False,False,False,False,False,False,False,False,False,False,False,False,False,False,False,False,False,False,False,False,False,False,False,False,False,False,False,False,False,False,False,False,False,False,False,False,508567.04
9,2011-09-30,508567.04,N/A,78.45,3.355,220.3195004,6.404,506743.78,500274.03,495692.19,511934.2233333333,527321.495,520900.87666666665,9,39,3,2011,False,False,False,False,False,False,False,False,True,False,False,False,False,False,False,False,False,False,False,False,False,False,False,False,False,False,False,False,False,False,False,False,False,False,False,False,False,False,False,False,False,False,False,False,False,False,False,False,False,553836.98
9,2011-10-07,553836.98,N/A,72.62,3.285,220.6643585,6.054,508567.04,506743.78,505069.21,505194.94999999995,521946.095,518616.20249999996,10,40,4,2011,False,False,False,False,False,False,False,False,True,False,False,False,False,False,False,False,False,False,False,False,False,False,False,False,False,False,False,False,False,False,False,False,False,False,False,False,False,False,False,False,False,False,False,False,False,False,False,False,False,529515.66
9,2011-10-14,529515.66,N/A,67.27,3.274,220.9836849,6.054,553836.98,508567.04,454769.68,523049.2666666666,523808.3366666667,522033.1141666667,10,41,4,2011,False,False,False,False,False,False,False,False,True,False,False,False,False,False,False,False,False,False,False,False,False,False,False,False,False,False,False,False,False,False,False,False,False,False,False,False,False,False,False,False,False,False,False,False,False,False,False,False,False,557075.21
9,2011-10-21,557075.21,N/A,65.46,3.353,221.1498206,6.054,529515.66,553836.98,466322.76,530639.8933333332,521287.05833333335,525205.2575000001,10,42,4,2011,False,False,False,False,False,False,False,False,True,False,False,False,False,False,False,False,False,False,False,False,False,False,False,False,False,False,False,False,False,False,False,False,False,False,False,False,False,False,False,False,False,False,False,False,False,False,False,False,False,548527.49
10,2011-02-04,1968045.91,N/A,44.88,3.348,127.7195806,8.744,1715769.05,1677556.18,2193048.75,1701376.2733333334,2045799.0916666668,2211205.2791666663,2,5,1,2011,False,False,False,False,False,False,False,False,False,True,False,False,False,False,False,False,False,False,False,False,False,False,False,False,False,False,False,False,False,False,False,False,False,False,False,False,False,False,False,False,False,False,False,False,False,False,False,False,False,2115408.31
10,2011-02-11,2115408.31,Super Bowl,51.51,3.381,127.859129,8.744,1968045.91,1715769.05,2176028.52,1787123.7133333331,1748963.795,2217217.305833333,2,6,1,2011,False,False,False,False,False,False,False,False,False,True,False,False,False,False,False,False,False,False,False,False,False,False,False,False,False,False,False,False,False,False,False,False,False,False,False,False,False,False,False,False,False,False,False,False,False,False,False,False,True,2106934.55
10,2011-02-18,2106934.55,N/A,61.77,3.43,127.99525,8.744,2115408.31,1968045.91,2113432.58,1933074.4233333336,1816982.1566666665,2231069.904166667,2,7,1,2011,False,False,False,False,False,False,False,False,False,True,False,False,False,False,False,False,False,False,False,False,False,False,False,False,False,False,False,False,False,False,False,False,False,False,False,False,False,False,False,False,False,False,False,False,False,False,False,False,False,1967996.71
10,2011-02-25,1967996.71,N/A,53.59,3.398,128.13,8.744,2106934.55,2115408.31,2006774.96,2063462.923333333,1882419.5983333334,2161652.2516666665,2,8,1,2011,False,False,False,False,False,False,False,False,False,True,False,False,False,False,False,False,False,False,False,False,False,False,False,False,False,False,False,False,False,False,False,False,False,False,False,False,False,False,False,False,False,False,False,False,False,False,False,False,False,1958003.19
10,2011-03-04,1958003.19,N/A,56.96,3.674,128.26475,8.744,1967996.71,2106934.55,1987090.09,2063446.5233333334,1925285.1183333332,2138051.424166667,3,9,1,2011,False,False,False,False,False,False,False,False,False,True,False,False,False,False,False,False,False,False,False,False,False,False,False,False,False,False,False,False,False,False,False,False,False,False,False,False,False,False,False,False,False,False,False,False,False,False,False,False,False,1933469.15
10,2011-03-11,1933469.15,N/A,64.22,3.63,128.3995,8.744,1958003.19,1967996.71,1941346.13,2010978.1500000001,1972026.2866666664,2100235.839166667,3,10,1,2011,False,False,False,False,False,False,False,False,False,True,False,False,False,False,False,False,False,False,False,False,False,False,False,False,False,False,False,False,False,False,False,False,False,False,False,False,False,False,False,False,False,False,False,False,False,False,False,False,False,1884734.31
10,2011-03-18,1884734.31,N/A,70.12,3.892,128.5121935,8.744,1933469.15,1958003.19,1946875.06,1953156.3500000003,2008309.6366666665,2027054.3641666665,3,11,1,2011,False,False,False,False,False,False,False,False,False,True,False,False,False,False,False,False,False,False,False,False,False,False,False,False,False,False,False,False,False,False,False,False,False,False,False,False,False,False,False,False,False,False,False,False,False,False,False,False,False,1815798.85
10,2011-03-25,1815798.85,N/A,62.53,3.716,128.6160645,8.744,1884734.31,1933469.15,1893532.46,1925402.2166666668,1994424.37,1871694.0824999998,3,12,1,2011,False,False,False,False,False,False,False,False,False,True,False,False,False,False,False,False,False,False,False,False,False,False,False,False,False,False,False,False,False,False,False,False,False,False,False,False,False,False,False,False,False,False,False,False,False,False,False,False,False,1827733.18
10,2011-04-01,1827733.18,N/A,67.64,3.772,128.7199355,8.494,1815798.85,1884734.31,2138651.97,1878000.7700000003,1944489.46,1880735.8083333333,4,13,2,2011,False,False,False,False,False,False,False,False,False,True,False,False,False,False,False,False,False,False,False,False,False,False,False,False,False,False,False,False,False,False,False,False,False,False,False,False,False,False,False,False,False,False,False,False,False,False,False,False,False,1870720.73
10,2011-04-08,1870720.73,N/A,73.03,3.818,128.8238065,8.494,1827733.18,1815798.85,2041069.37,1842755.446666667,1897955.8983333334,1890187.7483333333,4,14,2,2011,False,False,False,False,False,False,False,False,False,True,False,False,False,False,False,False,False,False,False,False,False,False,False,False,False,False,False,False,False,False,False,False,False,False,False,False,False,False,False,False,False,False,False,False,False,False,False,False,False,1781767.22
10,2011-04-15,1781767.22,N/A,61.05,4.089,128.9107333,8.494,1870720.73,1827733.18,1826241.44,1838084.2533333336,1881743.235,1903514.1766666668,4,15,2,2011,False,False,False,False,False,False,False,False,False,True,False,False,False,False,False,False,False,False,False,False,False,False,False,False,False,False,False,False,False,False,False,False,False,False,False,False,False,False,False,False,False,False,False,False,False,False,False,False,False,2004831.14
10,2011-04-22,2004831.14,N/A,75.93,3.917,128.9553,8.494,1781767.22,1870720.73,1829521.83,1826740.376666667,1852370.5733333335,1912198.43,4,16,2,2011,False,False,False,False,False,False,False,False,False,True,False,False,False,False,False,False,False,False,False,False,False,False,False,False,False,False,False,False,False,False,False,False,False,False,False,False,False,False,False,False,False,False,False,False,False,False,False,False,False,1873646.34
10,2011-04-29,1873646.34,N/A,73.38,4.151,128.9998667,8.494,2004831.14,1781767.22,1790694.59,1885773.0300000003,1864264.2383333333,1936286.9375,4,17,2,2011,False,False,False,False,False,False,False,False,False,True,False,False,False,False,False,False,False,False,False,False,False,False,False,False,False,False,False,False,False,False,False,False,False,False,False,False,False,False,False,False,False,False,False,False,False,False,False,False,False,1841369.99
10,2011-05-06,1841369.99,N/A,73.56,4.193,129.0444333,8.494,1873646.34,2004831.14,1921432.16,1886748.2333333334,1862416.2433333332,1928420.3066666666,5,18,2,2011,False,False,False,False,False,False,False,False,False,True,False,False,False,False,False,False,False,False,False,False,False,False,False,False,False,False,False,False,False,False,False,False,False,False,False,False,False,False,False,False,False,False,False,False,False,False,False,False,False,1712995.44
10,2011-05-13,1712995.44,N/A,74.04,4.202,129.089,8.494,1841369.99,1873646.34,1808056.41,1906615.8233333335,1866678.0999999999,1905583.78,5,19,2,2011,False,False,False,False,False,False,False,False,False,True,False,False,False,False,False,False,False,False,False,False,False,False,False,False,False,False,False,False,False,False,False,False,False,False,False,False,False,False,False,False,False,False,False,False,False,False,False,False,False,1720908.01
10,2011-05-20,1720908.01,N/A,72.62,3.99,129.0756774,8.494,1712995.44,1841369.99,1847613.58,1809337.2566666668,1847555.1433333333,1872755.5208333333,5,20,2,2011,False,False,False,False,False,False,False,False,False,True,False,False,False,False,False,False,False,False,False,False,False,False,False,False,False,False,False,False,False,False,False,False,False,False,False,False,False,False,False,False,False,False,False,False,False,False,False,False,False,1743000.38
10,2011-05-27,1743000.38,N/A,78.62,3.933,129.0623548,8.494,1720908.01,1712995.44,1904618.17,1758424.4800000002,1822586.3566666667,1852164.7958333334,5,21,2,2011,False,False,False,False,False,False,False,False,False,True,False,False,False,False,False,False,False,False,False,False,False,False,False,False,False,False,False,False,False,False,False,False,False,False,False,False,False,False,False,False,False,False,False,False,False,False,False,False,False,1792210.89
10,2011-06-03,1792210.89,N/A,81.87,3.893,129.0490323,8.494,1743000.38,1720908.01,1931406.28,1725634.61,1816125.2166666668,1834247.8949999998,6,22,2,2011,False,False,False,False,False,False,False,False,False,True,False,False,False,False,False,False,False,False,False,False,False,False,False,False,False,False,False,False,False,False,False,False,False,False,False,False,False,False,False,False,False,False,False,False,False,False,False,False,False,1740063.1
10,2011-06-10,1740063.1,N/A,84.57,3.981,129.0357097,8.494,1792210.89,1743000.38,1827521.71,1752039.76,1780688.5083333335,1822476.3733333333,6,23,2,2011,False,False,False,False,False,False,False,False,False,True,False,False,False,False,False,False,False,False,False,False,False,False,False,False,False,False,False,False,False,False,False,False,False,False,False,False,False,False,False,False,False,False,False,False,False,False,False,False,False,1817934.76
10,2011-06-17,1817934.76,N/A,87.96,3.935,129.0432,8.494,1740063.1,1792210.89,1837636.24,1758424.79,1758424.635,1810420.4391666667,6,24,2,2011,False,False,False,False,False,False,False,False,False,True,False,False,False,False,False,False,False,False,False,False,False,False,False,False,False,False,False,False,False,False,False,False,False,False,False,False,False,False,False,False,False,False,False,False,False,False,False,False,False,1711813.13
10,2011-06-24,1711813.13,N/A,90.69,3.807,129.0663,8.494,1817934.76,1740063.1,1768172.31,1783402.9166666667,1754518.7633333334,1810598.4316666666,6,25,2,2011,False,False,False,False,False,False,False,False,False,True,False,False,False,False,False,False,False,False,False,False,False,False,False,False,False,False,False,False,False,False,False,False,False,False,False,False,False,False,False,False,False,False,False,False,False,False,False,False,False,1751369.75
10,2011-07-01,1751369.75,N/A,95.36,3.842,129.0894,8.257,1711813.13,1817934.76,1845893.87,1756603.6633333333,1754321.7116666667,1800938.4275,7,26,3,2011,False,False,False,False,False,False,False,False,False,True,False,False,False,False,False,False,False,False,False,False,False,False,False,False,False,False,False,False,False,False,False,False,False,False,False,False,False,False,False,False,False,False,False,False,False,False,False,False,False,1699708.38
10,2011-07-08,1699708.38,N/A,88.57,3.793,129.1125,8.257,1751369.75,1711813.13,1769793.37,1760372.5466666669,1759398.668333333,1790992.5125,7,27,3,2011,False,False,False,False,False,False,False,False,False,True,False,False,False,False,False,False,False,False,False,False,False,False,False,False,False,False,False,False,False,False,False,False,False,False,False,False,False,False,False,False,False,False,False,False,False,False,False,False,False,1775068.4
10,2011-07-15,1775068.4,N/A,86.01,3.779,129.1338387,8.257,1699708.38,1751369.75,1828052.47,1720963.7533333332,1752183.335,1784154.2758333336,7,28,3,2011,False,False,False,False,False,False,False,False,False,True,False,False,False,False,False,False,False,False,False,False,False,False,False,False,False,False,False,False,False,False,False,False,False,False,False,False,False,False,False,False,False,False,False,False,False,False,False,False,False,1774342.61
10,2011-07-22,1774342.61,N/A,88.59,3.697,129.1507742,8.257,1775068.4,1699708.38,1831676.03,1742048.8433333335,1749326.2533333332,1765007.3808333334,7,29,3,2011,False,False,False,False,False,False,False,False,False,True,False,False,False,False,False,False,False,False,False,False,False,False,False,False,False,False,False,False,False,False,False,False,False,False,False,False,False,False,False,False,False,False,False,False,False,False,False,False,False,1745841.33
10,2011-07-29,1745841.33,N/A,86.75,3.694,129.1677097,8.257,1774342.61,1775068.4,1832664.03,1749706.4633333336,1755039.505,1756732.07,7,30,3,2011,False,False,False,False,False,False,False,False,False,True,False,False,False,False,False,False,False,False,False,False,False,False,False,False,False,False,False,False,False,False,False,False,False,False,False,False,False,False,False,False,False,False,False,False,False,False,False,False,False,1886299.98
10,2011-08-05,1886299.98,N/A,89.8,3.803,129.1846452,8.257,1745841.33,1774342.61,1949236.09,1765084.1133333335,1743023.9333333333,1748771.3483333334,8,31,3,2011,False,False,False,False,False,False,False,False,False,True,False,False,False,False,False,False,False,False,False,False,False,False,False,False,False,False,False,False,False,False,False,False,False,False,False,False,False,False,False,False,False,False,False,False,False,False,False,False,False,1917397.63
10,2011-08-12,1917397.63,N/A,85.61,3.794,129.2015806,8.257,1886299.98,1745841.33,1962996.7,1802161.3066666669,1772105.075,1763213.3933333333,8,32,3,2011,False,False,False,False,False,False,False,False,False,True,False,False,False,False,False,False,False,False,False,False,False,False,False,False,False,False,False,False,False,False,False,False,False,False,False,False,False,False,False,False,False,False,False,False,False,False,False,False,False,1954849.68
10,2011-08-19,1954849.68,N/A,87.4,3.743,129.2405806,8.257,1917397.63,1886299.98,1983190.56,1849846.3133333335,1799776.388333333,1779587.5283333333,8,33,3,2011,False,False,False,False,False,False,False,False,False,True,False,False,False,False,False,False,False,False,False,False,False,False,False,False,False,False,False,False,False,False,False,False,False,False,False,False,False,False,False,False,False,False,False,False,False,False,False,False,False,1728399.07
10,2011-08-26,1728399.07,N/A,91.59,3.663,129.2832581,8.257,1954849.68,1917397.63,1727565.42,1919515.7633333334,1842299.9383333332,1797241.6366666667,8,34,3,2011,False,False,False,False,False,False,False,False,False,True,False,False,False,False,False,False,False,False,False,False,False,False,False,False,False,False,False,False,False,False,False,False,False,False,False,False,False,False,False,False,False,False,False,False,False,False,False,False,False,1758587.35
10,2011-09-02,1758587.35,N/A,91.61,3.798,129.3259355,8.257,1728399.07,1954849.68,1766331.45,1866882.126666667,1834521.7166666666,1791923.985,9,35,3,2011,False,False,False,False,False,False,False,False,False,True,False,False,False,False,False,False,False,False,False,False,False,False,False,False,False,False,False,False,False,False,False,False,False,False,False,False,False,False,False,False,False,False,False,False,False,False,False,False,False,1670579.82
10,2011-09-09,1670579.82,Labor Day,89.06,3.771,129.3686129,8.257,1758587.35,1728399.07,1720530.23,1813945.366666667,1831895.84,1793467.6725,9,36,3,2011,False,False,False,False,False,False,False,False,False,True,False,False,False,False,False,False,False,False,False,False,False,False,False,False,False,False,False,False,False,False,False,False,False,False,False,False,False,False,False,False,False,False,False,False,False,False,False,True,False,1650894.3
10,2011-09-16,1650894.3,N/A,77.49,3.784,129.4306,8.257,1670579.82,1758587.35,1716755.78,1719188.7466666668,1819352.2550000001,1781188.0941666665,9,37,3,2011,False,False,False,False,False,False,False,False,False,True,False,False,False,False,False,False,False,False,False,False,False,False,False,False,False,False,False,False,False,False,False,False,False,False,False,False,False,False,False,False,False,False,False,False,False,False,False,False,False,1685910.53
10,2011-09-23,1685910.53,N/A,82.51,3.789,129.5183333,8.257,1650894.3,1670579.82,1655036.75,1693353.8233333335,1780117.9749999999,1776111.5250000001,9,38,3,2011,False,False,False,False,False,False,False,False,False,True,False,False,False,False,False,False,False,False,False,False,False,False,False,False,False,False,False,False,False,False,False,False,False,False,False,False,False,False,False,False,False,False,False,False,False,False,False,False,False,1627707.31
10,2011-09-30,1627707.31,N/A,82.27,3.877,129.6060667,8.257,1685910.53,1650894.3,1645892.97,1669128.2166666668,1741536.7916666667,1770656.59,9,39,3,2011,False,False,False,False,False,False,False,False,False,True,False,False,False,False,False,False,False,False,False,False,False,False,False,False,False,False,False,False,False,False,False,False,False,False,False,False,False,False,False,False,False,False,False,False,False,False,False,False,False,1788227.6
10,2011-10-07,1788227.6,N/A,75.01,3.827,129.6938,7.874,1627707.31,1685910.53,1772192.42,1654837.3800000001,1687013.0633333335,1764656.5008333335,10,40,4,2011,False,False,False,False,False,False,False,False,False,True,False,False,False,False,False,False,False,False,False,False,False,False,False,False,False,False,False,False,False,False,False,False,False,False,False,False,False,False,False,False,False,False,False,False,False,False,False,False,False,1704753.02
10,2011-10-14,1704753.02,N/A,70.27,3.698,129.7706452,7.874,1788227.6,1627707.31,1703850.25,1700615.1466666672,1696984.485,1765753.1008333333,10,41,4,2011,False,False,False,False,False,False,False,False,False,True,False,False,False,False,False,False,False,False,False,False,False,False,False,False,False,False,False,False,False,False,False,False,False,False,False,False,False,False,False,False,False,False,False,False,False,False,False,False,False,1745928.56
10,2011-10-21,1745928.56,N/A,77.91,3.842,129.7821613,7.874,1704753.02,1788227.6,1740234.06,1706895.9766666668,1688012.0966666667,1759953.9683333335,10,42,4,2011,False,False,False,False,False,False,False,False,False,True,False,False,False,False,False,False,False,False,False,False,False,False,False,False,False,False,False,False,False,False,False,False,False,False,False,False,False,False,False,False,False,False,False,False,False,False,False,False,False,1771792.97
11,2011-02-04,1422546.05,N/A,47.17,2.989,215.8863367,7.551,1100418.69,1187776.19,1528008.64,1160881.5533333335,1356636.4266666665,1438341.1216666668,2,5,1,2011,False,False,False,False,False,False,False,False,False,False,True,False,False,False,False,False,False,False,False,False,False,False,False,False,False,False,False,False,False,False,False,False,False,False,False,False,False,False,False,False,False,False,False,False,False,False,False,False,False,1419236.9
11,2011-02-11,1419236.9,Super Bowl,44.61,3.022,216.2660913,7.551,1422546.05,1100418.69,1574684.08,1236913.6433333333,1209349.875,1450080.3258333334,2,6,1,2011,False,False,False,False,False,False,False,False,False,False,True,False,False,False,False,False,False,False,False,False,False,False,False,False,False,False,False,False,False,False,False,False,False,False,False,False,False,False,False,False,False,False,False,False,False,False,False,False,True,1554747.15
11,2011-02-18,1554747.15,N/A,61.5,3.045,216.5843571,7.551,1419236.9,1422546.05,1503298.7,1314067.2133333334,1250555.5083333333,1460654.5200000003,2,7,1,2011,False,False,False,False,False,False,False,False,False,False,True,False,False,False,False,False,False,False,False,False,False,False,False,False,False,False,False,False,False,False,False,False,False,False,False,False,False,False,False,False,False,False,False,False,False,False,False,False,False,1323999.36
11,2011-02-25,1323999.36,N/A,68.74,3.065,216.8780275,7.551,1554747.15,1419236.9,1336404.65,1465510.0333333332,1313195.7933333332,1443779.9066666665,2,8,1,2011,False,False,False,False,False,False,False,False,False,False,True,False,False,False,False,False,False,False,False,False,False,False,False,False,False,False,False,False,False,False,False,False,False,False,False,False,False,False,False,False,False,False,False,False,False,False,False,False,False,1399456.99
11,2011-03-04,1399456.99,N/A,66.5,3.288,217.1716979,7.551,1323999.36,1554747.15,1426622.65,1432661.1366666667,1334787.39,1439069.6333333335,3,9,1,2011,False,False,False,False,False,False,False,False,False,False,True,False,False,False,False,False,False,False,False,False,False,False,False,False,False,False,False,False,False,False,False,False,False,False,False,False,False,False,False,False,False,False,False,False,False,False,False,False,False,1314557.31
11,2011-03-11,1314557.31,N/A,63.29,3.459,217.4653683,7.551,1399456.99,1323999.36,1331883.16,1426067.8333333333,1370067.5233333332,1425314.68,3,10,1,2011,False,False,False,False,False,False,False,False,False,False,True,False,False,False,False,False,False,False,False,False,False,False,False,False,False,False,False,False,False,False,False,False,False,False,False,False,False,False,False,False,False,False,False,False,False,False,False,False,False,1391813.69
11,2011-03-18,1391813.69,N/A,70.17,3.488,217.7235226,7.551,1314557.31,1399456.99,1364207.0,1346004.5533333335,1405757.2933333332,1381196.86,3,11,1,2011,False,False,False,False,False,False,False,False,False,False,True,False,False,False,False,False,False,False,False,False,False,False,False,False,False,False,False,False,False,False,False,False,False,False,False,False,False,False,False,False,False,False,False,False,False,False,False,False,False,1229777.24
11,2011-03-25,1229777.24,N/A,73.74,3.473,217.9674705,7.551,1391813.69,1314557.31,1245624.27,1368609.3299999998,1400635.2333333332,1304992.5541666667,3,12,1,2011,False,False,False,False,False,False,False,False,False,False,True,False,False,False,False,False,False,False,False,False,False,False,False,False,False,False,False,False,False,False,False,False,False,False,False,False,False,False,False,False,False,False,False,False,False,False,False,False,False,1258674.12
11,2011-04-01,1258674.12,N/A,69.1,3.524,218.2114184,7.574,1229777.24,1391813.69,1446210.26,1312049.4133333333,1369058.6233333333,1309807.0658333334,4,13,2,2011,False,False,False,False,False,False,False,False,False,False,True,False,False,False,False,False,False,False,False,False,False,False,False,False,False,False,False,False,False,False,False,False,False,False,False,False,False,False,False,False,False,False,False,False,False,False,False,False,False,1327401.06
11,2011-04-08,1327401.06,N/A,73.57,3.622,218.4553663,7.574,1258674.12,1229777.24,1470308.32,1293421.6833333333,1319713.1183333334,1316454.4558333333,4,14,2,2011,False,False,False,False,False,False,False,False,False,False,True,False,False,False,False,False,False,False,False,False,False,False,False,False,False,False,False,False,False,False,False,False,False,False,False,False,False,False,False,False,False,False,False,False,False,False,False,False,False,1312905.8
11,2011-04-15,1312905.8,N/A,76.64,3.743,218.6788642,7.574,1327401.06,1258674.12,1323243.35,1271950.8066666666,1320280.0683333334,1327533.7291666667,4,15,2,2011,False,False,False,False,False,False,False,False,False,False,True,False,False,False,False,False,False,False,False,False,False,False,False,False,False,False,False,False,False,False,False,False,False,False,False,False,False,False,False,False,False,False,False,False,False,False,False,False,False,1388118.53
11,2011-04-22,1388118.53,N/A,78.31,3.807,218.851237,7.574,1312905.8,1327401.06,1283766.55,1299660.3266666667,1305854.87,1337961.1966666668,4,16,2,2011,False,False,False,False,False,False,False,False,False,False,True,False,False,False,False,False,False,False,False,False,False,False,False,False,False,False,False,False,False,False,False,False,False,False,False,False,False,False,False,False,False,False,False,False,False,False,False,False,False,1357589.89
11,2011-04-29,1357589.89,N/A,79.97,3.81,219.0236099,7.574,1388118.53,1312905.8,1239766.89,1342808.4633333336,1318115.0733333332,1361936.1833333333,4,17,2,2011,False,False,False,False,False,False,False,False,False,False,True,False,False,False,False,False,False,False,False,False,False,False,False,False,False,False,False,False,False,False,False,False,False,False,False,False,False,False,False,False,False,False,False,False,False,False,False,False,False,1331453.41
11,2011-05-06,1331453.41,N/A,71.39,3.906,219.1959827,7.574,1357589.89,1388118.53,1312329.78,1352871.4066666665,1312411.1066666667,1356523.1700000002,5,18,2,2011,False,False,False,False,False,False,False,False,False,False,True,False,False,False,False,False,False,False,False,False,False,False,False,False,False,False,False,False,False,False,False,False,False,False,False,False,False,False,False,False,False,False,False,False,False,False,False,False,False,1277959.42
11,2011-05-13,1277959.42,N/A,80.93,3.899,219.3683556,7.574,1331453.41,1357589.89,1266796.13,1359053.9433333334,1329357.135,1349207.8791666667,5,19,2,2011,False,False,False,False,False,False,False,False,False,False,True,False,False,False,False,False,False,False,False,False,False,False,False,False,False,False,False,False,False,False,False,False,False,False,False,False,False,False,False,False,False,False,False,False,False,False,False,False,False,1239466.97
11,2011-05-20,1239466.97,N/A,76.97,3.907,219.127216,7.574,1277959.42,1331453.41,1271646.62,1322334.24,1332571.3516666666,1326142.235,5,20,2,2011,False,False,False,False,False,False,False,False,False,False,True,False,False,False,False,False,False,False,False,False,False,False,False,False,False,False,False,False,False,False,False,False,False,False,False,False,False,False,False,False,False,False,False,False,False,False,False,False,False,1216876.52
11,2011-05-27,1216876.52,N/A,85.61,3.786,218.8860765,7.574,1239466.97,1277959.42,1264272.52,1282959.9333333333,1317915.67,1319097.8691666666,5,21,2,2011,False,False,False,False,False,False,False,False,False,False,True,False,False,False,False,False,False,False,False,False,False,False,False,False,False,False,False,False,False,False,False,False,False,False,False,False,False,False,False,False,False,False,False,False,False,False,False,False,False,1343637.0
11,2011-06-03,1343637.0,N/A,86.14,3.699,218.6449369,7.574,1216876.52,1239466.97,1396322.19,1244767.6366666665,1301910.7899999998,1303882.83,6,22,2,2011,False,False,False,False,False,False,False,False,False,False,True,False,False,False,False,False,False,False,False,False,False,False,False,False,False,False,False,False,False,False,False,False,False,False,False,False,False,False,False,False,False,False,False,False,False,False,False,False,False,1314626.75
11,2011-06-10,1314626.75,N/A,85.79,3.648,218.4037974,7.574,1343637.0,1216876.52,1339570.85,1266660.1633333333,1294497.2016666667,1306306.1375,6,23,2,2011,False,False,False,False,False,False,False,False,False,False,True,False,False,False,False,False,False,False,False,False,False,False,False,False,False,False,False,False,False,False,False,False,False,False,False,False,False,False,False,False,False,False,False,False,False,False,False,False,False,1337506.74
11,2011-06-17,1337506.74,N/A,87.9,3.637,218.3551748,7.574,1314626.75,1343637.0,1336522.92,1291713.4233333333,1287336.6783333335,1299873.8925,6,24,2,2011,False,False,False,False,False,False,False,False,False,False,True,False,False,False,False,False,False,False,False,False,False,False,False,False,False,False,False,False,False,False,False,False,False,False,False,False,False,False,False,False,False,False,False,False,False,False,False,False,False,1254587.84
11,2011-06-24,1254587.84,N/A,86.13,3.594,218.45094,7.574,1337506.74,1314626.75,1262025.08,1331923.4966666668,1288345.5666666667,1308851.3508333333,6,25,2,2011,False,False,False,False,False,False,False,False,False,False,True,False,False,False,False,False,False,False,False,False,False,False,False,False,False,False,False,False,False,False,False,False,False,False,False,False,False,False,False,False,False,False,False,False,False,False,False,False,False,1297472.06
11,2011-07-01,1297472.06,N/A,86.43,3.524,218.5467052,7.567,1254587.84,1337506.74,1302600.14,1302240.4433333334,1284450.3033333335,1308510.8275,7,26,3,2011,False,False,False,False,False,False,False,False,False,False,True,False,False,False,False,False,False,False,False,False,False,False,False,False,False,False,False,False,False,False,False,False,False,False,False,False,False,False,False,False,False,False,False,False,False,False,False,False,False,1334627.96
11,2011-07-08,1334627.96,N/A,87.17,3.48,218.6424704,7.567,1297472.06,1254587.84,1280156.47,1296522.2133333334,1294117.8183333334,1306016.7441666666,7,27,3,2011,False,False,False,False,False,False,False,False,False,False,True,False,False,False,False,False,False,False,False,False,False,False,False,False,False,False,False,False,False,False,False,False,False,False,False,False,False,False,False,False,False,False,False,False,False,False,False,False,False,1266546.73
11,2011-07-15,1266546.73,N/A,88.3,3.575,218.7275216,7.567,1334627.96,1297472.06,1290609.54,1295562.62,1313743.0583333333,1307826.9241666666,7,28,3,2011,False,False,False,False,False,False,False,False,False,False,True,False,False,False,False,False,False,False,False,False,False,False,False,False,False,False,False,False,False,False,False,False,False,False,False,False,False,False,False,False,False,False,False,False,False,False,False,False,False,1290576.44
11,2011-07-22,1290576.44,N/A,87.8,3.651,218.7857881,7.567,1266546.73,1334627.96,1244390.03,1299548.9166666667,1300894.68,1297695.9408333332,7,29,3,2011,False,False,False,False,False,False,False,False,False,False,True,False,False,False,False,False,False,False,False,False,False,False,False,False,False,False,False,False,False,False,False,False,False,False,False,False,False,False,False,False,False,False,False,False,False,False,False,False,False,1212938.67
11,2011-07-29,1212938.67,N/A,89.46,3.682,218.8440545,7.567,1290576.44,1266546.73,1250178.89,1297250.3766666667,1296886.295,1292111.4866666666,7,30,3,2011,False,False,False,False,False,False,False,False,False,False,True,False,False,False,False,False,False,False,False,False,False,False,False,False,False,False,False,False,False,False,False,False,False,False,False,False,False,False,False,False,False,False,False,False,False,False,False,False,False,1403198.94
11,2011-08-05,1403198.94,N/A,90.04,3.684,218.9023209,7.567,1212938.67,1290576.44,1369634.92,1256687.28,1276124.95,1282235.2583333333,8,31,3,2011,False,False,False,False,False,False,False,False,False,False,True,False,False,False,False,False,False,False,False,False,False,False,False,False,False,False,False,False,False,False,False,False,False,False,False,False,False,False,False,False,False,False,False,False,False,False,False,False,False,1354188.43
11,2011-08-12,1354188.43,N/A,90.3,3.638,218.9605873,7.567,1403198.94,1212938.67,1384339.1,1302238.0166666666,1300893.4666666666,1292671.885,8,32,3,2011,False,False,False,False,False,False,False,False,False,False,True,False,False,False,False,False,False,False,False,False,False,False,False,False,False,False,False,False,False,False,False,False,False,False,False,False,False,False,False,False,False,False,False,False,False,False,False,False,False,1484169.74
11,2011-08-19,1484169.74,N/A,89.51,3.554,219.023271,7.567,1354188.43,1403198.94,1430192.37,1323442.0133333334,1310346.195,1302232.0066666666,8,33,3,2011,False,False,False,False,False,False,False,False,False,False,True,False,False,False,False,False,False,False,False,False,False,False,False,False,False,False,False,False,False,False,False,False,False,False,False,False,False,False,False,False,False,False,False,False,False,False,False,False,False,1304706.75
11,2011-08-26,1304706.75,N/A,89.09,3.523,219.0866908,7.567,1484169.74,1354188.43,1311263.07,1413852.3699999999,1335269.825,1324506.4416666667,8,34,3,2011,False,False,False,False,False,False,False,False,False,False,True,False,False,False,False,False,False,False,False,False,False,False,False,False,False,False,False,False,False,False,False,False,False,False,False,False,False,False,False,False,False,False,False,False,False,False,False,False,False,1297792.41
11,2011-09-02,1297792.41,N/A,91.44,3.533,219.1501106,7.567,1304706.75,1484169.74,1303914.27,1381021.64,1341629.8283333334,1321262.2541666667,9,35,3,2011,False,False,False,False,False,False,False,False,False,False,True,False,False,False,False,False,False,False,False,False,False,False,False,False,False,False,False,False,False,False,False,False,False,False,False,False,False,False,False,False,False,False,False,False,False,False,False,False,False,1249439.95
11,2011-09-09,1249439.95,Labor Day,84.91,3.546,219.2135305,7.567,1297792.41,1304706.75,1231428.46,1362222.9666666668,1342832.49,1319859.3925,9,36,3,2011,False,False,False,False,False,False,False,False,False,False,True,False,False,False,False,False,False,False,False,False,False,False,False,False,False,False,False,False,False,False,False,False,False,False,False,False,False,False,False,False,False,False,False,False,False,False,False,True,False,1270816.01
11,2011-09-16,1270816.01,N/A,85.11,3.526,219.3972867,7.567,1249439.95,1297792.41,1215676.31,1283979.7033333334,1348916.0366666664,1312520.4933333334,9,37,3,2011,False,False,False,False,False,False,False,False,False,False,True,False,False,False,False,False,False,False,False,False,False,False,False,False,False,False,False,False,False,False,False,False,False,False,False,False,False,False,False,False,False,False,False,False,False,False,False,False,False,1235775.15
11,2011-09-23,1235775.15,N/A,82.14,3.467,219.7414914,7.567,1270816.01,1249439.95,1170103.25,1272682.79,1326852.215,1313872.840833333,9,38,3,2011,False,False,False,False,False,False,False,False,False,False,True,False,False,False,False,False,False,False,False,False,False,False,False,False,False,False,False,False,False,False,False,False,False,False,False,False,False,False,False,False,False,False,False,False,False,False,False,False,False,1190515.83
11,2011-09-30,1190515.83,N/A,84.4,3.355,220.085696,7.567,1235775.15,1270816.01,1182490.46,1252010.3699999999,1307116.6683333332,1308731.4316666666,9,39,3,2011,False,False,False,False,False,False,False,False,False,False,True,False,False,False,False,False,False,False,False,False,False,False,False,False,False,False,False,False,False,False,False,False,False,False,False,False,False,False,False,False,False,False,False,False,False,False,False,False,False,1346271.06
11,2011-10-07,1346271.06,N/A,76.97,3.285,220.4299007,7.197,1190515.83,1235775.15,1293472.8,1232368.9966666668,1258174.3499999999,1296722.0875,10,40,4,2011,False,False,False,False,False,False,False,False,False,False,True,False,False,False,False,False,False,False,False,False,False,False,False,False,False,False,False,False,False,False,False,False,False,False,False,False,False,False,False,False,False,False,False,False,False,False,False,False,False,1286388.96
11,2011-10-14,1286388.96,N/A,75.56,3.274,220.7486167,7.197,1346271.06,1190515.83,1175003.67,1257520.68,1265101.735,1303365.7816666667,10,41,4,2011,False,False,False,False,False,False,False,False,False,False,True,False,False,False,False,False,False,False,False,False,False,False,False,False,False,False,False,False,False,False,False,False,False,False,False,False,False,False,False,False,False,False,False,False,False,False,False,False,False,1325107.53
11,2011-10-21,1325107.53,N/A,70.91,3.353,220.9144005,7.197,1286388.96,1346271.06,1169831.38,1274391.95,1263201.16,1303016.825,10,42,4,2011,False,False,False,False,False,False,False,False,False,False,True,False,False,False,False,False,False,False,False,False,False,False,False,False,False,False,False,False,False,False,False,False,False,False,False,False,False,False,False,False,False,False,False,False,False,False,False,False,False,1310684.1
12,2011-02-04,1046068.17,N/A,45.14,3.348,127.7195806,14.021,873119.06,802105.5,1100046.37,829078.7866666667,1009555.5666666668,1081896.035,2,5,1,2011,False,False,False,False,False,False,False,False,False,False,False,True,False,False,False,False,False,False,False,False,False,False,False,False,False,False,False,False,False,False,False,False,False,False,False,False,False,False,False,False,False,False,False,False,False,False,False,False,False,1086421.57
12,2011-02-11,1086421.57,Super Bowl,51.3,3.381,127.859129,14.021,1046068.17,873119.06,1117863.33,907097.5766666667,889191.9466666667,1090528.7791666668,2,6,1,2011,False,False,False,False,False,False,False,False,False,False,False,True,False,False,False,False,False,False,False,False,False,False,False,False,False,False,False,False,False,False,False,False,False,False,False,False,False,False,False,False,False,False,False,False,False,False,False,False,True,1128485.1
12,2011-02-18,1128485.1,N/A,53.35,3.43,127.99525,14.021,1086421.57,1046068.17,1095421.65,1001869.6,921639.3900000001,1106522.7683333333,2,7,1,2011,False,False,False,False,False,False,False,False,False,False,False,True,False,False,False,False,False,False,False,False,False,False,False,False,False,False,False,False,False,False,False,False,False,False,False,False,False,False,False,False,False,False,False,False,False,False,False,False,False,1046203.72
12,2011-02-25,1046203.72,N/A,48.45,3.53,128.13,14.021,1128485.1,1086421.57,1048617.17,1086991.6133333333,958035.2000000001,1067115.0758333334,2,8,1,2011,False,False,False,False,False,False,False,False,False,False,False,True,False,False,False,False,False,False,False,False,False,False,False,False,False,False,False,False,False,False,False,False,False,False,False,False,False,False,False,False,False,False,False,False,False,False,False,False,False,1085248.21
12,2011-03-04,1085248.21,N/A,51.72,3.674,128.26475,14.021,1046203.72,1128485.1,1077018.27,1087036.7966666666,997067.1866666669,1065170.9549999998,3,9,1,2011,False,False,False,False,False,False,False,False,False,False,False,True,False,False,False,False,False,False,False,False,False,False,False,False,False,False,False,False,False,False,False,False,False,False,False,False,False,False,False,False,False,False,False,False,False,False,False,False,False,997672.62
12,2011-03-11,997672.62,N/A,57.75,3.818,128.3995,14.021,1085248.21,1046203.72,985594.23,1086645.6766666668,1044257.6383333333,1062113.7933333335,3,10,1,2011,False,False,False,False,False,False,False,False,False,False,False,True,False,False,False,False,False,False,False,False,False,False,False,False,False,False,False,False,False,False,False,False,False,False,False,False,False,False,False,False,False,False,False,False,False,False,False,False,False,1009502.01
12,2011-03-18,1009502.01,N/A,64.21,3.692,128.5121935,14.021,997672.62,1085248.21,972088.34,1043041.5166666666,1065016.565,1037286.0658333333,3,11,1,2011,False,False,False,False,False,False,False,False,False,False,False,True,False,False,False,False,False,False,False,False,False,False,False,False,False,False,False,False,False,False,False,False,False,False,False,False,False,False,False,False,False,False,False,False,False,False,False,False,False,954107.32
12,2011-03-25,954107.32,N/A,54.4,3.909,128.6160645,14.021,1009502.01,997672.62,981615.81,1030807.6133333333,1058922.205,974057.0758333333,3,12,1,2011,False,False,False,False,False,False,False,False,False,False,False,True,False,False,False,False,False,False,False,False,False,False,False,False,False,False,False,False,False,False,False,False,False,False,False,False,False,False,False,False,False,False,False,False,False,False,False,False,False,1005463.49
12,2011-04-01,1005463.49,N/A,63.63,3.772,128.7199355,13.736,954107.32,1009502.01,1011822.3,987093.9833333334,1036869.83,979254.61,4,13,2,2011,False,False,False,False,False,False,False,False,False,False,False,True,False,False,False,False,False,False,False,False,False,False,False,False,False,False,False,False,False,False,False,False,False,False,False,False,False,False,False,False,False,False,False,False,False,False,False,False,False,998362.05
12,2011-04-08,998362.05,N/A,64.47,4.003,128.8238065,13.736,1005463.49,954107.32,1041238.87,989690.94,1016366.2283333334,987200.7141666667,4,14,2,2011,False,False,False,False,False,False,False,False,False,False,False,True,False,False,False,False,False,False,False,False,False,False,False,False,False,False,False,False,False,False,False,False,False,False,False,False,False,False,False,False,False,False,False,False,False,False,False,False,False,990951.77
12,2011-04-15,990951.77,N/A,57.63,3.868,128.9107333,13.736,998362.05,1005463.49,957997.52,985977.6200000001,1008392.6166666667,1002729.9016666667,4,15,2,2011,False,False,False,False,False,False,False,False,False,False,False,True,False,False,False,False,False,False,False,False,False,False,False,False,False,False,False,False,False,False,False,False,False,False,False,False,False,False,False,False,False,False,False,False,False,False,False,False,False,1016019.47
12,2011-04-22,1016019.47,N/A,72.12,4.134,128.9553,13.736,990951.77,998362.05,993833.44,998259.1033333334,992676.5433333335,1018467.0908333333,4,16,2,2011,False,False,False,False,False,False,False,False,False,False,False,True,False,False,False,False,False,False,False,False,False,False,False,False,False,False,False,False,False,False,False,False,False,False,False,False,False,False,False,False,False,False,False,False,False,False,False,False,False,994966.1
12,2011-04-29,994966.1,N/A,68.27,4.151,128.9998667,13.736,1016019.47,990951.77,954220.22,1001777.7633333333,995734.3516666667,1030375.4583333334,4,17,2,2011,False,False,False,False,False,False,False,False,False,False,False,True,False,False,False,False,False,False,False,False,False,False,False,False,False,False,False,False,False,False,False,False,False,False,False,False,False,False,False,False,False,False,False,False,False,False,False,False,False,1021154.48
12,2011-05-06,1021154.48,N/A,68.4,4.193,129.0444333,13.736,994966.1,1016019.47,1043240.27,1000645.7799999999,993311.6999999998,1026116.9525,5,18,2,2011,False,False,False,False,False,False,False,False,False,False,False,True,False,False,False,False,False,False,False,False,False,False,False,False,False,False,False,False,False,False,False,False,False,False,False,False,False,False,False,False,False,False,False,False,False,False,False,False,False,977033.5
12,2011-05-13,977033.5,N/A,70.93,4.202,129.089,13.736,1021154.48,994966.1,966054.97,1010713.35,1004486.2266666667,1020678.0283333333,5,19,2,2011,False,False,False,False,False,False,False,False,False,False,False,True,False,False,False,False,False,False,False,False,False,False,False,False,False,False,False,False,False,False,False,False,False,False,False,False,False,False,False,False,False,False,False,False,False,False,False,False,False,924134.99
12,2011-05-20,924134.99,N/A,66.59,4.169,129.0756774,13.736,977033.5,1021154.48,958374.56,997718.0266666667,999747.895,1008057.0616666665,5,20,2,2011,False,False,False,False,False,False,False,False,False,False,False,True,False,False,False,False,False,False,False,False,False,False,False,False,False,False,False,False,False,False,False,False,False,False,False,False,False,False,False,False,False,False,False,False,False,False,False,False,False,964332.51
12,2011-05-27,964332.51,N/A,76.67,4.087,129.0623548,13.736,924134.99,977033.5,955451.16,974107.6566666666,987376.7183333334,997884.6675,5,21,2,2011,False,False,False,False,False,False,False,False,False,False,False,True,False,False,False,False,False,False,False,False,False,False,False,False,False,False,False,False,False,False,False,False,False,False,False,False,False,False,False,False,False,False,False,False,False,False,False,False,False,970328.68
12,2011-06-03,970328.68,N/A,71.81,4.031,129.0490323,13.736,964332.51,924134.99,1049357.36,955167.0,982940.1749999999,987808.3591666665,6,22,2,2011,False,False,False,False,False,False,False,False,False,False,False,True,False,False,False,False,False,False,False,False,False,False,False,False,False,False,False,False,False,False,False,False,False,False,False,False,False,False,False,False,False,False,False,False,False,False,False,False,False,996937.95
12,2011-06-10,996937.95,N/A,78.72,3.981,129.0357097,13.736,970328.68,964332.51,1016039.71,952932.0599999999,975325.0433333333,985529.6975000001,6,23,2,2011,False,False,False,False,False,False,False,False,False,False,False,True,False,False,False,False,False,False,False,False,False,False,False,False,False,False,False,False,False,False,False,False,False,False,False,False,False,False,False,False,False,False,False,False,False,False,False,False,False,986504.93
12,2011-06-17,986504.93,N/A,86.84,3.935,129.0432,13.736,996937.95,970328.68,956211.2,977199.7133333334,975653.685,984482.6925,6,24,2,2011,False,False,False,False,False,False,False,False,False,False,False,True,False,False,False,False,False,False,False,False,False,False,False,False,False,False,False,False,False,False,False,False,False,False,False,False,False,False,False,False,False,False,False,False,False,False,False,False,False,997282.75
12,2011-06-24,997282.75,N/A,88.95,3.898,129.0663,13.736,986504.93,996937.95,958007.69,984590.52,969878.7599999999,987182.4933333333,6,25,2,2011,False,False,False,False,False,False,False,False,False,False,False,True,False,False,False,False,False,False,False,False,False,False,False,False,False,False,False,False,False,False,False,False,False,False,False,False,False,False,False,False,False,False,False,False,False,False,False,False,False,961993.34
12,2011-07-01,961993.34,N/A,89.85,3.842,129.0894,13.503,997282.75,986504.93,951957.31,993575.21,973253.6349999999,986500.765,7,26,3,2011,False,False,False,False,False,False,False,False,False,False,False,True,False,False,False,False,False,False,False,False,False,False,False,False,False,False,False,False,False,False,False,False,False,False,False,False,False,False,False,False,False,False,False,False,False,False,False,False,False,943717.38
12,2011-07-08,943717.38,N/A,89.9,3.705,129.1125,13.503,961993.34,997282.75,943506.28,981927.0066666667,979563.36,983470.0391666666,7,27,3,2011,False,False,False,False,False,False,False,False,False,False,False,True,False,False,False,False,False,False,False,False,False,False,False,False,False,False,False,False,False,False,False,False,False,False,False,False,False,False,False,False,False,False,False,False,False,False,False,False,False,936001.98
12,2011-07-15,936001.98,N/A,88.1,3.692,129.1338387,13.503,943717.38,961993.34,916402.76,967664.4899999999,976127.505,979533.84,7,28,3,2011,False,False,False,False,False,False,False,False,False,False,False,True,False,False,False,False,False,False,False,False,False,False,False,False,False,False,False,False,False,False,False,False,False,False,False,False,False,False,False,False,False,False,False,False,False,False,False,False,False,922231.92
12,2011-07-22,922231.92,N/A,91.17,3.794,129.1507742,13.503,936001.98,943717.38,912403.67,947237.5666666665,970406.3883333333,972865.7158333333,7,29,3,2011,False,False,False,False,False,False,False,False,False,False,False,True,False,False,False,False,False,False,False,False,False,False,False,False,False,False,False,False,False,False,False,False,False,False,False,False,False,False,False,False,False,False,False,False,False,False,False,False,False,890547.07
12,2011-07-29,890547.07,N/A,93.29,3.805,129.1677097,13.503,922231.92,936001.98,913548.25,933983.7600000001,957955.3833333333,966804.5341666667,7,30,3,2011,False,False,False,False,False,False,False,False,False,False,False,True,False,False,False,False,False,False,False,False,False,False,False,False,False,False,False,False,False,False,False,False,False,False,False,False,False,False,False,False,False,False,False,False,False,False,False,False,False,988712.52
12,2011-08-05,988712.52,N/A,90.61,3.803,129.1846452,13.503,890547.07,922231.92,967576.95,916260.3233333334,941962.4066666667,955920.5833333334,8,31,3,2011,False,False,False,False,False,False,False,False,False,False,False,True,False,False,False,False,False,False,False,False,False,False,False,False,False,False,False,False,False,False,False,False,False,False,False,False,False,False,False,False,False,False,False,False,False,False,False,False,False,955913.68
12,2011-08-12,955913.68,N/A,91.04,3.701,129.2015806,13.503,988712.52,890547.07,928264.4,933830.5033333334,940534.035,956893.8350000001,8,32,3,2011,False,False,False,False,False,False,False,False,False,False,False,True,False,False,False,False,False,False,False,False,False,False,False,False,False,False,False,False,False,False,False,False,False,False,False,False,False,False,False,False,False,False,False,False,False,False,False,False,False,966817.24
12,2011-08-19,966817.24,N/A,91.74,3.743,129.2405806,13.503,955913.68,988712.52,948447.34,945057.7566666667,939520.7583333333,959542.0591666667,8,33,3,2011,False,False,False,False,False,False,False,False,False,False,False,True,False,False,False,False,False,False,False,False,False,False,False,False,False,False,False,False,False,False,False,False,False,False,False,False,False,False,False,False,False,False,False,False,False,False,False,False,False,1017593.47
12,2011-08-26,1017593.47,N/A,94.61,3.74,129.2832581,13.503,966817.24,955913.68,1004516.46,970481.1466666668,943370.735,959749.1200000001,8,34,3,2011,False,False,False,False,False,False,False,False,False,False,False,True,False,False,False,False,False,False,False,False,False,False,False,False,False,False,False,False,False,False,False,False,False,False,False,False,False,False,False,False,False,False,False,False,False,False,False,False,False,1052051.45
12,2011-09-02,1052051.45,N/A,93.66,3.798,129.3259355,13.503,1017593.47,966817.24,1075758.55,980108.13,956969.3166666668,963687.8524999999,9,35,3,2011,False,False,False,False,False,False,False,False,False,False,False,True,False,False,False,False,False,False,False,False,False,False,False,False,False,False,False,False,False,False,False,False,False,False,False,False,False,False,False,False,False,False,False,False,False,False,False,False,False,922850.57
12,2011-09-09,922850.57,Labor Day,88.0,3.913,129.3686129,13.503,1052051.45,1017593.47,903119.03,1012154.0533333333,978605.9049999999,968280.6441666667,9,36,3,2011,False,False,False,False,False,False,False,False,False,False,False,True,False,False,False,False,False,False,False,False,False,False,False,False,False,False,False,False,False,False,False,False,False,False,False,False,False,False,False,False,False,False,False,False,False,False,False,True,False,889290.23
12,2011-09-16,889290.23,N/A,76.36,3.918,129.4306,13.503,922850.57,1052051.45,852882.61,997498.4966666666,983989.8216666667,962976.1141666668,9,37,3,2011,False,False,False,False,False,False,False,False,False,False,False,True,False,False,False,False,False,False,False,False,False,False,False,False,False,False,False,False,False,False,False,False,False,False,False,False,False,False,False,False,False,False,False,False,False,False,False,False,False,871692.74
12,2011-09-23,871692.74,N/A,82.95,3.789,129.5183333,13.503,889290.23,922850.57,851919.34,954730.75,967419.4400000001,953976.7374999999,9,38,3,2011,False,False,False,False,False,False,False,False,False,False,False,True,False,False,False,False,False,False,False,False,False,False,False,False,False,False,False,False,False,False,False,False,False,False,False,False,False,False,False,False,False,False,False,False,False,False,False,False,False,866401.45
12,2011-09-30,866401.45,N/A,83.26,3.877,129.6060667,13.503,871692.74,889290.23,850936.26,894611.18,953382.6166666666,946451.6875,9,39,3,2011,False,False,False,False,False,False,False,False,False,False,False,True,False,False,False,False,False,False,False,False,False,False,False,False,False,False,False,False,False,False,False,False,False,False,False,False,False,False,False,False,False,False,False,False,False,False,False,False,False,951244.66
12,2011-10-07,951244.66,N/A,70.44,3.827,129.6938,12.89,866401.45,871692.74,918335.68,875794.8066666666,936646.6516666665,940008.6933333334,10,40,4,2011,False,False,False,False,False,False,False,False,False,False,False,True,False,False,False,False,False,False,False,False,False,False,False,False,False,False,False,False,False,False,False,False,False,False,False,False,False,False,False,False,False,False,False,False,False,False,False,False,False,927600.01
12,2011-10-14,927600.01,N/A,67.31,3.805,129.7706452,12.89,951244.66,866401.45,862419.84,896446.2833333333,925588.5166666666,941278.9166666666,10,41,4,2011,False,False,False,False,False,False,False,False,False,False,False,True,False,False,False,False,False,False,False,False,False,False,False,False,False,False,False,False,False,False,False,False,False,False,False,False,False,False,False,False,False,False,False,False,False,False,False,False,False,938604.58
12,2011-10-21,938604.58,N/A,73.05,3.842,129.7821613,12.89,927600.01,951244.66,857883.46,915082.04,904846.61,941726.2575,10,42,4,2011,False,False,False,False,False,False,False,False,False,False,False,True,False,False,False,False,False,False,False,False,False,False,False,False,False,False,False,False,False,False,False,False,False,False,False,False,False,False,False,False,False,False,False,False,False,False,False,False,False,990926.38
13,2011-02-04,1848186.58,N/A,23.35,2.974,127.7195806,7.47,1633663.12,1770177.37,1967220.53,1695385.6000000003,2016982.7316666667,2170845.8358333334,2,5,1,2011,False,False,False,False,False,False,False,False,False,False,False,False,True,False,False,False,False,False,False,False,False,False,False,False,False,False,False,False,False,False,False,False,False,False,False,False,False,False,False,False,False,False,False,False,False,False,False,False,False,1944438.9
13,2011-02-11,1944438.9,Super Bowl,30.83,3.034,127.859129,7.47,1848186.58,1633663.12,2030933.46,1750675.6900000002,1725696.6283333332,2163197.665,2,6,1,2011,False,False,False,False,False,False,False,False,False,False,False,False,True,False,False,False,False,False,False,False,False,False,False,False,False,False,False,False,False,False,False,False,False,False,False,False,False,False,False,False,False,False,False,False,False,False,False,False,True,2003480.59
13,2011-02-18,2003480.59,N/A,40.85,3.062,127.99525,7.47,1944438.9,1848186.58,1970274.64,1808762.8666666665,1770554.445,2164784.7475,2,7,1,2011,False,False,False,False,False,False,False,False,False,False,False,False,True,False,False,False,False,False,False,False,False,False,False,False,False,False,False,False,False,False,False,False,False,False,False,False,False,False,False,False,False,False,False,False,False,False,False,False,False,1831933.95
13,2011-02-25,1831933.95,N/A,33.17,3.12,128.13,7.47,2003480.59,1944438.9,1817850.32,1932035.3566666667,1813710.4783333335,2101208.1258333335,2,8,1,2011,False,False,False,False,False,False,False,False,False,False,False,False,True,False,False,False,False,False,False,False,False,False,False,False,False,False,False,False,False,False,False,False,False,False,False,False,False,False,False,False,False,False,False,False,False,False,False,False,False,1894960.68
13,2011-03-04,1894960.68,N/A,34.23,3.23,128.26475,7.47,1831933.95,2003480.59,1939980.43,1926617.8133333332,1838646.7516666667,2080254.2975,3,9,1,2011,False,False,False,False,False,False,False,False,False,False,False,False,True,False,False,False,False,False,False,False,False,False,False,False,False,False,False,False,False,False,False,False,False,False,False,False,False,False,False,False,False,False,False,False,False,False,False,False,False,1852432.58
13,2011-03-11,1852432.58,N/A,41.28,3.346,128.3995,7.47,1894960.68,1831933.95,1840686.94,1910125.0733333335,1859443.97,2033045.325,3,10,1,2011,False,False,False,False,False,False,False,False,False,False,False,False,True,False,False,False,False,False,False,False,False,False,False,False,False,False,False,False,False,False,False,False,False,False,False,False,False,False,False,False,False,False,False,False,False,False,False,False,False,1852443.78
13,2011-03-18,1852443.78,N/A,44.69,3.407,128.5121935,7.47,1852432.58,1894960.68,1879794.89,1859775.7366666666,1895905.5466666669,1956444.139166667,3,11,1,2011,False,False,False,False,False,False,False,False,False,False,False,False,True,False,False,False,False,False,False,False,False,False,False,False,False,False,False,False,False,False,False,False,False,False,False,False,False,False,False,False,False,False,False,False,False,False,False,False,False,1807545.43
13,2011-03-25,1807545.43,N/A,42.38,3.435,128.6160645,7.47,1852443.78,1852432.58,1882095.98,1866612.3466666667,1896615.08,1811155.8541666667,3,12,1,2011,False,False,False,False,False,False,False,False,False,False,False,False,True,False,False,False,False,False,False,False,False,False,False,False,False,False,False,False,False,False,False,False,False,False,False,False,False,False,False,False,False,False,False,False,False,False,False,False,False,1864238.64
13,2011-04-01,1864238.64,N/A,42.49,3.487,128.7199355,7.193,1807545.43,1852443.78,2142482.14,1837473.93,1873799.5016666667,1822176.9733333334,4,13,2,2011,False,False,False,False,False,False,False,False,False,False,False,False,True,False,False,False,False,False,False,False,False,False,False,False,False,False,False,False,False,False,False,False,False,False,False,False,False,False,False,False,False,False,False,False,False,False,False,False,False,1887465.04
13,2011-04-08,1887465.04,N/A,42.75,3.547,128.8238065,7.193,1864238.64,1807545.43,1898321.33,1841409.2833333332,1850592.51,1832151.4941666666,4,14,2,2011,False,False,False,False,False,False,False,False,False,False,False,False,True,False,False,False,False,False,False,False,False,False,False,False,False,False,False,False,False,False,False,False,False,False,False,False,False,False,False,False,False,False,False,False,False,False,False,False,False,1950994.04
13,2011-04-15,1950994.04,N/A,41.72,3.616,128.9107333,7.193,1887465.04,1864238.64,1819660.44,1853083.0366666664,1859847.6916666667,1849247.2216666667,4,15,2,2011,False,False,False,False,False,False,False,False,False,False,False,False,True,False,False,False,False,False,False,False,False,False,False,False,False,False,False,False,False,False,False,False,False,False,False,False,False,False,False,False,False,False,False,False,False,False,False,False,False,2124316.34
13,2011-04-22,2124316.34,N/A,47.55,3.655,128.9553,7.193,1950994.04,1887465.04,1909330.77,1900899.24,1869186.585,1864315.2775,4,16,2,2011,False,False,False,False,False,False,False,False,False,False,False,False,True,False,False,False,False,False,False,False,False,False,False,False,False,False,False,False,False,False,False,False,False,False,False,False,False,False,False,False,False,False,False,False,False,False,False,False,False,1895583.12
13,2011-04-29,1895583.12,N/A,43.85,3.683,128.9998667,7.193,2124316.34,1950994.04,1785823.37,1987591.8066666666,1914500.545,1905203.0458333334,4,17,2,2011,False,False,False,False,False,False,False,False,False,False,False,False,True,False,False,False,False,False,False,False,False,False,False,False,False,False,False,False,False,False,False,False,False,False,False,False,False,False,False,False,False,False,False,False,False,False,False,False,False,1986380.4
13,2011-05-06,1986380.4,N/A,47.75,3.744,129.0444333,7.193,1895583.12,2124316.34,2005478.46,1990297.8333333333,1921690.4349999998,1909152.7574999996,5,18,2,2011,False,False,False,False,False,False,False,False,False,False,False,False,True,False,False,False,False,False,False,False,False,False,False,False,False,False,False,False,False,False,False,False,False,False,False,False,False,False,False,False,False,False,False,False,False,False,False,False,False,1958823.56
13,2011-05-13,1958823.56,N/A,52.4,3.77,129.089,7.193,1986380.4,1895583.12,1890273.44,2002093.2866666664,1951496.2633333334,1912647.8825,5,19,2,2011,False,False,False,False,False,False,False,False,False,False,False,False,True,False,False,False,False,False,False,False,False,False,False,False,False,False,False,False,False,False,False,False,False,False,False,False,False,False,False,False,False,False,False,False,False,False,False,False,False,1860923.55
13,2011-05-20,1860923.55,N/A,52.12,3.802,129.0756774,7.193,1958823.56,1986380.4,1853657.6,1946929.0266666666,1967260.4166666667,1908926.4633333331,5,20,2,2011,False,False,False,False,False,False,False,False,False,False,False,False,True,False,False,False,False,False,False,False,False,False,False,False,False,False,False,False,False,False,False,False,False,False,False,False,False,False,False,False,False,False,False,False,False,False,False,False,False,1866369.93
13,2011-05-27,1866369.93,N/A,54.62,3.778,129.0623548,7.193,1860923.55,1958823.56,1877358.86,1935375.8366666667,1962836.835,1911342.2633333334,5,21,2,2011,False,False,False,False,False,False,False,False,False,False,False,False,True,False,False,False,False,False,False,False,False,False,False,False,False,False,False,False,False,False,False,False,False,False,False,False,False,False,False,False,False,False,False,False,False,False,False,False,False,1935593.87
13,2011-06-03,1935593.87,N/A,52.76,3.752,129.0490323,7.193,1866369.93,1860923.55,2022705.22,1895372.3466666667,1948732.8166666664,1908959.7008333334,6,22,2,2011,False,False,False,False,False,False,False,False,False,False,False,False,True,False,False,False,False,False,False,False,False,False,False,False,False,False,False,False,False,False,False,False,False,False,False,False,False,False,False,False,False,False,False,False,False,False,False,False,False,1997816.98
13,2011-06-10,1997816.98,N/A,61.39,3.732,129.0357097,7.193,1935593.87,1866369.93,2037880.96,1887629.1166666665,1917279.0716666665,1915889.8083333333,6,23,2,2011,False,False,False,False,False,False,False,False,False,False,False,False,True,False,False,False,False,False,False,False,False,False,False,False,False,False,False,False,False,False,False,False,False,False,False,False,False,False,False,False,False,False,False,False,False,False,False,False,False,2086433.49
13,2011-06-17,2086433.49,N/A,63.35,3.704,129.0432,7.193,1997816.98,1935593.87,2003435.31,1933260.26,1934318.048333333,1928004.241666667,6,24,2,2011,False,False,False,False,False,False,False,False,False,False,False,False,True,False,False,False,False,False,False,False,False,False,False,False,False,False,False,False,False,False,False,False,False,False,False,False,False,False,False,False,False,False,False,False,False,False,False,False,False,2009163.08
13,2011-06-24,2009163.08,N/A,66.38,3.668,129.0663,7.193,2086433.49,1997816.98,1970340.25,2006614.78,1950993.5633333332,1951244.913333333,6,25,2,2011,False,False,False,False,False,False,False,False,False,False,False,False,True,False,False,False,False,False,False,False,False,False,False,False,False,False,False,False,False,False,False,False,False,False,False,False,False,False,False,False,False,False,False,False,False,False,False,False,False,2048035.74
13,2011-07-01,2048035.74,N/A,74.29,3.613,129.0894,6.877,2009163.08,2086433.49,2018314.71,2031137.8499999999,1959383.4833333334,1963321.9500000002,7,26,3,2011,False,False,False,False,False,False,False,False,False,False,False,False,True,False,False,False,False,False,False,False,False,False,False,False,False,False,False,False,False,False,False,False,False,False,False,False,False,False,False,False,False,False,False,False,False,False,False,False,False,2021699.38
13,2011-07-08,2021699.38,N/A,77.3,3.563,129.1125,6.877,2048035.74,2009163.08,1870843.9,2047877.4366666668,1990568.8483333334,1976702.8416666666,7,27,3,2011,False,False,False,False,False,False,False,False,False,False,False,False,True,False,False,False,False,False,False,False,False,False,False,False,False,False,False,False,False,False,False,False,False,False,False,False,False,False,False,False,False,False,False,False,False,False,False,False,False,1956813.31
13,2011-07-15,1956813.31,N/A,75.59,3.553,129.1338387,6.877,2021699.38,2048035.74,1932231.05,2026299.3999999997,2016457.09,1982594.9533333331,7,28,3,2011,False,False,False,False,False,False,False,False,False,False,False,False,True,False,False,False,False,False,False,False,False,False,False,False,False,False,False,False,False,False,False,False,False,False,False,False,False,False,False,False,False,False,False,False,False,False,False,False,False,1987089.36
13,2011-07-22,1987089.36,N/A,78.5,3.563,129.1507742,6.877,1956813.31,2021699.38,1907351.2,2008849.4766666666,2019993.6633333333,1968636.3675,7,29,3,2011,False,False,False,False,False,False,False,False,False,False,False,False,True,False,False,False,False,False,False,False,False,False,False,False,False,False,False,False,False,False,False,False,False,False,False,False,False,False,False,False,False,False,False,False,False,False,False,False,False,1880785.69
13,2011-07-29,1880785.69,N/A,77.62,3.574,129.1677097,6.877,1987089.36,1956813.31,1817887.23,1988534.0166666666,2018205.7266666666,1976261.8875,7,30,3,2011,False,False,False,False,False,False,False,False,False,False,False,False,True,False,False,False,False,False,False,False,False,False,False,False,False,False,False,False,False,False,False,False,False,False,False,False,False,False,False,False,False,False,False,False,False,False,False,False,False,2076231.8
13,2011-08-05,2076231.8,N/A,75.56,3.595,129.1846452,6.877,1880785.69,1987089.36,1969121.45,1941562.7866666669,1983931.0933333335,1967462.3283333334,8,31,3,2011,False,False,False,False,False,False,False,False,False,False,False,False,True,False,False,False,False,False,False,False,False,False,False,False,False,False,False,False,False,False,False,False,False,False,False,False,False,False,False,False,False,False,False,False,False,False,False,False,False,1970341.38
13,2011-08-12,1970341.38,N/A,75.95,3.606,129.2015806,6.877,2076231.8,1880785.69,1877592.55,1981368.95,1995109.2133333336,1977246.3483333334,8,32,3,2011,False,False,False,False,False,False,False,False,False,False,False,False,True,False,False,False,False,False,False,False,False,False,False,False,False,False,False,False,False,False,False,False,False,False,False,False,False,False,False,False,False,False,False,False,False,False,False,False,False,2090340.98
13,2011-08-19,2090340.98,N/A,76.68,3.578,129.2405806,6.877,1970341.38,2076231.8,1997397.63,1975786.2899999998,1982160.1533333333,1986364.5008333335,8,33,3,2011,False,False,False,False,False,False,False,False,False,False,False,False,True,False,False,False,False,False,False,False,False,False,False,False,False,False,False,False,False,False,False,False,False,False,False,False,False,False,False,False,False,False,False,False,False,False,False,False,False,2035244.54
13,2011-08-26,2035244.54,N/A,81.53,3.57,129.2832581,6.877,2090340.98,1970341.38,1908278.27,2045638.0533333335,1993600.42,2005028.7550000001,8,34,3,2011,False,False,False,False,False,False,False,False,False,False,False,False,True,False,False,False,False,False,False,False,False,False,False,False,False,False,False,False,False,False,False,False,False,False,False,False,False,False,False,False,False,False,False,False,False,False,False,False,False,1953628.82
13,2011-09-02,1953628.82,N/A,77.0,3.58,129.3259355,6.877,2035244.54,2090340.98,1911852.58,2031975.6333333335,2006672.2916666667,2013332.9775,9,35,3,2011,False,False,False,False,False,False,False,False,False,False,False,False,True,False,False,False,False,False,False,False,False,False,False,False,False,False,False,False,False,False,False,False,False,False,False,False,False,False,False,False,False,False,False,False,False,False,False,False,False,1872921.31
13,2011-09-09,1872921.31,Labor Day,70.19,3.619,129.3686129,6.877,1953628.82,2035244.54,1772143.94,2026404.78,2001095.535,2009650.6308333334,9,36,3,2011,False,False,False,False,False,False,False,False,False,False,False,False,True,False,False,False,False,False,False,False,False,False,False,False,False,False,False,False,False,False,False,False,False,False,False,False,False,False,False,False,False,False,False,False,False,False,False,True,False,1923223.82
13,2011-09-16,1923223.82,N/A,67.54,3.641,129.4306,6.877,1872921.31,1953628.82,1790279.74,1953931.5566666666,1999784.805,1991857.9491666667,9,37,3,2011,False,False,False,False,False,False,False,False,False,False,False,False,True,False,False,False,False,False,False,False,False,False,False,False,False,False,False,False,False,False,False,False,False,False,False,False,False,False,False,False,False,False,False,False,False,False,False,False,False,1847430.96
13,2011-09-23,1847430.96,N/A,63.6,3.648,129.5183333,6.877,1923223.82,1872921.31,1705655.09,1916591.3166666667,1974283.4749999999,1984696.3441666665,9,38,3,2011,False,False,False,False,False,False,False,False,False,False,False,False,True,False,False,False,False,False,False,False,False,False,False,False,False,False,False,False,False,False,False,False,False,False,False,False,False,False,False,False,False,False,False,False,False,False,False,False,False,1835662.69
13,2011-09-30,1835662.69,N/A,68.28,3.623,129.6060667,6.877,1847430.96,1923223.82,1765584.48,1881192.03,1953798.405,1967979.2791666668,9,39,3,2011,False,False,False,False,False,False,False,False,False,False,False,False,True,False,False,False,False,False,False,False,False,False,False,False,False,False,False,False,False,False,False,False,False,False,False,False,False,False,False,False,False,False,False,False,False,False,False,False,False,2067232.56
13,2011-10-07,2067232.56,N/A,60.62,3.592,129.6938,6.392,1835662.69,1847430.96,1871924.07,1868772.4900000002,1911352.0233333334,1952476.2216666667,10,40,4,2011,False,False,False,False,False,False,False,False,False,False,False,False,True,False,False,False,False,False,False,False,False,False,False,False,False,False,False,False,False,False,False,False,False,False,False,False,False,False,False,False,False,False,False,False,False,False,False,False,False,1929659.07
13,2011-10-14,1929659.07,N/A,51.74,3.567,129.7706452,6.392,2067232.56,1835662.69,1851431.06,1916775.4033333333,1916683.36,1961677.8258333334,10,41,4,2011,False,False,False,False,False,False,False,False,False,False,False,False,True,False,False,False,False,False,False,False,False,False,False,False,False,False,False,False,False,False,False,False,False,False,False,False,False,False,False,False,False,False,False,False,False,False,False,False,False,1973544.27
13,2011-10-21,1973544.27,N/A,54.66,3.579,129.7821613,6.392,1929659.07,2067232.56,1796949.59,1944184.7733333334,1912688.4016666666,1956891.9683333335,10,42,4,2011,False,False,False,False,False,False,False,False,False,False,False,False,True,False,False,False,False,False,False,False,False,False,False,False,False,False,False,False,False,False,False,False,False,False,False,False,False,False,False,False,False,False,False,False,False,False,False,False,False,1948733.81
14,2011-02-04,1995891.87,N/A,28.73,3.231,183.4408542,8.549,1613718.38,1743188.87,2623469.95,1685334.3833333328,2060525.36,2247281.9841666664,2,5,1,2011,False,False,False,False,False,False,False,False,False,False,False,False,False,True,False,False,False,False,False,False,False,False,False,False,False,False,False,False,False,False,False,False,False,False,False,False,False,False,False,False,False,False,False,False,False,False,False,False,False,1980405.03
14,2011-02-11,1980405.03,Super Bowl,30.3,3.239,183.7016129,8.549,1995891.87,1613718.38,1704218.84,1784266.373333333,1756726.2633333334,2239257.2183333333,2,6,1,2011,False,False,False,False,False,False,False,False,False,False,False,False,False,True,False,False,False,False,False,False,False,False,False,False,False,False,False,False,False,False,False,False,False,False,False,False,False,False,False,False,False,False,False,False,False,False,False,False,True,2019031.67
14,2011-02-18,2019031.67,N/A,40.7,3.245,183.9371353,8.549,1980405.03,1995891.87,2204556.7,1863338.4266666665,1816174.3583333334,2240252.4225,2,7,1,2011,False,False,False,False,False,False,False,False,False,False,False,False,False,True,False,False,False,False,False,False,False,False,False,False,False,False,False,False,False,False,False,False,False,False,False,False,False,False,False,False,False,False,False,False,False,False,False,False,False,1875708.88
14,2011-02-25,1875708.88,N/A,35.78,3.274,184.1625632,8.549,2019031.67,1980405.03,2095591.63,1998442.8566666665,1841888.6199999999,2165029.2525,2,8,1,2011,False,False,False,False,False,False,False,False,False,False,False,False,False,True,False,False,False,False,False,False,False,False,False,False,False,False,False,False,False,False,False,False,False,False,False,False,False,False,False,False,False,False,False,False,False,False,False,False,False,2041215.61
14,2011-03-04,2041215.61,N/A,38.65,3.433,184.3879911,8.549,1875708.88,2019031.67,2237544.75,1958381.8599999996,1871324.116666667,2133130.8566666665,3,9,1,2011,False,False,False,False,False,False,False,False,False,False,False,False,False,True,False,False,False,False,False,False,False,False,False,False,False,False,False,False,False,False,False,False,False,False,False,False,False,False,False,False,False,False,False,False,False,False,False,False,False,1931104.67
14,2011-03-11,1931104.67,N/A,45.01,3.582,184.613419,8.549,2041215.61,1875708.88,2156035.06,1978652.0533333328,1920995.24,2086522.219166667,3,10,1,2011,False,False,False,False,False,False,False,False,False,False,False,False,False,True,False,False,False,False,False,False,False,False,False,False,False,False,False,False,False,False,False,False,False,False,False,False,False,False,False,False,False,False,False,False,False,False,False,False,False,1932491.42
14,2011-03-18,1932491.42,N/A,46.66,3.631,184.809719,8.549,1931104.67,2041215.61,2066219.3,1949343.0533333328,1973892.9549999998,2017209.1575,3,11,1,2011,False,False,False,False,False,False,False,False,False,False,False,False,False,True,False,False,False,False,False,False,False,False,False,False,False,False,False,False,False,False,False,False,False,False,False,False,False,False,False,False,False,False,False,False,False,False,False,False,False,1879451.23
14,2011-03-25,1879451.23,N/A,41.76,3.625,184.9943679,8.549,1932491.42,1931104.67,2050396.27,1968270.5666666664,1963326.2133333331,1860026.2383333333,3,12,1,2011,False,False,False,False,False,False,False,False,False,False,False,False,False,True,False,False,False,False,False,False,False,False,False,False,False,False,False,False,False,False,False,False,False,False,False,False,False,False,False,False,False,False,False,False,False,False,False,False,False,1869110.55
14,2011-04-01,1869110.55,N/A,37.27,3.638,185.1790167,8.521,1879451.23,1932491.42,2495630.51,1914349.1066666662,1946500.58,1881337.469166667,4,13,2,2011,False,False,False,False,False,False,False,False,False,False,False,False,False,True,False,False,False,False,False,False,False,False,False,False,False,False,False,False,False,False,False,False,False,False,False,False,False,False,False,False,False,False,False,False,False,False,False,False,False,2037798.88
14,2011-04-08,2037798.88,N/A,48.71,3.72,185.3636656,8.521,1869110.55,1879451.23,2258781.28,1893684.3999999997,1921513.7266666668,1881701.173333333,4,14,2,2011,False,False,False,False,False,False,False,False,False,False,False,False,False,True,False,False,False,False,False,False,False,False,False,False,False,False,False,False,False,False,False,False,False,False,False,False,False,False,False,False,False,False,False,False,False,False,False,False,False,1974960.86
14,2011-04-15,1974960.86,N/A,53.69,3.821,185.5339821,8.521,2037798.88,1869110.55,2121788.61,1928786.8866666665,1948528.7266666666,1909926.4216666669,4,15,2,2011,False,False,False,False,False,False,False,False,False,False,False,False,False,True,False,False,False,False,False,False,False,False,False,False,False,False,False,False,False,False,False,False,False,False,False,False,False,False,False,False,False,False,False,False,False,False,False,False,False,2256461.39
14,2011-04-22,2256461.39,N/A,53.04,3.892,185.6684673,8.521,1974960.86,2037798.88,2138144.91,1960623.4299999997,1937486.2683333333,1929240.7541666667,4,16,2,2011,False,False,False,False,False,False,False,False,False,False,False,False,False,True,False,False,False,False,False,False,False,False,False,False,False,False,False,False,False,False,False,False,False,False,False,False,False,False,False,False,False,False,False,False,False,False,False,False,False,1930617.64
14,2011-04-29,1930617.64,N/A,66.18,3.962,185.8029526,8.521,2256461.39,1974960.86,2082355.12,2089740.3766666662,1991712.3883333334,1982802.6716666669,4,17,2,2011,False,False,False,False,False,False,False,False,False,False,False,False,False,True,False,False,False,False,False,False,False,False,False,False,False,False,False,False,False,False,False,False,False,False,False,False,False,False,False,False,False,False,False,False,False,False,False,False,False,2095599.93
14,2011-05-06,2095599.93,N/A,58.21,4.046,185.9374378,8.521,1930617.64,2256461.39,2370116.52,2054013.2966666666,1991400.0916666668,1977363.1524999999,5,18,2,2011,False,False,False,False,False,False,False,False,False,False,False,False,False,True,False,False,False,False,False,False,False,False,False,False,False,False,False,False,False,False,False,False,False,False,False,False,False,False,False,False,False,False,False,False,False,False,False,False,False,2004330.3
14,2011-05-13,2004330.3,N/A,60.38,4.066,186.0719231,8.521,2095599.93,1930617.64,2129771.13,2094226.3199999996,2027424.875,1986962.7274999998,5,19,2,2011,False,False,False,False,False,False,False,False,False,False,False,False,False,True,False,False,False,False,False,False,False,False,False,False,False,False,False,False,False,False,False,False,False,False,False,False,False,False,False,False,False,False,False,False,False,False,False,False,False,1959967.8
14,2011-05-20,1959967.8,N/A,62.28,4.062,185.9661154,8.521,2004330.3,2095599.93,2108187.1,2010182.623333333,2049961.5,1985737.6133333333,5,20,2,2011,False,False,False,False,False,False,False,False,False,False,False,False,False,True,False,False,False,False,False,False,False,False,False,False,False,False,False,False,False,False,False,False,False,False,False,False,False,False,False,False,False,False,False,False,False,False,False,False,False,2080694.24
14,2011-05-27,2080694.24,N/A,69.7,3.985,185.8603077,8.521,1959967.8,2004330.3,2227152.16,2019966.0099999998,2036989.6533333333,1992759.1900000002,5,21,2,2011,False,False,False,False,False,False,False,False,False,False,False,False,False,True,False,False,False,False,False,False,False,False,False,False,False,False,False,False,False,False,False,False,False,False,False,False,False,False,False,False,False,False,False,False,False,False,False,False,False,2079899.47
14,2011-06-03,2079899.47,N/A,76.38,3.922,185.7545,8.521,2080694.24,1959967.8,2363601.47,2014997.4466666663,2054611.883333333,1996049.0758333334,6,22,2,2011,False,False,False,False,False,False,False,False,False,False,False,False,False,True,False,False,False,False,False,False,False,False,False,False,False,False,False,False,False,False,False,False,False,False,False,False,False,False,False,False,False,False,False,False,False,False,False,False,False,2132446.0
14,2011-06-10,2132446.0,N/A,73.88,3.881,185.6486923,8.521,2079899.47,2080694.24,2249570.04,2040187.17,2025184.8966666667,2008448.6425,6,23,2,2011,False,False,False,False,False,False,False,False,False,False,False,False,False,True,False,False,False,False,False,False,False,False,False,False,False,False,False,False,False,False,False,False,False,False,False,False,False,False,False,False,False,False,False,False,False,False,False,False,False,2082083.34
14,2011-06-17,2082083.34,N/A,69.32,3.842,185.6719333,8.521,2132446.0,2079899.47,2248645.59,2097679.903333333,2058822.9566666668,2025111.5241666667,6,24,2,2011,False,False,False,False,False,False,False,False,False,False,False,False,False,True,False,False,False,False,False,False,False,False,False,False,False,False,False,False,False,False,False,False,False,False,False,False,False,False,False,False,False,False,False,False,False,False,False,False,False,2069523.52
14,2011-06-24,2069523.52,N/A,74.85,3.804,185.7919609,8.521,2082083.34,2132446.0,2246179.91,2098142.936666666,2056570.1916666667,2041997.5333333334,6,25,2,2011,False,False,False,False,False,False,False,False,False,False,False,False,False,True,False,False,False,False,False,False,False,False,False,False,False,False,False,False,False,False,False,False,False,False,False,False,False,False,False,False,False,False,False,False,False,False,False,False,False,2074668.19
14,2011-07-01,2074668.19,N/A,74.04,3.748,185.9119885,8.625,2069523.52,2082083.34,2334788.42,2094684.2866666664,2067435.7283333333,2058698.6141666668,7,26,3,2011,False,False,False,False,False,False,False,False,False,False,False,False,False,True,False,False,False,False,False,False,False,False,False,False,False,False,False,False,False,False,False,False,False,False,False,False,False,False,False,False,False,False,False,False,False,False,False,False,False,2063401.06
14,2011-07-08,2063401.06,N/A,77.49,3.711,186.032016,8.625,2074668.19,2069523.52,2236209.13,2075425.0166666664,2086552.46,2061771.0566666666,7,27,3,2011,False,False,False,False,False,False,False,False,False,False,False,False,False,True,False,False,False,False,False,False,False,False,False,False,False,False,False,False,False,False,False,False,False,False,False,False,False,False,False,False,False,False,False,False,False,False,False,False,False,1953544.76
14,2011-07-15,1953544.76,N/A,78.47,3.76,186.1399808,8.625,2063401.06,2074668.19,2130287.27,2069197.5899999999,2083670.2633333334,2069141.0733333332,7,28,3,2011,False,False,False,False,False,False,False,False,False,False,False,False,False,True,False,False,False,False,False,False,False,False,False,False,False,False,False,False,False,False,False,False,False,False,False,False,False,False,False,False,False,False,False,False,False,False,False,False,False,1882070.88
14,2011-07-22,1882070.88,N/A,82.33,3.811,186.2177885,8.625,1953544.76,2063401.06,2044155.39,2030538.003333333,2062611.1449999998,2043898.0208333333,7,29,3,2011,False,False,False,False,False,False,False,False,False,False,False,False,False,True,False,False,False,False,False,False,False,False,False,False,False,False,False,False,False,False,False,False,False,False,False,False,False,False,False,False,False,False,False,False,False,False,False,False,False,1871021.01
14,2011-07-29,1871021.01,N/A,81.31,3.829,186.2955962,8.625,1882070.88,1953544.76,2054843.28,1966338.8999999997,2020881.9583333333,2039852.4575000003,7,30,3,2011,False,False,False,False,False,False,False,False,False,False,False,False,False,True,False,False,False,False,False,False,False,False,False,False,False,False,False,False,False,False,False,False,False,False,False,False,False,False,False,False,False,False,False,False,False,False,False,False,False,2066020.69
14,2011-08-05,2066020.69,N/A,78.22,3.842,186.3734038,8.625,1871021.01,1882070.88,2219813.5,1902212.216666666,1985704.9033333333,2021137.5475,8,31,3,2011,False,False,False,False,False,False,False,False,False,False,False,False,False,True,False,False,False,False,False,False,False,False,False,False,False,False,False,False,False,False,False,False,False,False,False,False,False,False,False,False,False,False,False,False,False,False,False,False,False,1928773.82
14,2011-08-12,1928773.82,N/A,77.0,3.812,186.4512115,8.625,2066020.69,1871021.01,2052984.81,1939704.1933333331,1985121.0983333334,2026278.4133333333,8,32,3,2011,False,False,False,False,False,False,False,False,False,False,False,False,False,True,False,False,False,False,False,False,False,False,False,False,False,False,False,False,False,False,False,False,False,False,False,False,False,False,False,False,False,False,False,False,False,False,False,False,False,1896873.99
14,2011-08-19,1896873.99,N/A,72.98,3.747,186.5093071,8.625,1928773.82,2066020.69,2057138.31,1955271.8399999999,1960805.37,2023678.915,8,33,3,2011,False,False,False,False,False,False,False,False,False,False,False,False,False,True,False,False,False,False,False,False,False,False,False,False,False,False,False,False,False,False,False,False,False,False,False,False,False,False,False,False,False,False,False,False,False,False,False,False,False,2273470.62
14,2011-08-26,2273470.62,N/A,72.55,3.704,186.5641172,8.625,1896873.99,1928773.82,2020332.07,1963889.4999999998,1933050.8583333334,2008360.560833333,8,34,3,2011,False,False,False,False,False,False,False,False,False,False,False,False,False,True,False,False,False,False,False,False,False,False,False,False,False,False,False,False,False,False,False,False,False,False,False,False,False,False,False,False,False,False,False,False,False,False,False,False,False,1750891.47
14,2011-09-02,1750891.47,N/A,70.63,3.703,186.6189274,8.625,2273470.62,1896873.99,2182563.66,2033039.4766666663,1986371.8350000002,2024491.49,9,35,3,2011,False,False,False,False,False,False,False,False,False,False,False,False,False,True,False,False,False,False,False,False,False,False,False,False,False,False,False,False,False,False,False,False,False,False,False,False,False,False,False,False,False,False,False,False,False,False,False,False,False,2202742.9
14,2011-09-09,2202742.9,Labor Day,71.48,3.738,186.6737376,8.625,1750891.47,2273470.62,2191767.76,1973745.3599999996,1964508.5999999999,1992695.2791666668,9,36,3,2011,False,False,False,False,False,False,False,False,False,False,False,False,False,True,False,False,False,False,False,False,False,False,False,False,False,False,False,False,False,False,False,False,False,False,False,False,False,False,False,False,False,False,False,False,False,False,False,True,False,1864637.89
14,2011-09-16,1864637.89,N/A,69.17,3.742,186.8024,8.625,2202742.9,1750891.47,1953539.85,2075701.6633333329,2019795.5816666668,2002750.2425,9,37,3,2011,False,False,False,False,False,False,False,False,False,False,False,False,False,True,False,False,False,False,False,False,False,False,False,False,False,False,False,False,False,False,False,False,False,False,False,False,False,False,False,False,False,False,False,False,False,False,False,False,False,1871555.64
14,2011-09-23,1871555.64,N/A,63.75,3.711,187.0295321,8.625,1864637.89,2202742.9,1879891.13,1939424.086666666,1986231.781666667,1985676.4400000002,9,38,3,2011,False,False,False,False,False,False,False,False,False,False,False,False,False,True,False,False,False,False,False,False,False,False,False,False,False,False,False,False,False,False,False,False,False,False,False,False,False,False,False,False,False,False,False,False,False,False,False,False,False,1809989.29
14,2011-09-30,1809989.29,N/A,70.66,3.645,187.2566641,8.625,1871555.64,1864637.89,1855703.66,1979645.4766666659,1976695.4183333332,1968750.3941666668,9,39,3,2011,False,False,False,False,False,False,False,False,False,False,False,False,False,True,False,False,False,False,False,False,False,False,False,False,False,False,False,False,False,False,False,False,False,False,False,False,False,False,False,False,False,False,False,False,False,False,False,False,False,2078796.76
14,2011-10-07,2078796.76,N/A,55.82,3.583,187.4837962,8.523,1809989.29,1871555.64,2091663.2,1848727.6066666662,1962214.635,1947632.7466666668,10,40,4,2011,False,False,False,False,False,False,False,False,False,False,False,False,False,True,False,False,False,False,False,False,False,False,False,False,False,False,False,False,False,False,False,False,False,False,False,False,False,False,False,False,False,False,False,False,False,False,False,False,False,1890870.75
14,2011-10-14,1890870.75,N/A,63.82,3.541,187.6917481,8.523,2078796.76,1809989.29,1932162.63,1920113.8966666663,1929768.991666667,1958070.413333333,10,41,4,2011,False,False,False,False,False,False,False,False,False,False,False,False,False,True,False,False,False,False,False,False,False,False,False,False,False,False,False,False,False,False,False,False,False,False,False,False,False,False,False,False,False,False,False,False,False,False,False,False,False,2009004.59
14,2011-10-21,2009004.59,N/A,59.6,3.57,187.7846197,8.523,1890870.75,2078796.76,1936621.09,1926552.266666666,1953098.8716666668,1958803.735833333,10,42,4,2011,False,False,False,False,False,False,False,False,False,False,False,False,False,True,False,False,False,False,False,False,False,False,False,False,False,False,False,False,False,False,False,False,False,False,False,False,False,False,False,False,False,False,False,False,False,False,False,False,False,2056846.12
15,2011-02-04,556550.85,N/A,20.69,3.4,133.1834194,7.771,481119.6,487311.03,652122.44,482618.2766666668,644927.99,733556.7958333334,2,5,1,2011,False,False,False,False,False,False,False,False,False,False,False,False,False,False,True,False,False,False,False,False,False,False,False,False,False,False,False,False,False,False,False,False,False,False,False,False,False,False,False,False,False,False,False,False,False,False,False,False,False,582864.35
15,2011-02-11,582864.35,Super Bowl,21.64,3.416,133.260871,7.771,556550.85,481119.6,682447.1,508327.1600000001,509633.4366666667,728299.3883333333,2,6,1,2011,False,False,False,False,False,False,False,False,False,False,False,False,False,False,True,False,False,False,False,False,False,False,False,False,False,False,False,False,False,False,False,False,False,False,False,False,False,False,False,False,False,False,False,False,False,False,False,False,True,649993.5
15,2011-02-18,649993.5,N/A,33.06,3.42,133.3701429,7.771,582864.35,556550.85,660838.75,540178.2666666667,516151.80000000005,726188.0166666666,2,7,1,2011,False,False,False,False,False,False,False,False,False,False,False,False,False,False,True,False,False,False,False,False,False,False,False,False,False,False,False,False,False,False,False,False,False,False,False,False,False,False,False,False,False,False,False,False,False,False,False,False,False,547564.09
15,2011-02-25,547564.09,N/A,20.87,3.452,133.4921429,7.771,649993.5,582864.35,564883.2,596469.5666666668,539543.9216666667,687019.2316666666,2,8,1,2011,False,False,False,False,False,False,False,False,False,False,False,False,False,False,True,False,False,False,False,False,False,False,False,False,False,False,False,False,False,False,False,False,False,False,False,False,False,False,False,False,False,False,False,False,False,False,False,False,False,573374.49
15,2011-03-04,573374.49,N/A,28.16,3.605,133.6141429,7.771,547564.09,649993.5,605325.43,593473.9800000001,550900.57,669804.9933333333,3,9,1,2011,False,False,False,False,False,False,False,False,False,False,False,False,False,False,True,False,False,False,False,False,False,False,False,False,False,False,False,False,False,False,False,False,False,False,False,False,False,False,False,False,False,False,False,False,False,False,False,False,False,537035.28
15,2011-03-11,537035.28,N/A,34.27,3.752,133.7361429,7.771,573374.49,547564.09,604173.59,590310.6933333335,565244.48,646978.3641666666,3,10,1,2011,False,False,False,False,False,False,False,False,False,False,False,False,False,False,True,False,False,False,False,False,False,False,False,False,False,False,False,False,False,False,False,False,False,False,False,False,False,False,False,False,False,False,False,False,False,False,False,False,False,551553.99
15,2011-03-18,551553.99,N/A,40.23,3.796,133.8492258,7.771,537035.28,573374.49,593710.67,552657.9533333334,574563.76,609745.875,3,11,1,2011,False,False,False,False,False,False,False,False,False,False,False,False,False,False,True,False,False,False,False,False,False,False,False,False,False,False,False,False,False,False,False,False,False,False,False,False,False,False,False,False,False,False,False,False,False,False,False,False,False,527389.28
15,2011-03-25,527389.28,N/A,32.63,3.789,133.9587419,7.771,551553.99,537035.28,592111.49,553987.92,573730.9500000001,541682.1933333334,3,12,1,2011,False,False,False,False,False,False,False,False,False,False,False,False,False,False,True,False,False,False,False,False,False,False,False,False,False,False,False,False,False,False,False,False,False,False,False,False,False,False,False,False,False,False,False,False,False,False,False,False,False,542556.05
15,2011-04-01,542556.05,N/A,30.34,3.811,134.0682581,7.658,527389.28,551553.99,718470.71,538659.5166666667,564485.105,540318.4525,4,13,2,2011,False,False,False,False,False,False,False,False,False,False,False,False,False,False,True,False,False,False,False,False,False,False,False,False,False,False,False,False,False,False,False,False,False,False,False,False,False,False,False,False,False,False,False,False,False,False,False,False,False,587370.81
15,2011-04-08,587370.81,N/A,40.94,3.895,134.1777742,7.658,542556.05,527389.28,634605.77,540499.7733333334,546578.8633333333,543061.3925,4,14,2,2011,False,False,False,False,False,False,False,False,False,False,False,False,False,False,True,False,False,False,False,False,False,False,False,False,False,False,False,False,False,False,False,False,False,False,False,False,False,False,False,False,False,False,False,False,False,False,False,False,False,607691.36
15,2011-04-15,607691.36,N/A,48.63,3.981,134.2784667,7.658,587370.81,542556.05,641208.65,552438.7133333335,553213.3166666668,552056.9433333334,4,15,2,2011,False,False,False,False,False,False,False,False,False,False,False,False,False,False,True,False,False,False,False,False,False,False,False,False,False,False,False,False,False,False,False,False,False,False,False,False,False,False,False,False,False,False,False,False,False,False,False,False,False,655318.26
15,2011-04-22,655318.26,N/A,41.37,4.061,134.3571,7.658,607691.36,587370.81,643097.6,579206.0733333334,558932.795,562088.6375000001,4,16,2,2011,False,False,False,False,False,False,False,False,False,False,False,False,False,False,True,False,False,False,False,False,False,False,False,False,False,False,False,False,False,False,False,False,False,False,False,False,False,False,False,False,False,False,False,False,False,False,False,False,False,560764.41
15,2011-04-29,560764.41,N/A,55.46,4.117,134.4357333,7.658,655318.26,607691.36,570791.11,616793.4766666667,578646.625,576605.1925,4,17,2,2011,False,False,False,False,False,False,False,False,False,False,False,False,False,False,True,False,False,False,False,False,False,False,False,False,False,False,False,False,False,False,False,False,False,False,False,False,False,False,False,False,False,False,False,False,False,False,False,False,False,630522.67
15,2011-05-06,630522.67,N/A,49.87,4.192,134.5143667,7.658,560764.41,655318.26,661348.88,607924.6766666668,580181.695,576956.3225,5,18,2,2011,False,False,False,False,False,False,False,False,False,False,False,False,False,False,True,False,False,False,False,False,False,False,False,False,False,False,False,False,False,False,False,False,False,False,False,False,False,False,False,False,False,False,False,False,False,False,False,False,False,630482.91
15,2011-05-13,630482.91,N/A,57.07,4.211,134.593,7.658,630522.67,560764.41,594385.2,615535.1133333334,597370.5933333334,580927.8491666667,5,19,2,2011,False,False,False,False,False,False,False,False,False,False,False,False,False,False,True,False,False,False,False,False,False,False,False,False,False,False,False,False,False,False,False,False,False,False,False,False,False,False,False,False,False,False,False,False,False,False,False,False,False,593941.9
15,2011-05-20,593941.9,N/A,57.19,4.202,134.6803871,7.658,630482.91,630522.67,616598.1,607256.6633333334,612025.07,579301.9666666667,5,20,2,2011,False,False,False,False,False,False,False,False,False,False,False,False,False,False,True,False,False,False,False,False,False,False,False,False,False,False,False,False,False,False,False,False,False,False,False,False,False,False,False,False,False,False,False,False,False,False,False,False,False,636193.24
15,2011-05-27,636193.24,N/A,65.87,4.134,134.7677742,7.658,593941.9,630482.91,744772.88,618315.8266666668,613120.2516666667,583166.7841666667,5,21,2,2011,False,False,False,False,False,False,False,False,False,False,False,False,False,False,True,False,False,False,False,False,False,False,False,False,False,False,False,False,False,False,False,False,False,False,False,False,False,False,False,False,False,False,False,False,False,False,False,False,False,695396.19
15,2011-06-03,695396.19,N/A,69.8,4.069,134.8551613,7.658,636193.24,593941.9,693192.5,620206.0166666667,617870.5650000001,588401.68,6,22,2,2011,False,False,False,False,False,False,False,False,False,False,False,False,False,False,True,False,False,False,False,False,False,False,False,False,False,False,False,False,False,False,False,False,False,False,False,False,False,False,False,False,False,False,False,False,False,False,False,False,False,642679.81
15,2011-06-10,642679.81,N/A,69.86,4.025,134.9425484,7.658,695396.19,636193.24,619337.29,641843.7766666667,624550.2200000001,601598.4225,6,23,2,2011,False,False,False,False,False,False,False,False,False,False,False,False,False,False,True,False,False,False,False,False,False,False,False,False,False,False,False,False,False,False,False,False,False,False,False,False,False,False,False,False,False,False,False,False,False,False,False,False,False,639928.85
15,2011-06-17,639928.85,N/A,63.9,3.989,135.0837333,7.658,642679.81,695396.19,652329.53,658089.7466666667,638202.7866666667,609192.2408333333,6,24,2,2011,False,False,False,False,False,False,False,False,False,False,False,False,False,False,True,False,False,False,False,False,False,False,False,False,False,False,False,False,False,False,False,False,False,False,False,False,False,False,False,False,False,False,False,False,False,False,False,False,False,656594.95
15,2011-06-24,656594.95,N/A,69.96,3.964,135.2652667,7.658,639928.85,642679.81,672194.03,659334.9500000001,639770.4833333334,618570.5383333333,6,25,2,2011,False,False,False,False,False,False,False,False,False,False,False,False,False,False,True,False,False,False,False,False,False,False,False,False,False,False,False,False,False,False,False,False,False,False,False,False,False,False,False,False,False,False,False,False,False,False,False,False,False,674669.16
15,2011-07-01,674669.16,N/A,67.43,3.916,135.4468,7.806,656594.95,639928.85,709337.11,646401.2033333334,644122.49,628073.7799999999,7,26,3,2011,False,False,False,False,False,False,False,False,False,False,False,False,False,False,True,False,False,False,False,False,False,False,False,False,False,False,False,False,False,False,False,False,False,False,False,False,False,False,False,False,False,False,False,False,False,False,False,False,False,635118.48
15,2011-07-08,635118.48,N/A,73.47,3.886,135.6283333,7.806,674669.16,656594.95,691497.62,657064.3200000002,657577.0333333333,635348.6425,7,27,3,2011,False,False,False,False,False,False,False,False,False,False,False,False,False,False,True,False,False,False,False,False,False,False,False,False,False,False,False,False,False,False,False,False,False,False,False,False,False,False,False,False,False,False,False,False,False,False,False,False,False,624114.56
15,2011-07-15,624114.56,N/A,73.34,3.915,135.7837419,7.806,635118.48,674669.16,633203.69,655460.8633333334,657397.9066666666,637634.2358333333,7,28,3,2011,False,False,False,False,False,False,False,False,False,False,False,False,False,False,True,False,False,False,False,False,False,False,False,False,False,False,False,False,False,False,False,False,False,False,False,False,False,False,False,False,False,False,False,False,False,False,False,False,False,607475.44
15,2011-07-22,607475.44,N/A,79.97,3.972,135.8738387,7.806,624114.56,635118.48,598553.43,644634.0666666668,645517.635,635033.9275,7,29,3,2011,False,False,False,False,False,False,False,False,False,False,False,False,False,False,True,False,False,False,False,False,False,False,False,False,False,False,False,False,False,False,False,False,False,False,False,False,False,False,False,False,False,False,False,False,False,False,False,False,False,577511.02
15,2011-07-29,577511.02,N/A,74.67,4.004,135.9639355,7.806,607475.44,624114.56,619224.06,622236.16,639650.24,638926.5133333333,7,30,3,2011,False,False,False,False,False,False,False,False,False,False,False,False,False,False,True,False,False,False,False,False,False,False,False,False,False,False,False,False,False,False,False,False,False,False,False,False,False,False,False,False,False,False,False,False,False,False,False,False,False,607961.21
15,2011-08-05,607961.21,N/A,73.63,4.02,136.0540323,7.806,577511.02,607475.44,639651.24,603033.6733333333,629247.2683333333,634508.8758333334,8,31,3,2011,False,False,False,False,False,False,False,False,False,False,False,False,False,False,True,False,False,False,False,False,False,False,False,False,False,False,False,False,False,False,False,False,False,False,False,False,False,False,False,False,False,False,False,False,False,False,False,False,False,590836.37
15,2011-08-12,590836.37,N/A,70.63,3.995,136.144129,7.806,607961.21,577511.02,622437.08,597649.2233333333,621141.645,632632.0675,8,32,3,2011,False,False,False,False,False,False,False,False,False,False,False,False,False,False,True,False,False,False,False,False,False,False,False,False,False,False,False,False,False,False,False,False,False,False,False,False,False,False,False,False,False,False,False,False,False,False,False,False,False,599488.98
15,2011-08-19,599488.98,N/A,70.41,3.942,136.183129,7.806,590836.37,607961.21,637090.44,592102.8666666667,607169.5133333333,632373.2733333333,8,33,3,2011,False,False,False,False,False,False,False,False,False,False,False,False,False,False,True,False,False,False,False,False,False,False,False,False,False,False,False,False,False,False,False,False,False,False,False,False,False,False,False,False,False,False,False,False,False,False,False,False,False,605413.17
15,2011-08-26,605413.17,N/A,69.19,3.906,136.2136129,7.806,599488.98,590836.37,649791.15,599428.8533333334,601231.2633333333,629314.5850000001,8,34,3,2011,False,False,False,False,False,False,False,False,False,False,False,False,False,False,True,False,False,False,False,False,False,False,False,False,False,False,False,False,False,False,False,False,False,False,False,False,False,False,False,False,False,False,False,False,False,False,False,False,False,649159.68
15,2011-09-02,649159.68,N/A,67.63,3.879,136.2440968,7.806,605413.17,599488.98,638647.21,598579.5066666667,598114.365,621816.0,9,35,3,2011,False,False,False,False,False,False,False,False,False,False,False,False,False,False,True,False,False,False,False,False,False,False,False,False,False,False,False,False,False,False,False,False,False,False,False,False,False,False,False,False,False,False,False,False,False,False,False,False,False,607593.51
15,2011-09-09,607593.51,Labor Day,67.59,3.93,136.2745806,7.806,649159.68,605413.17,641965.2,618020.6100000001,605061.7383333333,622355.9891666666,9,36,3,2011,False,False,False,False,False,False,False,False,False,False,False,False,False,False,True,False,False,False,False,False,False,False,False,False,False,False,False,False,False,False,False,False,False,False,False,False,False,False,False,False,False,False,False,False,False,False,False,True,False,545052.34
15,2011-09-16,545052.34,N/A,62.1,3.937,136.3145,7.806,607593.51,649159.68,583210.87,620722.1200000001,610075.4866666667,619661.3775,9,37,3,2011,False,False,False,False,False,False,False,False,False,False,False,False,False,False,True,False,False,False,False,False,False,False,False,False,False,False,False,False,False,False,False,False,False,False,False,False,False,False,False,False,False,False,False,False,False,False,False,False,False,545570.86
15,2011-09-23,545570.86,N/A,59.0,3.899,136.367,7.806,545052.34,607593.51,548542.47,600601.8433333334,599590.6749999999,610366.16,9,38,3,2011,False,False,False,False,False,False,False,False,False,False,False,False,False,False,True,False,False,False,False,False,False,False,False,False,False,False,False,False,False,False,False,False,False,False,False,False,False,False,False,False,False,False,False,False,False,False,False,False,False,521297.31
15,2011-09-30,521297.31,N/A,64.87,3.858,136.4195,7.806,545570.86,545052.34,566945.95,566072.2366666667,592046.4233333333,599607.9683333334,9,39,3,2011,False,False,False,False,False,False,False,False,False,False,False,False,False,False,True,False,False,False,False,False,False,False,False,False,False,False,False,False,False,False,False,False,False,False,False,False,False,False,False,False,False,False,False,False,False,False,False,False,False,579068.88
15,2011-10-07,579068.88,N/A,51.24,3.775,136.472,7.866,521297.31,545570.86,591603.79,537306.8366666668,579014.4783333334,590122.8708333333,10,40,4,2011,False,False,False,False,False,False,False,False,False,False,False,False,False,False,True,False,False,False,False,False,False,False,False,False,False,False,False,False,False,False,False,False,False,False,False,False,False,False,False,False,False,False,False,False,False,False,False,False,False,537300.94
15,2011-10-14,537300.94,N/A,61.3,3.744,136.5150968,7.866,579068.88,521297.31,577011.26,548645.6833333335,574623.7633333333,586369.0641666667,10,41,4,2011,False,False,False,False,False,False,False,False,False,False,False,False,False,False,True,False,False,False,False,False,False,False,False,False,False,False,False,False,False,False,False,False,False,False,False,False,False,False,False,False,False,False,False,False,False,False,False,False,False,603318.89
15,2011-10-21,603318.89,N/A,51.67,3.757,136.5017742,7.866,537300.94,579068.88,600395.73,545889.0433333333,555980.64,580521.1891666666,10,42,4,2011,False,False,False,False,False,False,False,False,False,False,False,False,False,False,True,False,False,False,False,False,False,False,False,False,False,False,False,False,False,False,False,False,False,False,False,False,False,False,False,False,False,False,False,False,False,False,False,False,False,589842.69
16,2011-02-04,479263.15,N/A,13.64,3.011,191.7625895,6.614,448391.99,462888.13,477409.3,460548.57,589206.6233333334,569196.7658333333,2,5,1,2011,False,False,False,False,False,False,False,False,False,False,False,False,False,False,False,True,False,False,False,False,False,False,False,False,False,False,False,False,False,False,False,False,False,False,False,False,False,False,False,False,False,False,False,False,False,False,False,False,False,466806.89
16,2011-02-11,466806.89,Super Bowl,15.02,3.037,191.8572881,6.614,479263.15,448391.99,472044.28,463514.42333333334,501628.69999999995,571332.6316666667,2,6,1,2011,False,False,False,False,False,False,False,False,False,False,False,False,False,False,False,True,False,False,False,False,False,False,False,False,False,False,False,False,False,False,False,False,False,False,False,False,False,False,False,False,False,False,False,False,False,False,False,False,True,491179.79
16,2011-02-18,491179.79,N/A,27.18,3.051,191.9178331,6.614,466806.89,479263.15,469868.7,464820.6766666667,483543.61833333335,572013.6491666667,2,7,1,2011,False,False,False,False,False,False,False,False,False,False,False,False,False,False,False,True,False,False,False,False,False,False,False,False,False,False,False,False,False,False,False,False,False,False,False,False,False,False,False,False,False,False,False,False,False,False,False,False,False,475201.64
16,2011-02-25,475201.64,N/A,26.15,3.101,191.9647167,6.614,491179.79,466806.89,443242.17,479083.2766666667,469815.92333333334,558625.4841666666,2,8,1,2011,False,False,False,False,False,False,False,False,False,False,False,False,False,False,False,True,False,False,False,False,False,False,False,False,False,False,False,False,False,False,False,False,False,False,False,False,False,False,False,False,False,False,False,False,False,False,False,False,False,484829.07
16,2011-03-04,484829.07,N/A,31.77,3.232,192.0116004,6.614,475201.64,491179.79,444181.85,477729.43999999994,470621.93166666664,555537.2383333333,3,9,1,2011,False,False,False,False,False,False,False,False,False,False,False,False,False,False,False,True,False,False,False,False,False,False,False,False,False,False,False,False,False,False,False,False,False,False,False,False,False,False,False,False,False,False,False,False,False,False,False,False,False,457504.35
16,2011-03-11,457504.35,N/A,29.36,3.372,192.058484,6.614,484829.07,475201.64,445393.74,483736.8333333333,474278.75500000006,548431.0241666667,3,10,1,2011,False,False,False,False,False,False,False,False,False,False,False,False,False,False,False,True,False,False,False,False,False,False,False,False,False,False,False,False,False,False,False,False,False,False,False,False,False,False,False,False,False,False,False,False,False,False,False,False,False,497373.49
16,2011-03-18,497373.49,N/A,36.5,3.406,192.1237981,6.614,457504.35,484829.07,504307.35,472511.6866666667,475797.4816666667,532502.0525,3,11,1,2011,False,False,False,False,False,False,False,False,False,False,False,False,False,False,False,True,False,False,False,False,False,False,False,False,False,False,False,False,False,False,False,False,False,False,False,False,False,False,False,False,False,False,False,False,False,False,False,False,False,465279.68
16,2011-03-25,465279.68,N/A,32.61,3.414,192.1964844,6.614,497373.49,457504.35,483177.2,479902.3033333333,478815.87166666664,490222.2858333333,3,12,1,2011,False,False,False,False,False,False,False,False,False,False,False,False,False,False,False,True,False,False,False,False,False,False,False,False,False,False,False,False,False,False,False,False,False,False,False,False,False,False,False,False,False,False,False,False,False,False,False,False,False,459756.11
16,2011-04-01,459756.11,N/A,35.75,3.461,192.2691707,6.339,465279.68,497373.49,490503.69,473385.84,478561.33666666667,481052.47750000004,4,13,2,2011,False,False,False,False,False,False,False,False,False,False,False,False,False,False,False,True,False,False,False,False,False,False,False,False,False,False,False,False,False,False,False,False,False,False,False,False,False,False,False,False,False,False,False,False,False,False,False,False,False,439276.5
16,2011-04-08,439276.5,N/A,38.04,3.532,192.3418571,6.339,459756.11,465279.68,424083.99,474136.4266666667,473324.05666666664,471569.99,4,14,2,2011,False,False,False,False,False,False,False,False,False,False,False,False,False,False,False,True,False,False,False,False,False,False,False,False,False,False,False,False,False,False,False,False,False,False,False,False,False,False,False,False,False,False,False,False,False,False,False,False,False,427855.24
16,2011-04-15,427855.24,N/A,34.59,3.611,192.4225954,6.339,439276.5,459756.11,436312.41,454770.76333333337,467336.5333333334,468979.2325,4,15,2,2011,False,False,False,False,False,False,False,False,False,False,False,False,False,False,False,True,False,False,False,False,False,False,False,False,False,False,False,False,False,False,False,False,False,False,False,False,False,False,False,False,False,False,False,False,False,False,False,False,False,368600.0
16,2011-04-22,368600.0,N/A,40.74,3.636,192.5234638,6.339,427855.24,439276.5,370230.94,442295.95,457840.895,466059.825,4,16,2,2011,False,False,False,False,False,False,False,False,False,False,False,False,False,False,False,True,False,False,False,False,False,False,False,False,False,False,False,False,False,False,False,False,False,False,False,False,False,False,False,False,False,False,False,False,False,False,False,False,False,378100.31
16,2011-04-29,378100.31,N/A,37.77,3.663,192.6243322,6.339,368600.0,427855.24,383550.93,411910.58,443023.50333333324,459410.4925,4,17,2,2011,False,False,False,False,False,False,False,False,False,False,False,False,False,False,False,True,False,False,False,False,False,False,False,False,False,False,False,False,False,False,False,False,False,False,False,False,False,False,False,False,False,False,False,False,False,False,False,False,False,423805.22
16,2011-05-06,423805.22,N/A,38.64,3.735,192.7252006,6.339,378100.31,368600.0,403217.22,391518.51666666666,423144.63999999996,450980.2558333333,5,18,2,2011,False,False,False,False,False,False,False,False,False,False,False,False,False,False,False,True,False,False,False,False,False,False,False,False,False,False,False,False,False,False,False,False,False,False,False,False,False,False,False,False,False,False,False,False,False,False,False,False,False,410406.95
16,2011-05-13,410406.95,N/A,43.29,3.767,192.826069,6.339,423805.22,378100.31,401770.9,390168.51,416232.23,447396.7833333334,5,19,2,2011,False,False,False,False,False,False,False,False,False,False,False,False,False,False,False,True,False,False,False,False,False,False,False,False,False,False,False,False,False,False,False,False,False,False,False,False,False,False,False,False,False,False,False,False,False,False,False,False,False,435397.19
16,2011-05-20,435397.19,N/A,43.95,3.828,192.831317,6.339,410406.95,423805.22,435300.51,404104.16,408007.36999999994,440665.7133333334,5,20,2,2011,False,False,False,False,False,False,False,False,False,False,False,False,False,False,False,True,False,False,False,False,False,False,False,False,False,False,False,False,False,False,False,False,False,False,False,False,False,False,False,False,False,False,False,False,False,False,False,False,False,444718.68
16,2011-05-27,444718.68,N/A,45.17,3.795,192.8365651,6.339,435397.19,410406.95,479430.0,423203.11999999994,407360.81833333336,437348.6758333333,5,21,2,2011,False,False,False,False,False,False,False,False,False,False,False,False,False,False,False,True,False,False,False,False,False,False,False,False,False,False,False,False,False,False,False,False,False,False,False,False,False,False,False,False,False,False,False,False,False,False,False,False,False,531080.31
16,2011-06-03,531080.31,N/A,54.08,3.763,192.8418131,6.339,444718.68,435397.19,516295.81,430174.27333333326,410171.39166666666,434006.1433333333,6,22,2,2011,False,False,False,False,False,False,False,False,False,False,False,False,False,False,False,True,False,False,False,False,False,False,False,False,False,False,False,False,False,False,False,False,False,False,False,False,False,False,False,False,False,False,False,False,False,False,False,False,False,600952.06
16,2011-06-10,600952.06,N/A,55.78,3.735,192.8470612,6.339,531080.31,444718.68,535587.31,470398.72666666674,437251.44333333336,440137.4733333333,6,23,2,2011,False,False,False,False,False,False,False,False,False,False,False,False,False,False,False,True,False,False,False,False,False,False,False,False,False,False,False,False,False,False,False,False,False,False,False,False,False,False,False,False,False,False,False,False,False,False,False,False,False,581546.23
16,2011-06-17,581546.23,N/A,58.34,3.697,192.9034759,6.339,600952.06,531080.31,540149.85,525583.6833333335,474393.4016666667,448769.0208333333,6,24,2,2011,False,False,False,False,False,False,False,False,False,False,False,False,False,False,False,True,False,False,False,False,False,False,False,False,False,False,False,False,False,False,False,False,False,False,False,False,False,False,False,False,False,False,False,False,False,False,False,False,False,569105.03
16,2011-06-24,569105.03,N/A,54.36,3.661,192.9982655,6.339,581546.23,600952.06,546554.96,571192.8666666667,500683.57000000007,458457.89999999997,6,25,2,2011,False,False,False,False,False,False,False,False,False,False,False,False,False,False,False,True,False,False,False,False,False,False,False,False,False,False,False,False,False,False,False,False,False,False,False,False,False,False,False,False,False,False,False,False,False,False,False,False,False,608737.56
16,2011-07-01,608737.56,N/A,63.59,3.597,193.0930552,6.338,569105.03,581546.23,610641.42,583867.7733333333,527133.25,467570.31000000006,7,26,3,2011,False,False,False,False,False,False,False,False,False,False,False,False,False,False,False,True,False,False,False,False,False,False,False,False,False,False,False,False,False,False,False,False,False,False,False,False,False,False,False,False,False,False,False,False,False,False,False,False,False,634634.66
16,2011-07-08,634634.66,N/A,65.0,3.54,193.1878448,6.338,608737.56,569105.03,614253.33,586462.94,556023.3116666666,481692.065,7,27,3,2011,False,False,False,False,False,False,False,False,False,False,False,False,False,False,False,True,False,False,False,False,False,False,False,False,False,False,False,False,False,False,False,False,False,False,False,False,False,False,False,False,False,False,False,False,False,False,False,False,False,586841.77
16,2011-07-15,586841.77,N/A,65.16,3.532,193.3125484,6.338,634634.66,608737.56,586583.69,604159.0833333334,587675.975,498923.68333333335,7,28,3,2011,False,False,False,False,False,False,False,False,False,False,False,False,False,False,False,True,False,False,False,False,False,False,False,False,False,False,False,False,False,False,False,False,False,False,False,False,False,False,False,False,False,False,False,False,False,False,False,False,False,581758.22
16,2011-07-22,581758.22,N/A,65.36,3.545,193.5120367,6.338,586841.77,634634.66,588344.18,610071.3300000001,596969.5516666666,517110.49750000006,7,29,3,2011,False,False,False,False,False,False,False,False,False,False,False,False,False,False,False,True,False,False,False,False,False,False,False,False,False,False,False,False,False,False,False,False,False,False,False,False,False,False,False,False,False,False,False,False,False,False,False,False,False,582381.95
16,2011-07-29,582381.95,N/A,66.84,3.547,193.711525,6.338,581758.22,586841.77,562633.67,601078.2166666667,593770.5783333333,534081.9900000001,7,30,3,2011,False,False,False,False,False,False,False,False,False,False,False,False,False,False,False,True,False,False,False,False,False,False,False,False,False,False,False,False,False,False,False,False,False,False,False,False,False,False,False,False,False,False,False,False,False,False,False,False,False,592981.33
16,2011-08-05,592981.33,N/A,63.96,3.554,193.9110133,6.338,582381.95,581758.22,586936.45,583660.6466666666,593909.865,547296.7174999999,8,31,3,2011,False,False,False,False,False,False,False,False,False,False,False,False,False,False,False,True,False,False,False,False,False,False,False,False,False,False,False,False,False,False,False,False,False,False,False,False,False,False,False,False,False,False,False,False,False,False,False,False,False,563884.47
16,2011-08-12,563884.47,N/A,67.09,3.542,194.1105017,6.338,592981.33,582381.95,543757.97,585707.1666666666,597889.2483333334,562511.2491666666,8,32,3,2011,False,False,False,False,False,False,False,False,False,False,False,False,False,False,False,True,False,False,False,False,False,False,False,False,False,False,False,False,False,False,False,False,False,False,False,False,False,False,False,False,False,False,False,False,False,False,False,False,False,554630.42
16,2011-08-19,554630.42,N/A,68.83,3.499,194.2500634,6.338,563884.47,592981.33,521516.96,579749.25,590413.7333333333,573218.5225000001,8,33,3,2011,False,False,False,False,False,False,False,False,False,False,False,False,False,False,False,True,False,False,False,False,False,False,False,False,False,False,False,False,False,False,False,False,False,False,False,False,False,False,False,False,False,False,False,False,False,False,False,False,False,557312.01
16,2011-08-26,557312.01,N/A,67.51,3.485,194.3796374,6.338,554630.42,563884.47,581010.52,570498.74,577079.6933333334,582377.8341666667,8,34,3,2011,False,False,False,False,False,False,False,False,False,False,False,False,False,False,False,True,False,False,False,False,False,False,False,False,False,False,False,False,False,False,False,False,False,False,False,False,False,False,False,False,False,False,False,False,False,False,False,False,False,580805.33
16,2011-09-02,580805.33,N/A,63.44,3.511,194.5092113,6.338,557312.01,554630.42,542087.89,558608.9666666667,572158.0666666667,584563.8091666667,9,35,3,2011,False,False,False,False,False,False,False,False,False,False,False,False,False,False,False,True,False,False,False,False,False,False,False,False,False,False,False,False,False,False,False,False,False,False,False,False,False,False,False,False,False,False,False,False,False,False,False,False,False,574622.56
16,2011-09-09,574622.56,Labor Day,56.99,3.566,194.6387853,6.338,580805.33,557312.01,537518.57,564249.2533333334,571999.2516666666,582884.915,9,36,3,2011,False,False,False,False,False,False,False,False,False,False,False,False,False,False,False,True,False,False,False,False,False,False,False,False,False,False,False,False,False,False,False,False,False,False,False,False,False,False,False,False,False,False,False,False,False,False,False,True,False,539081.09
16,2011-09-16,539081.09,N/A,53.68,3.596,194.7419707,6.338,574622.56,580805.33,522049.52,570913.2999999999,570706.02,582307.9425,9,37,3,2011,False,False,False,False,False,False,False,False,False,False,False,False,False,False,False,True,False,False,False,False,False,False,False,False,False,False,False,False,False,False,False,False,False,False,False,False,False,False,False,False,False,False,False,False,False,False,False,False,False,504856.97
16,2011-09-23,504856.97,N/A,50.39,3.581,194.8099713,6.338,539081.09,574622.56,511330.32,564836.3266666667,561722.6466666666,579805.9474999999,9,38,3,2011,False,False,False,False,False,False,False,False,False,False,False,False,False,False,False,True,False,False,False,False,False,False,False,False,False,False,False,False,False,False,False,False,False,False,False,False,False,False,False,False,False,False,False,False,False,False,False,False,False,450075.31
16,2011-09-30,450075.31,N/A,57.61,3.538,194.8779718,6.338,504856.97,539081.09,463977.54,539520.2066666667,551884.73,571149.2316666667,9,39,3,2011,False,False,False,False,False,False,False,False,False,False,False,False,False,False,False,True,False,False,False,False,False,False,False,False,False,False,False,False,False,False,False,False,False,False,False,False,False,False,False,False,False,False,False,False,False,False,False,False,False,482926.93
16,2011-10-07,482926.93,N/A,48.91,3.498,194.9459724,6.232,450075.31,504856.97,442894.2,498004.4566666666,534458.8783333333,555769.2858333333,10,40,4,2011,False,False,False,False,False,False,False,False,False,False,False,False,False,False,False,True,False,False,False,False,False,False,False,False,False,False,False,False,False,False,False,False,False,False,False,False,False,False,False,False,False,False,False,False,False,False,False,False,False,498241.06
16,2011-10-14,498241.06,N/A,39.97,3.491,195.0261012,6.232,482926.93,450075.31,452169.28,479286.4033333333,522061.365,547109.7158333333,10,41,4,2011,False,False,False,False,False,False,False,False,False,False,False,False,False,False,False,True,False,False,False,False,False,False,False,False,False,False,False,False,False,False,False,False,False,False,False,False,False,False,False,False,False,False,False,False,False,False,False,False,False,560104.16
16,2011-10-21,560104.16,N/A,46.99,3.548,195.1789994,6.232,498241.06,482926.93,541216.92,477081.10000000003,508300.6533333333,540149.9525,10,42,4,2011,False,False,False,False,False,False,False,False,False,False,False,False,False,False,False,True,False,False,False,False,False,False,False,False,False,False,False,False,False,False,False,False,False,False,False,False,False,False,False,False,False,False,False,False,False,False,False,False,False,505918.21
17,2011-02-04,816603.05,N/A,11.29,2.974,127.7195806,6.866,736335.69,755804.37,789036.02,750216.8066666666,879801.8166666665,905032.8275,2,5,1,2011,False,False,False,False,False,False,False,False,False,False,False,False,False,False,False,False,True,False,False,False,False,False,False,False,False,False,False,False,False,False,False,False,False,False,False,False,False,False,False,False,False,False,False,False,False,False,False,False,False,813211.46
17,2011-02-11,813211.46,Super Bowl,14.19,3.034,127.859129,6.866,816603.05,736335.69,841951.91,769581.0366666667,797697.86,901794.7516666668,2,6,1,2011,False,False,False,False,False,False,False,False,False,False,False,False,False,False,False,False,True,False,False,False,False,False,False,False,False,False,False,False,False,False,False,False,False,False,False,False,False,False,False,False,False,False,False,False,False,False,False,False,True,860962.91
17,2011-02-18,860962.91,N/A,26.86,3.062,127.99525,6.866,813211.46,816603.05,800714.0,788716.7333333334,827256.0116666667,904374.6591666667,2,7,1,2011,False,False,False,False,False,False,False,False,False,False,False,False,False,False,False,False,True,False,False,False,False,False,False,False,False,False,False,False,False,False,False,False,False,False,False,False,False,False,False,False,False,False,False,False,False,False,False,False,False,767256.53
17,2011-02-25,767256.53,N/A,24.36,3.12,128.13,6.866,860962.91,813211.46,749549.55,830259.14,790237.9733333333,892334.1716666667,2,8,1,2011,False,False,False,False,False,False,False,False,False,False,False,False,False,False,False,False,True,False,False,False,False,False,False,False,False,False,False,False,False,False,False,False,False,False,False,False,False,False,False,False,False,False,False,False,False,False,False,False,False,816138.33
17,2011-03-04,816138.33,N/A,24.21,3.23,128.26475,6.866,767256.53,860962.91,783300.05,813810.2999999999,791695.6683333333,879057.7316666666,3,9,1,2011,False,False,False,False,False,False,False,False,False,False,False,False,False,False,False,False,True,False,False,False,False,False,False,False,False,False,False,False,False,False,False,False,False,False,False,False,False,False,False,False,False,False,False,False,False,False,False,False,False,779602.36
17,2011-03-11,779602.36,N/A,32.42,3.346,128.3995,6.866,816138.33,767256.53,763961.82,814785.9233333333,801751.3283333333,866862.9633333333,3,10,1,2011,False,False,False,False,False,False,False,False,False,False,False,False,False,False,False,False,True,False,False,False,False,False,False,False,False,False,False,False,False,False,False,False,False,False,False,False,False,False,False,False,False,False,False,False,False,False,False,False,False,778436.81
17,2011-03-18,778436.81,N/A,34.48,3.407,128.5121935,6.866,779602.36,816138.33,752034.52,787665.7399999999,808962.44,844382.1283333334,3,11,1,2011,False,False,False,False,False,False,False,False,False,False,False,False,False,False,False,False,True,False,False,False,False,False,False,False,False,False,False,False,False,False,False,False,False,False,False,False,False,False,False,False,False,False,False,False,False,False,False,False,False,781267.76
17,2011-03-25,781267.76,N/A,36.71,3.435,128.6160645,6.866,778436.81,779602.36,793097.64,791392.5,802601.4,800149.6299999999,3,12,1,2011,False,False,False,False,False,False,False,False,False,False,False,False,False,False,False,False,True,False,False,False,False,False,False,False,False,False,False,False,False,False,False,False,False,False,False,False,False,False,False,False,False,False,False,False,False,False,False,False,False,795859.23
17,2011-04-01,795859.23,N/A,39.38,3.487,128.7199355,6.774,781267.76,778436.81,848521.17,779768.9766666667,797277.4500000001,812266.7308333335,4,13,2,2011,False,False,False,False,False,False,False,False,False,False,False,False,False,False,False,False,True,False,False,False,False,False,False,False,False,False,False,False,False,False,False,False,False,False,False,False,False,False,False,False,False,False,False,False,False,False,False,False,False,811855.72
17,2011-04-08,811855.72,N/A,39.16,3.547,128.8238065,6.774,795859.23,781267.76,770228.02,785187.9333333335,786426.8366666668,788332.4049999999,4,14,2,2011,False,False,False,False,False,False,False,False,False,False,False,False,False,False,False,False,True,False,False,False,False,False,False,False,False,False,False,False,False,False,False,False,False,False,False,False,False,False,False,False,False,False,False,False,False,False,False,False,False,825283.43
17,2011-04-15,825283.43,N/A,39.98,3.616,128.9107333,6.774,811855.72,795859.23,757738.76,796327.57,793860.035,792777.8516666667,4,15,2,2011,False,False,False,False,False,False,False,False,False,False,False,False,False,False,False,False,True,False,False,False,False,False,False,False,False,False,False,False,False,False,False,False,False,False,False,False,False,False,False,False,False,False,False,False,False,False,False,False,False,1060770.11
17,2011-04-22,1060770.11,N/A,42.24,3.655,128.9553,6.774,825283.43,811855.72,977790.83,810999.46,795384.2183333333,798567.7733333333,4,16,2,2011,False,False,False,False,False,False,False,False,False,False,False,False,False,False,False,False,True,False,False,False,False,False,False,False,False,False,False,False,False,False,False,False,False,False,False,False,False,False,False,False,False,False,False,False,False,False,False,False,False,806979.15
17,2011-04-29,806979.15,N/A,40.14,3.683,128.9998667,6.774,1060770.11,825283.43,807798.73,899303.0866666666,842245.5100000001,825603.975,4,17,2,2011,False,False,False,False,False,False,False,False,False,False,False,False,False,False,False,False,True,False,False,False,False,False,False,False,False,False,False,False,False,False,False,False,False,False,False,False,False,False,False,False,False,False,False,False,False,False,False,False,False,882132.28
17,2011-05-06,882132.28,N/A,45.66,3.744,129.0444333,6.774,806979.15,1060770.11,843848.65,897677.5633333335,847002.5666666668,824801.9833333333,5,18,2,2011,False,False,False,False,False,False,False,False,False,False,False,False,False,False,False,False,True,False,False,False,False,False,False,False,False,False,False,False,False,False,False,False,False,False,False,False,False,False,False,False,False,False,False,False,False,False,False,False,False,870625.49
17,2011-05-13,870625.49,N/A,49.26,3.77,129.089,6.774,882132.28,806979.15,813756.09,916627.18,863813.32,830545.3850000001,5,19,2,2011,False,False,False,False,False,False,False,False,False,False,False,False,False,False,False,False,True,False,False,False,False,False,False,False,False,False,False,False,False,False,False,False,False,False,False,False,False,False,False,False,False,False,False,False,False,False,False,False,False,844443.35
17,2011-05-20,844443.35,N/A,51.93,3.802,129.0756774,6.774,870625.49,882132.28,826626.5,853245.64,876274.3633333334,831350.6000000001,5,20,2,2011,False,False,False,False,False,False,False,False,False,False,False,False,False,False,False,False,True,False,False,False,False,False,False,False,False,False,False,False,False,False,False,False,False,False,False,False,False,False,False,False,False,False,False,False,False,False,False,False,False,892056.64
17,2011-05-27,892056.64,N/A,51.04,3.778,129.0623548,6.774,844443.35,870625.49,872817.62,865733.7066666667,881705.6350000001,837782.8350000001,5,21,2,2011,False,False,False,False,False,False,False,False,False,False,False,False,False,False,False,False,True,False,False,False,False,False,False,False,False,False,False,False,False,False,False,False,False,False,False,False,False,False,False,False,False,False,False,False,False,False,False,False,False,895020.48
17,2011-06-03,895020.48,N/A,49.61,3.752,129.0490323,6.774,892056.64,844443.35,876902.87,869041.8266666667,892834.5033333333,844109.3608333333,6,22,2,2011,False,False,False,False,False,False,False,False,False,False,False,False,False,False,False,False,True,False,False,False,False,False,False,False,False,False,False,False,False,False,False,False,False,False,False,False,False,False,False,False,False,False,False,False,False,False,False,False,False,881190.46
17,2011-06-10,881190.46,N/A,54.57,3.732,129.0357097,6.774,895020.48,892056.64,845252.21,877173.4900000001,865209.5650000001,853727.5375,6,23,2,2011,False,False,False,False,False,False,False,False,False,False,False,False,False,False,False,False,True,False,False,False,False,False,False,False,False,False,False,False,False,False,False,False,False,False,False,False,False,False,False,False,False,False,False,False,False,False,False,False,False,894686.67
17,2011-06-17,894686.67,N/A,56.61,3.704,129.0432,6.774,881190.46,895020.48,877996.27,889422.5266666667,877578.1166666667,862290.3416666668,6,24,2,2011,False,False,False,False,False,False,False,False,False,False,False,False,False,False,False,False,True,False,False,False,False,False,False,False,False,False,False,False,False,False,False,False,False,False,False,False,False,False,False,False,False,False,False,False,False,False,False,False,False,920719.98
17,2011-06-24,920719.98,N/A,60.99,3.668,129.0663,6.774,894686.67,881190.46,893995.44,890299.2033333333,879670.515,871741.9175,6,25,2,2011,False,False,False,False,False,False,False,False,False,False,False,False,False,False,False,False,True,False,False,False,False,False,False,False,False,False,False,False,False,False,False,False,False,False,False,False,False,False,False,False,False,False,False,False,False,False,False,False,False,940554.34
17,2011-07-01,940554.34,N/A,67.39,3.613,129.0894,6.745,920719.98,894686.67,958875.37,898865.7033333333,888019.5966666667,882146.9800000001,7,26,3,2011,False,False,False,False,False,False,False,False,False,False,False,False,False,False,False,False,True,False,False,False,False,False,False,False,False,False,False,False,False,False,False,False,False,False,False,False,False,False,False,False,False,False,False,False,False,False,False,False,False,915064.22
17,2011-07-08,915064.22,N/A,70.6,3.563,129.1125,6.745,940554.34,920719.98,836915.92,918653.6633333332,904038.0950000001,892871.8650000001,7,27,3,2011,False,False,False,False,False,False,False,False,False,False,False,False,False,False,False,False,True,False,False,False,False,False,False,False,False,False,False,False,False,False,False,False,False,False,False,False,False,False,False,False,False,False,False,False,False,False,False,False,False,902727.76
17,2011-07-15,902727.76,N/A,67.93,3.553,129.1338387,6.745,915064.22,940554.34,876591.41,925446.18,907872.6916666668,900353.5975,7,28,3,2011,False,False,False,False,False,False,False,False,False,False,False,False,False,False,False,False,True,False,False,False,False,False,False,False,False,False,False,False,False,False,False,False,False,False,False,False,False,False,False,False,False,False,False,False,False,False,False,False,False,899044.34
17,2011-07-22,899044.34,N/A,69.82,3.563,129.1507742,6.745,902727.76,915064.22,893504.87,919448.7733333333,909157.2383333333,887183.4016666665,7,29,3,2011,False,False,False,False,False,False,False,False,False,False,False,False,False,False,False,False,True,False,False,False,False,False,False,False,False,False,False,False,False,False,False,False,False,False,False,False,False,False,False,False,False,False,False,False,False,False,False,False,False,861894.77
17,2011-07-29,861894.77,N/A,68.59,3.574,129.1677097,6.745,899044.34,902727.76,833517.19,905612.1066666668,912132.8849999999,894855.5008333334,7,30,3,2011,False,False,False,False,False,False,False,False,False,False,False,False,False,False,False,False,True,False,False,False,False,False,False,False,False,False,False,False,False,False,False,False,False,False,False,False,False,False,False,False,False,False,False,False,False,False,False,False,False,866184.92
17,2011-08-05,866184.92,N/A,65.71,3.595,129.1846452,6.745,861894.77,899044.34,795301.17,887888.9566666667,906667.5683333334,893169.0416666666,8,31,3,2011,False,False,False,False,False,False,False,False,False,False,False,False,False,False,False,False,True,False,False,False,False,False,False,False,False,False,False,False,False,False,False,False,False,False,False,False,False,False,False,False,False,False,False,False,False,False,False,False,False,800819.79
17,2011-08-12,800819.79,N/A,64.79,3.606,129.2015806,6.745,866184.92,861894.77,759995.18,875708.0100000001,897578.3916666666,892798.9941666666,8,32,3,2011,False,False,False,False,False,False,False,False,False,False,False,False,False,False,False,False,True,False,False,False,False,False,False,False,False,False,False,False,False,False,False,False,False,False,False,False,False,False,False,False,False,False,False,False,False,False,False,False,False,797523.04
17,2011-08-19,797523.04,N/A,67.59,3.578,129.2405806,6.745,800819.79,866184.92,783929.7,842966.4933333333,874289.2999999999,889163.6974999999,8,33,3,2011,False,False,False,False,False,False,False,False,False,False,False,False,False,False,False,False,True,False,False,False,False,False,False,False,False,False,False,False,False,False,False,False,False,False,False,False,False,False,False,False,False,False,False,False,False,False,False,False,False,837390.79
17,2011-08-26,837390.79,N/A,72.04,3.57,129.2832581,6.745,797523.04,800819.79,802583.89,821509.25,854699.1033333334,881285.8975000001,8,34,3,2011,False,False,False,False,False,False,False,False,False,False,False,False,False,False,False,False,True,False,False,False,False,False,False,False,False,False,False,False,False,False,False,False,False,False,False,False,False,False,False,False,False,False,False,False,False,False,False,False,False,847380.07
17,2011-09-02,847380.07,N/A,69.31,3.58,129.3259355,6.745,837390.79,797523.04,834373.73,811911.2066666667,843809.6083333334,876483.4233333333,9,35,3,2011,False,False,False,False,False,False,False,False,False,False,False,False,False,False,False,False,True,False,False,False,False,False,False,False,False,False,False,False,False,False,False,False,False,False,False,False,False,False,False,False,False,False,False,False,False,False,False,False,False,1161900.18
17,2011-09-09,1161900.18,Labor Day,61.94,3.619,129.3686129,6.745,847380.07,837390.79,1200888.28,827431.3000000002,835198.8966666668,873665.8908333333,9,36,3,2011,False,False,False,False,False,False,False,False,False,False,False,False,False,False,False,False,True,False,False,False,False,False,False,False,False,False,False,False,False,False,False,False,False,False,False,False,False,False,False,False,False,False,False,False,False,False,False,True,False,1051116.95
17,2011-09-16,1051116.95,N/A,61.48,3.641,129.4306,6.745,1161900.18,847380.07,871264.25,948890.3466666667,885199.7983333333,895933.6833333332,9,37,3,2011,False,False,False,False,False,False,False,False,False,False,False,False,False,False,False,False,True,False,False,False,False,False,False,False,False,False,False,False,False,False,False,False,False,False,False,False,False,False,False,False,False,False,False,False,False,False,False,False,False,895535.31
17,2011-09-23,895535.31,N/A,56.96,3.648,129.5183333,6.745,1051116.95,1161900.18,852876.29,1020132.4,916021.8033333333,906800.0974999998,9,38,3,2011,False,False,False,False,False,False,False,False,False,False,False,False,False,False,False,False,True,False,False,False,False,False,False,False,False,False,False,False,False,False,False,False,False,False,False,False,False,False,False,False,False,False,False,False,False,False,False,False,False,868191.05
17,2011-09-30,868191.05,N/A,61.4,3.623,129.6060667,6.745,895535.31,1051116.95,829207.27,1036184.1466666665,931807.7233333333,903048.5116666666,9,39,3,2011,False,False,False,False,False,False,False,False,False,False,False,False,False,False,False,False,True,False,False,False,False,False,False,False,False,False,False,False,False,False,False,False,False,False,False,False,False,False,False,False,False,False,False,False,False,False,False,False,False,918006.9
17,2011-10-07,918006.9,N/A,54.4,3.592,129.6938,6.617,868191.05,895535.31,827738.06,938281.1033333334,943585.725,899142.4141666667,10,40,4,2011,False,False,False,False,False,False,False,False,False,False,False,False,False,False,False,False,True,False,False,False,False,False,False,False,False,False,False,False,False,False,False,False,False,False,False,False,False,False,False,False,False,False,False,False,False,False,False,False,False,884042.63
17,2011-10-14,884042.63,N/A,47.69,3.567,129.7706452,6.617,918006.9,868191.05,838297.32,893911.0866666668,957021.7433333333,900415.6758333334,10,41,4,2011,False,False,False,False,False,False,False,False,False,False,False,False,False,False,False,False,True,False,False,False,False,False,False,False,False,False,False,False,False,False,False,False,False,False,False,False,False,False,False,False,False,False,False,False,False,False,False,False,False,877380.22
17,2011-10-21,877380.22,N/A,47.27,3.579,129.7821613,6.617,884042.63,918006.9,815093.76,890080.1933333334,963132.17,899165.5333333333,10,42,4,2011,False,False,False,False,False,False,False,False,False,False,False,False,False,False,False,False,True,False,False,False,False,False,False,False,False,False,False,False,False,False,False,False,False,False,False,False,False,False,False,False,False,False,False,False,False,False,False,False,False,936508.43
18,2011-02-04,1055841.24,N/A,20.79,3.24,133.1834194,9.131,849540.85,891148.55,1205307.5,839288.2266666667,1061206.5233333334,1196972.4008333331,2,5,1,2011,False,False,False,False,False,False,False,False,False,False,False,False,False,False,False,False,False,True,False,False,False,False,False,False,False,False,False,False,False,False,False,False,False,False,False,False,False,False,False,False,False,False,False,False,False,False,False,False,False,1122053.58
18,2011-02-11,1122053.58,Super Bowl,24.3,3.255,133.260871,9.131,1055841.24,849540.85,1187880.7,932176.8799999999,899262.2050000001,1194848.9941666666,2,6,1,2011,False,False,False,False,False,False,False,False,False,False,False,False,False,False,False,False,False,True,False,False,False,False,False,False,False,False,False,False,False,False,False,False,False,False,False,False,False,False,False,False,False,False,False,False,False,False,False,False,True,1095058.57
18,2011-02-18,1095058.57,N/A,31.59,3.263,133.3701429,9.131,1122053.58,1055841.24,1150663.42,1009145.2233333333,938286.6333333334,1201209.9283333332,2,7,1,2011,False,False,False,False,False,False,False,False,False,False,False,False,False,False,False,False,False,True,False,False,False,False,False,False,False,False,False,False,False,False,False,False,False,False,False,False,False,False,False,False,False,False,False,False,False,False,False,False,False,1005983.31
18,2011-02-25,1005983.31,N/A,26.15,3.281,133.4921429,9.131,1095058.57,1122053.58,1068157.45,1090984.4633333331,965136.3449999999,1154651.5291666666,2,8,1,2011,False,False,False,False,False,False,False,False,False,False,False,False,False,False,False,False,False,True,False,False,False,False,False,False,False,False,False,False,False,False,False,False,False,False,False,False,False,False,False,False,False,False,False,False,False,False,False,False,False,1063310.62
18,2011-03-04,1063310.62,N/A,28.49,3.437,133.6141429,9.131,1005983.31,1095058.57,1179738.5,1074365.1533333333,1003271.0166666667,1137564.6275,3,9,1,2011,False,False,False,False,False,False,False,False,False,False,False,False,False,False,False,False,False,True,False,False,False,False,False,False,False,False,False,False,False,False,False,False,False,False,False,False,False,False,False,False,False,False,False,False,False,False,False,False,False,1002714.25
18,2011-03-11,1002714.25,N/A,38.4,3.6,133.7361429,9.131,1063310.62,1005983.31,1138800.32,1054784.1666666667,1031964.6950000002,1108159.7641666667,3,10,1,2011,False,False,False,False,False,False,False,False,False,False,False,False,False,False,False,False,False,True,False,False,False,False,False,False,False,False,False,False,False,False,False,False,False,False,False,False,False,False,False,False,False,False,False,False,False,False,False,False,False,945889.59
18,2011-03-18,945889.59,N/A,41.12,3.634,133.8492258,9.131,1002714.25,1063310.62,1087507.47,1024002.7266666667,1057493.595,1059350.0591666666,3,11,1,2011,False,False,False,False,False,False,False,False,False,False,False,False,False,False,False,False,False,True,False,False,False,False,False,False,False,False,False,False,False,False,False,False,False,False,False,False,False,False,False,False,False,False,False,False,False,False,False,False,False,944523.3
18,2011-03-25,944523.3,N/A,36.65,3.624,133.9587419,9.131,945889.59,1002714.25,1092704.09,1003971.4866666667,1039168.32,969215.2624999998,3,12,1,2011,False,False,False,False,False,False,False,False,False,False,False,False,False,False,False,False,False,True,False,False,False,False,False,False,False,False,False,False,False,False,False,False,False,False,False,False,False,False,False,False,False,False,False,False,False,False,False,False,False,938083.17
18,2011-04-01,938083.17,N/A,35.06,3.638,134.0682581,8.975,944523.3,945889.59,1254107.84,964375.7133333334,1009579.94,973933.2866666666,4,13,2,2011,False,False,False,False,False,False,False,False,False,False,False,False,False,False,False,False,False,True,False,False,False,False,False,False,False,False,False,False,False,False,False,False,False,False,False,False,False,False,False,False,False,False,False,False,False,False,False,False,False,1018541.3
18,2011-04-08,1018541.3,N/A,43.32,3.72,134.1777742,8.975,938083.17,944523.3,1174447.55,942832.02,983417.3733333334,974276.8591666667,4,14,2,2011,False,False,False,False,False,False,False,False,False,False,False,False,False,False,False,False,False,True,False,False,False,False,False,False,False,False,False,False,False,False,False,False,False,False,False,False,False,False,False,False,False,False,False,False,False,False,False,False,False,988157.72
18,2011-04-15,988157.72,N/A,49.91,3.823,134.2784667,8.975,1018541.3,938083.17,1135577.62,967049.2566666668,985510.3716666667,994390.6941666667,4,15,2,2011,False,False,False,False,False,False,False,False,False,False,False,False,False,False,False,False,False,True,False,False,False,False,False,False,False,False,False,False,False,False,False,False,False,False,False,False,False,False,False,False,False,False,False,False,False,False,False,False,False,1105860.06
18,2011-04-22,1105860.06,N/A,45.99,3.919,134.3571,8.975,988157.72,1018541.3,1132433.55,981594.0633333334,972984.8883333333,1002474.7916666666,4,16,2,2011,False,False,False,False,False,False,False,False,False,False,False,False,False,False,False,False,False,True,False,False,False,False,False,False,False,False,False,False,False,False,False,False,False,False,False,False,False,False,False,False,False,False,False,False,False,False,False,False,False,974114.39
18,2011-04-29,974114.39,N/A,58.82,3.988,134.4357333,8.975,1105860.06,988157.72,1060446.16,1037519.6933333334,990175.8566666666,1023834.7258333334,4,17,2,2011,False,False,False,False,False,False,False,False,False,False,False,False,False,False,False,False,False,True,False,False,False,False,False,False,False,False,False,False,False,False,False,False,False,False,False,False,False,False,False,False,False,False,False,False,False,False,False,False,False,1065427.37
18,2011-05-06,1065427.37,N/A,54.17,4.078,134.5143667,8.975,974114.39,1105860.06,1222255.47,1022710.7233333333,994879.9900000001,1017024.1550000001,5,18,2,2011,False,False,False,False,False,False,False,False,False,False,False,False,False,False,False,False,False,True,False,False,False,False,False,False,False,False,False,False,False,False,False,False,False,False,False,False,False,False,False,False,False,False,False,False,False,False,False,False,False,993172.98
18,2011-05-13,993172.98,N/A,58.48,4.095,134.593,8.975,1065427.37,974114.39,1092616.49,1048467.2733333334,1015030.6683333333,1012305.3041666667,5,19,2,2011,False,False,False,False,False,False,False,False,False,False,False,False,False,False,False,False,False,True,False,False,False,False,False,False,False,False,False,False,False,False,False,False,False,False,False,False,False,False,False,False,False,False,False,False,False,False,False,False,False,994610.43
18,2011-05-20,994610.43,N/A,57.55,4.101,134.6803871,8.975,993172.98,1065427.37,1101621.36,1010904.9133333334,1024212.3033333333,1003814.8383333334,5,20,2,2011,False,False,False,False,False,False,False,False,False,False,False,False,False,False,False,False,False,True,False,False,False,False,False,False,False,False,False,False,False,False,False,False,False,False,False,False,False,False,False,False,False,False,False,False,False,False,False,False,False,1065214.14
18,2011-05-27,1065214.14,N/A,64.6,4.034,134.7677742,8.975,994610.43,993172.98,1256282.79,1017736.9266666666,1020223.8249999998,1002867.0983333333,5,21,2,2011,False,False,False,False,False,False,False,False,False,False,False,False,False,False,False,False,False,True,False,False,False,False,False,False,False,False,False,False,False,False,False,False,False,False,False,False,False,False,False,False,False,False,False,False,False,False,False,False,False,1178039.0
18,2011-06-03,1178039.0,N/A,70.9,3.973,134.8551613,8.975,1065214.14,994610.43,1271311.76,1017665.85,1033066.5616666665,1003025.7250000001,6,22,2,2011,False,False,False,False,False,False,False,False,False,False,False,False,False,False,False,False,False,True,False,False,False,False,False,False,False,False,False,False,False,False,False,False,False,False,False,False,False,False,False,False,False,False,False,False,False,False,False,False,False,1044079.2
18,2011-06-10,1044079.2,N/A,69.49,3.924,134.9425484,8.975,1178039.0,1065214.14,1173521.82,1079287.8566666667,1045096.3850000001,1017636.1208333335,6,23,2,2011,False,False,False,False,False,False,False,False,False,False,False,False,False,False,False,False,False,True,False,False,False,False,False,False,False,False,False,False,False,False,False,False,False,False,False,False,False,False,False,False,False,False,False,False,False,False,False,False,False,1045859.39
18,2011-06-17,1045859.39,N/A,63.23,3.873,135.0837333,8.975,1044079.2,1178039.0,1183225.92,1095777.4466666665,1056757.1866666665,1025818.5883333334,6,24,2,2011,False,False,False,False,False,False,False,False,False,False,False,False,False,False,False,False,False,True,False,False,False,False,False,False,False,False,False,False,False,False,False,False,False,False,False,False,False,False,False,False,False,False,False,False,False,False,False,False,False,1056478.65
18,2011-06-24,1056478.65,N/A,67.41,3.851,135.2652667,8.975,1045859.39,1044079.2,1220983.17,1089325.8633333333,1053495.8566666667,1034263.2625000001,6,25,2,2011,False,False,False,False,False,False,False,False,False,False,False,False,False,False,False,False,False,True,False,False,False,False,False,False,False,False,False,False,False,False,False,False,False,False,False,False,False,False,False,False,False,False,False,False,False,False,False,False,False,1087051.26
18,2011-07-01,1087051.26,N/A,69.75,3.815,135.4468,8.89,1056478.65,1045859.39,1257928.35,1048805.7466666666,1064046.8016666665,1044129.5524999999,7,26,3,2011,False,False,False,False,False,False,False,False,False,False,False,False,False,False,False,False,False,True,False,False,False,False,False,False,False,False,False,False,False,False,False,False,False,False,False,False,False,False,False,False,False,False,False,False,False,False,False,False,False,1048802.62
18,2011-07-08,1048802.62,N/A,73.12,3.784,135.6283333,8.89,1087051.26,1056478.65,1171391.41,1063129.7666666666,1079453.6066666667,1049838.7158333333,7,27,3,2011,False,False,False,False,False,False,False,False,False,False,False,False,False,False,False,False,False,True,False,False,False,False,False,False,False,False,False,False,False,False,False,False,False,False,False,False,False,False,False,False,False,False,False,False,False,False,False,False,False,974916.13
18,2011-07-15,974916.13,N/A,74.36,3.827,135.7837419,8.89,1048802.62,1087051.26,1115514.61,1064110.8433333335,1076718.3533333333,1054892.4575,7,28,3,2011,False,False,False,False,False,False,False,False,False,False,False,False,False,False,False,False,False,True,False,False,False,False,False,False,False,False,False,False,False,False,False,False,False,False,False,False,False,False,False,False,False,False,False,False,False,False,False,False,False,991262.46
18,2011-07-22,991262.46,N/A,78.68,3.882,135.8738387,8.89,974916.13,1048802.62,1032908.23,1036923.3366666668,1042864.5416666665,1043980.4633333334,7,29,3,2011,False,False,False,False,False,False,False,False,False,False,False,False,False,False,False,False,False,True,False,False,False,False,False,False,False,False,False,False,False,False,False,False,False,False,False,False,False,False,False,False,False,False,False,False,False,False,False,False,False,954148.64
18,2011-07-29,954148.64,N/A,73.85,3.898,135.9639355,8.89,991262.46,974916.13,1078557.62,1004993.7366666667,1034061.7516666666,1045409.4691666666,7,30,3,2011,False,False,False,False,False,False,False,False,False,False,False,False,False,False,False,False,False,True,False,False,False,False,False,False,False,False,False,False,False,False,False,False,False,False,False,False,False,False,False,False,False,False,False,False,False,False,False,False,False,1002806.39
18,2011-08-05,1002806.39,N/A,74.58,3.903,136.0540323,8.89,954148.64,991262.46,1166117.85,973442.41,1018776.6266666666,1036136.2416666667,8,31,3,2011,False,False,False,False,False,False,False,False,False,False,False,False,False,False,False,False,False,True,False,False,False,False,False,False,False,False,False,False,False,False,False,False,False,False,False,False,False,False,False,False,False,False,False,False,False,False,False,False,False,928470.83
18,2011-08-12,928470.83,N/A,73.57,3.88,136.144129,8.89,1002806.39,954148.64,1084722.78,982739.1633333334,1009831.25,1036939.0258333334,8,32,3,2011,False,False,False,False,False,False,False,False,False,False,False,False,False,False,False,False,False,True,False,False,False,False,False,False,False,False,False,False,False,False,False,False,False,False,False,False,False,False,False,False,False,False,False,False,False,False,False,False,False,932679.79
18,2011-08-19,932679.79,N/A,69.24,3.82,136.183129,8.89,928470.83,1002806.39,1141860.67,961808.6200000001,983401.1783333333,1031427.3925000001,8,33,3,2011,False,False,False,False,False,False,False,False,False,False,False,False,False,False,False,False,False,True,False,False,False,False,False,False,False,False,False,False,False,False,False,False,False,False,False,False,False,False,False,False,False,False,False,False,False,False,False,False,False,1147906.46
18,2011-08-26,1147906.46,N/A,70.32,3.796,136.2136129,8.89,932679.79,928470.83,1214302.76,954652.3366666666,964047.3733333334,1020382.8633333333,8,34,3,2011,False,False,False,False,False,False,False,False,False,False,False,False,False,False,False,False,False,True,False,False,False,False,False,False,False,False,False,False,False,False,False,False,False,False,False,False,False,False,False,False,False,False,False,False,False,False,False,False,False,540922.94
18,2011-09-02,540922.94,N/A,68.23,3.784,136.2440968,8.89,1147906.46,932679.79,1187359.77,1003019.0266666667,992879.0950000001,1017871.8183333334,9,35,3,2011,False,False,False,False,False,False,False,False,False,False,False,False,False,False,False,False,False,True,False,False,False,False,False,False,False,False,False,False,False,False,False,False,False,False,False,False,False,False,False,False,False,False,False,False,False,False,False,False,False,951549.61
18,2011-09-09,951549.61,Labor Day,68.11,3.809,136.2745806,8.89,540922.94,1147906.46,1011201.12,873836.3966666666,917822.5083333334,975942.13,9,36,3,2011,False,False,False,False,False,False,False,False,False,False,False,False,False,False,False,False,False,True,False,False,False,False,False,False,False,False,False,False,False,False,False,False,False,False,False,False,False,False,False,False,False,False,False,False,False,False,False,True,False,845715.37
18,2011-09-16,845715.37,N/A,66.23,3.809,136.3145,8.89,951549.61,540922.94,997998.21,880126.3366666666,917389.3366666666,968082.9816666666,9,37,3,2011,False,False,False,False,False,False,False,False,False,False,False,False,False,False,False,False,False,True,False,False,False,False,False,False,False,False,False,False,False,False,False,False,False,False,False,False,False,False,False,False,False,False,False,False,False,False,False,False,False,853073.17
18,2011-09-23,853073.17,N/A,60.44,3.758,136.367,8.89,845715.37,951549.61,950862.92,779395.9733333333,891207.5,950519.375,9,38,3,2011,False,False,False,False,False,False,False,False,False,False,False,False,False,False,False,False,False,True,False,False,False,False,False,False,False,False,False,False,False,False,False,False,False,False,False,False,False,False,False,False,False,False,False,False,False,False,False,False,False,847348.08
18,2011-09-30,847348.08,N/A,69.01,3.684,136.4195,8.89,853073.17,845715.37,948977.5,883446.0499999999,878641.2233333333,931021.2008333333,9,39,3,2011,False,False,False,False,False,False,False,False,False,False,False,False,False,False,False,False,False,True,False,False,False,False,False,False,False,False,False,False,False,False,False,False,False,False,False,False,False,False,False,False,False,False,False,False,False,False,False,False,False,1019741.1
18,2011-10-07,1019741.1,N/A,54.65,3.633,136.472,8.471,847348.08,853073.17,1107432.71,848712.2066666667,864419.2716666666,914233.3225000001,10,40,4,2011,False,False,False,False,False,False,False,False,False,False,False,False,False,False,False,False,False,True,False,False,False,False,False,False,False,False,False,False,False,False,False,False,False,False,False,False,False,False,False,False,False,False,False,False,False,False,False,False,False,953533.95
18,2011-10-14,953533.95,N/A,60.26,3.583,136.5150968,8.471,1019741.1,847348.08,1029618.1,906720.7833333333,843058.3783333333,917968.7366666667,10,41,4,2011,False,False,False,False,False,False,False,False,False,False,False,False,False,False,False,False,False,True,False,False,False,False,False,False,False,False,False,False,False,False,False,False,False,False,False,False,False,False,False,False,False,False,False,False,False,False,False,False,False,1048212.62
18,2011-10-21,1048212.62,N/A,55.83,3.618,136.5017742,8.471,953533.95,1019741.1,1052120.43,940207.71,911826.88,914824.6941666667,10,42,4,2011,False,False,False,False,False,False,False,False,False,False,False,False,False,False,False,False,False,True,False,False,False,False,False,False,False,False,False,False,False,False,False,False,False,False,False,False,False,False,False,False,False,False,False,False,False,False,False,False,False,1106642.63
19,2011-02-04,1370562.11,N/A,21.02,3.4,133.1834194,7.771,1284185.49,1212967.84,1507637.17,1226119.2866666666,1475981.201666667,1587009.1983333332,2,5,1,2011,False,False,False,False,False,False,False,False,False,False,False,False,False,False,False,False,False,False,True,False,False,False,False,False,False,False,False,False,False,False,False,False,False,False,False,False,False,False,False,False,False,False,False,False,False,False,False,False,False,1430851.11
19,2011-02-11,1430851.11,Super Bowl,21.79,3.416,133.260871,7.771,1370562.11,1284185.49,1536549.95,1289238.4800000002,1258040.4833333334,1577036.3858333335,2,6,1,2011,False,False,False,False,False,False,False,False,False,False,False,False,False,False,False,False,False,False,True,False,False,False,False,False,False,False,False,False,False,False,False,False,False,False,False,False,False,False,False,False,False,False,False,False,False,False,False,False,True,1457270.16
19,2011-02-18,1457270.16,N/A,34.74,3.42,133.3701429,7.771,1430851.11,1370562.11,1515976.11,1361866.2366666668,1283991.1783333335,1581474.5533333335,2,7,1,2011,False,False,False,False,False,False,False,False,False,False,False,False,False,False,False,False,False,False,True,False,False,False,False,False,False,False,False,False,False,False,False,False,False,False,False,False,False,False,False,False,False,False,False,False,False,False,False,False,False,1296658.47
19,2011-02-25,1296658.47,N/A,23.24,3.452,133.4921429,7.771,1457270.16,1430851.11,1373270.06,1419561.1266666667,1322840.2066666668,1536799.7475000003,2,8,1,2011,False,False,False,False,False,False,False,False,False,False,False,False,False,False,False,False,False,False,True,False,False,False,False,False,False,False,False,False,False,False,False,False,False,False,False,False,False,False,False,False,False,False,False,False,False,False,False,False,False,1433569.44
19,2011-03-04,1433569.44,N/A,29.28,3.605,133.6141429,7.771,1296658.47,1457270.16,1495844.57,1394926.5799999998,1342082.53,1510188.9566666668,3,9,1,2011,False,False,False,False,False,False,False,False,False,False,False,False,False,False,False,False,False,False,True,False,False,False,False,False,False,False,False,False,False,False,False,False,False,False,False,False,False,False,False,False,False,False,False,False,False,False,False,False,False,1351450.43
19,2011-03-11,1351450.43,N/A,35.59,3.752,133.7361429,7.771,1433569.44,1296658.47,1467889.2,1395832.69,1378849.4633333331,1479730.495,3,10,1,2011,False,False,False,False,False,False,False,False,False,False,False,False,False,False,False,False,False,False,True,False,False,False,False,False,False,False,False,False,False,False,False,False,False,False,False,False,False,False,False,False,False,False,False,False,False,False,False,False,False,1257972.37
19,2011-03-18,1257972.37,N/A,40.32,3.796,133.8492258,7.771,1351450.43,1433569.44,1332940.35,1360559.4466666665,1390060.2866666666,1433020.7441666666,3,11,1,2011,False,False,False,False,False,False,False,False,False,False,False,False,False,False,False,False,False,False,True,False,False,False,False,False,False,False,False,False,False,False,False,False,False,False,False,False,False,False,False,False,False,False,False,False,False,False,False,False,False,1266564.94
19,2011-03-25,1266564.94,N/A,33.26,3.789,133.9587419,7.771,1257972.37,1351450.43,1427023.45,1347664.08,1371295.33,1314667.9066666667,3,12,1,2011,False,False,False,False,False,False,False,False,False,False,False,False,False,False,False,False,False,False,True,False,False,False,False,False,False,False,False,False,False,False,False,False,False,False,False,False,False,False,False,False,False,False,False,False,False,False,False,False,False,1305950.22
19,2011-04-01,1305950.22,N/A,30.68,3.811,134.0682581,7.658,1266564.94,1257972.37,1642970.27,1291995.9133333333,1343914.3016666665,1313952.74,4,13,2,2011,False,False,False,False,False,False,False,False,False,False,False,False,False,False,False,False,False,False,True,False,False,False,False,False,False,False,False,False,False,False,False,False,False,False,False,False,False,False,False,False,False,False,False,False,False,False,False,False,False,1419911.91
19,2011-04-08,1419911.91,N/A,41.26,3.895,134.1777742,7.658,1305950.22,1266564.94,1489613.32,1276829.1766666668,1318694.3116666665,1320767.2591666668,4,14,2,2011,False,False,False,False,False,False,False,False,False,False,False,False,False,False,False,False,False,False,True,False,False,False,False,False,False,False,False,False,False,False,False,False,False,False,False,False,False,False,False,False,False,False,False,False,False,False,False,False,False,1392093.04
19,2011-04-15,1392093.04,N/A,48.67,3.981,134.2784667,7.658,1419911.91,1305950.22,1460354.67,1330809.0233333334,1339236.5516666665,1340659.5408333333,4,15,2,2011,False,False,False,False,False,False,False,False,False,False,False,False,False,False,False,False,False,False,True,False,False,False,False,False,False,False,False,False,False,False,False,False,False,False,False,False,False,False,False,False,False,False,False,False,False,False,False,False,False,1514288.82
19,2011-04-22,1514288.82,N/A,41.66,4.061,134.3571,7.658,1392093.04,1419911.91,1456793.33,1372651.7233333334,1332323.8183333331,1355586.6408333334,4,16,2,2011,False,False,False,False,False,False,False,False,False,False,False,False,False,False,False,False,False,False,True,False,False,False,False,False,False,False,False,False,False,False,False,False,False,False,False,False,False,False,False,False,False,False,False,False,False,False,False,False,False,1297237.7
19,2011-04-29,1297237.7,N/A,54.23,4.117,134.4357333,7.658,1514288.82,1392093.04,1405065.57,1442097.923333333,1359463.55,1374761.9183333332,4,17,2,2011,False,False,False,False,False,False,False,False,False,False,False,False,False,False,False,False,False,False,True,False,False,False,False,False,False,False,False,False,False,False,False,False,False,False,False,False,False,False,False,False,False,False,False,False,False,False,False,False,False,1451953.95
19,2011-05-06,1451953.95,N/A,50.43,4.192,134.5143667,7.658,1297237.7,1514288.82,1566219.77,1401206.5199999998,1366007.7716666667,1368651.5508333333,5,18,2,2011,False,False,False,False,False,False,False,False,False,False,False,False,False,False,False,False,False,False,True,False,False,False,False,False,False,False,False,False,False,False,False,False,False,False,False,False,False,False,False,False,False,False,False,False,False,False,False,False,False,1429143.06
19,2011-05-13,1429143.06,N/A,54.2,4.211,134.593,7.658,1451953.95,1297237.7,1437319.45,1421160.1566666665,1396905.9400000002,1370410.1208333333,5,19,2,2011,False,False,False,False,False,False,False,False,False,False,False,False,False,False,False,False,False,False,True,False,False,False,False,False,False,False,False,False,False,False,False,False,False,False,False,False,False,False,False,False,False,False,False,False,False,False,False,False,False,1355234.3
19,2011-05-20,1355234.3,N/A,52.8,4.202,134.6803871,7.658,1429143.06,1451953.95,1377716.17,1392778.2366666666,1417438.08,1368066.1958333335,5,20,2,2011,False,False,False,False,False,False,False,False,False,False,False,False,False,False,False,False,False,False,True,False,False,False,False,False,False,False,False,False,False,False,False,False,False,False,False,False,False,False,False,False,False,False,False,False,False,False,False,False,False,1388553.11
19,2011-05-27,1388553.11,N/A,63.2,4.134,134.7677742,7.658,1355234.3,1429143.06,1648882.62,1412110.4366666665,1406658.4783333335,1372947.515,5,21,2,2011,False,False,False,False,False,False,False,False,False,False,False,False,False,False,False,False,False,False,True,False,False,False,False,False,False,False,False,False,False,False,False,False,False,False,False,False,False,False,False,False,False,False,False,False,False,False,False,False,False,1457345.75
19,2011-06-03,1457345.75,N/A,66.01,4.069,134.8551613,7.658,1388553.11,1355234.3,1519013.49,1390976.8233333335,1406068.4900000002,1369196.1541666668,6,22,2,2011,False,False,False,False,False,False,False,False,False,False,False,False,False,False,False,False,False,False,True,False,False,False,False,False,False,False,False,False,False,False,False,False,False,False,False,False,False,False,False,False,False,False,False,False,False,False,False,False,False,1467473.63
19,2011-06-10,1467473.63,N/A,68.26,4.025,134.9425484,7.658,1457345.75,1388553.11,1410683.94,1400377.72,1396577.9783333333,1378020.764166667,6,23,2,2011,False,False,False,False,False,False,False,False,False,False,False,False,False,False,False,False,False,False,True,False,False,False,False,False,False,False,False,False,False,False,False,False,False,False,False,False,False,False,False,False,False,False,False,False,False,False,False,False,False,1418973.62
19,2011-06-17,1418973.62,N/A,64.02,3.989,135.0837333,7.658,1467473.63,1457345.75,1457314.39,1437790.83,1424950.6333333335,1395479.2025,6,24,2,2011,False,False,False,False,False,False,False,False,False,False,False,False,False,False,False,False,False,False,True,False,False,False,False,False,False,False,False,False,False,False,False,False,False,False,False,False,False,False,False,False,False,False,False,False,False,False,False,False,False,1440785.7
19,2011-06-24,1440785.7,N/A,68.4,3.964,135.2652667,7.658,1418973.62,1467473.63,1450407.32,1447931.0,1419453.9116666669,1408179.9258333333,6,25,2,2011,False,False,False,False,False,False,False,False,False,False,False,False,False,False,False,False,False,False,True,False,False,False,False,False,False,False,False,False,False,False,False,False,False,False,False,False,False,False,False,False,False,False,False,False,False,False,False,False,False,1462731.93
19,2011-07-01,1462731.93,N/A,67.64,3.916,135.4468,7.806,1440785.7,1418973.62,1549018.68,1442410.9833333334,1421394.3516666666,1419416.2158333333,7,26,3,2011,False,False,False,False,False,False,False,False,False,False,False,False,False,False,False,False,False,False,True,False,False,False,False,False,False,False,False,False,False,False,False,False,False,False,False,False,False,False,False,False,False,False,False,False,False,False,False,False,False,1465489.75
19,2011-07-08,1465489.75,N/A,73.2,3.886,135.6283333,7.806,1462731.93,1440785.7,1577541.24,1440830.4166666667,1439310.6233333333,1422984.5508333333,7,27,3,2011,False,False,False,False,False,False,False,False,False,False,False,False,False,False,False,False,False,False,True,False,False,False,False,False,False,False,False,False,False,False,False,False,False,False,False,False,False,False,False,False,False,False,False,False,False,False,False,False,False,1391580.41
19,2011-07-15,1391580.41,N/A,73.7,3.915,135.7837419,7.806,1465489.75,1462731.93,1412157.02,1456335.7933333332,1452133.3966666665,1429100.9433333334,7,28,3,2011,False,False,False,False,False,False,False,False,False,False,False,False,False,False,False,False,False,False,True,False,False,False,False,False,False,False,False,False,False,False,False,False,False,False,False,False,False,False,False,False,False,False,False,False,False,False,False,False,False,1377119.45
19,2011-07-22,1377119.45,N/A,79.37,3.972,135.8738387,7.806,1391580.41,1465489.75,1372043.71,1439934.03,1441172.5066666666,1418875.2425,7,29,3,2011,False,False,False,False,False,False,False,False,False,False,False,False,False,False,False,False,False,False,True,False,False,False,False,False,False,False,False,False,False,False,False,False,False,False,False,False,False,False,False,False,False,False,False,False,False,False,False,False,False,1298775.8
19,2011-07-29,1298775.8,N/A,74.86,4.004,135.9639355,7.806,1377119.45,1391580.41,1366395.96,1411396.5366666664,1426113.4766666666,1425532.055,7,30,3,2011,False,False,False,False,False,False,False,False,False,False,False,False,False,False,False,False,False,False,True,False,False,False,False,False,False,False,False,False,False,False,False,False,False,False,False,False,False,False,False,False,False,False,False,False,False,False,False,False,False,1408968.55
19,2011-08-05,1408968.55,N/A,73.84,4.02,136.0540323,7.806,1298775.8,1377119.45,1492060.89,1355825.22,1406080.5066666666,1412767.2091666665,8,31,3,2011,False,False,False,False,False,False,False,False,False,False,False,False,False,False,False,False,False,False,True,False,False,False,False,False,False,False,False,False,False,False,False,False,False,False,False,False,False,False,False,False,False,False,False,False,False,False,False,False,False,1360969.45
19,2011-08-12,1360969.45,N/A,70.92,3.995,136.144129,7.806,1408968.55,1298775.8,1418027.08,1361621.2666666666,1400777.6483333334,1411086.0,8,32,3,2011,False,False,False,False,False,False,False,False,False,False,False,False,False,False,False,False,False,False,True,False,False,False,False,False,False,False,False,False,False,False,False,False,False,False,False,False,False,False,False,False,False,False,False,False,False,False,False,False,False,1391792.69
19,2011-08-19,1391792.69,N/A,71.14,3.942,136.183129,7.806,1360969.45,1408968.55,1419383.19,1356237.9333333333,1383817.235,1411563.9291666665,8,33,3,2011,False,False,False,False,False,False,False,False,False,False,False,False,False,False,False,False,False,False,True,False,False,False,False,False,False,False,False,False,False,False,False,False,False,False,False,False,False,False,False,False,False,False,False,False,False,False,False,False,False,1547729.24
19,2011-08-26,1547729.24,N/A,69.34,3.906,136.2136129,7.806,1391792.69,1360969.45,1557888.16,1387243.5633333335,1371534.3916666666,1411833.8941666668,8,34,3,2011,False,False,False,False,False,False,False,False,False,False,False,False,False,False,False,False,False,False,True,False,False,False,False,False,False,False,False,False,False,False,False,False,False,False,False,False,False,False,False,False,False,False,False,False,False,False,False,False,False,1609951.02
19,2011-09-02,1609951.02,N/A,69.27,3.879,136.2440968,7.806,1547729.24,1391792.69,1623519.64,1433497.1266666667,1397559.1966666665,1419365.8516666666,9,35,3,2011,False,False,False,False,False,False,False,False,False,False,False,False,False,False,False,False,False,False,True,False,False,False,False,False,False,False,False,False,False,False,False,False,False,False,False,False,False,False,False,False,False,False,False,False,False,False,False,False,False,1566712.79
19,2011-09-09,1566712.79,Labor Day,68.28,3.93,136.2745806,7.806,1609951.02,1547729.24,1591453.39,1516490.9833333332,1436364.4583333333,1431238.9675,9,36,3,2011,False,False,False,False,False,False,False,False,False,False,False,False,False,False,False,False,False,False,True,False,False,False,False,False,False,False,False,False,False,False,False,False,False,False,False,False,False,False,False,False,False,False,False,False,False,False,False,True,False,1365633.53
19,2011-09-16,1365633.53,N/A,62.76,3.937,136.3145,7.806,1566712.79,1609951.02,1386789.31,1574797.6833333336,1481020.6233333333,1443550.5649999997,9,37,3,2011,False,False,False,False,False,False,False,False,False,False,False,False,False,False,False,False,False,False,True,False,False,False,False,False,False,False,False,False,False,False,False,False,False,False,False,False,False,False,False,False,False,False,False,False,False,False,False,False,False,1300375.76
19,2011-09-23,1300375.76,N/A,61.32,3.899,136.367,7.806,1365633.53,1566712.79,1318343.58,1514099.1133333333,1473798.12,1437287.8841666665,9,38,3,2011,False,False,False,False,False,False,False,False,False,False,False,False,False,False,False,False,False,False,True,False,False,False,False,False,False,False,False,False,False,False,False,False,False,False,False,False,False,False,False,False,False,False,False,False,False,False,False,False,False,1330757.22
19,2011-09-30,1330757.22,N/A,64.99,3.858,136.4195,7.806,1300375.76,1365633.53,1379456.3,1410907.36,1463699.1716666666,1423758.2033333334,9,39,3,2011,False,False,False,False,False,False,False,False,False,False,False,False,False,False,False,False,False,False,True,False,False,False,False,False,False,False,False,False,False,False,False,False,False,False,False,False,False,False,False,False,False,False,False,False,False,False,False,False,False,1461718.87
19,2011-10-07,1461718.87,N/A,53.1,3.775,136.472,7.866,1330757.22,1300375.76,1428960.72,1332255.5033333332,1453526.5933333335,1412530.4925,10,40,4,2011,False,False,False,False,False,False,False,False,False,False,False,False,False,False,False,False,False,False,True,False,False,False,False,False,False,False,False,False,False,False,False,False,False,False,False,False,False,False,False,False,False,False,False,False,False,False,False,False,False,1318905.53
19,2011-10-14,1318905.53,N/A,61.86,3.744,136.5150968,7.866,1461718.87,1330757.22,1369317.63,1364283.95,1439191.5316666665,1418375.3641666668,10,41,4,2011,False,False,False,False,False,False,False,False,False,False,False,False,False,False,False,False,False,False,True,False,False,False,False,False,False,False,False,False,False,False,False,False,False,False,False,False,False,False,False,False,False,False,False,False,False,False,False,False,False,1374863.1
19,2011-10-21,1374863.1,N/A,52.05,3.757,136.5017742,7.866,1318905.53,1461718.87,1357154.71,1370460.54,1390683.9500000002,1413524.2041666666,10,42,4,2011,False,False,False,False,False,False,False,False,False,False,False,False,False,False,False,False,False,False,True,False,False,False,False,False,False,False,False,False,False,False,False,False,False,False,False,False,False,False,False,False,False,False,False,False,False,False,False,False,False,1396612.36
20,2011-02-04,2351143.07,N/A,28.58,3.231,205.7329407,7.343,1761506.68,1781805.66,2401395.47,1809219.1166666665,2139518.92,2327411.5141666667,2,5,1,2011,False,False,False,False,False,False,False,False,False,False,False,False,False,False,False,False,False,False,False,True,False,False,False,False,False,False,False,False,False,False,False,False,False,False,False,False,False,False,False,False,False,False,False,False,False,False,False,False,False,2211388.14
20,2011-02-11,2211388.14,Super Bowl,25.38,3.239,206.0763862,7.343,2351143.07,1761506.68,2109107.9,1964818.47,1903594.86,2341026.33,2,6,1,2011,False,False,False,False,False,False,False,False,False,False,False,False,False,False,False,False,False,False,False,True,False,False,False,False,False,False,False,False,False,False,False,False,False,False,False,False,False,False,False,False,False,False,False,False,False,False,False,False,True,2258616.24
20,2011-02-18,2258616.24,N/A,42.95,3.245,206.3694701,7.343,2211388.14,2351143.07,2161549.76,2108012.63,1972203.2516666667,2349887.0991666666,2,7,1,2011,False,False,False,False,False,False,False,False,False,False,False,False,False,False,False,False,False,False,False,True,False,False,False,False,False,False,False,False,False,False,False,False,False,False,False,False,False,False,False,False,False,False,False,False,False,False,False,False,False,1938608.52
20,2011-02-25,1938608.52,N/A,33.2,3.274,206.6424093,7.343,2258616.24,2211388.14,1898193.95,2273715.816666667,2041467.4666666668,2303802.2824999997,2,8,1,2011,False,False,False,False,False,False,False,False,False,False,False,False,False,False,False,False,False,False,False,True,False,False,False,False,False,False,False,False,False,False,False,False,False,False,False,False,False,False,False,False,False,False,False,False,False,False,False,False,False,2143424.61
20,2011-03-04,2143424.61,N/A,37.33,3.433,206.9153485,7.343,1938608.52,2258616.24,2119213.72,2136204.3000000003,2050511.385,2264015.395,3,9,1,2011,False,False,False,False,False,False,False,False,False,False,False,False,False,False,False,False,False,False,False,True,False,False,False,False,False,False,False,False,False,False,False,False,False,False,False,False,False,False,False,False,False,False,False,False,False,False,False,False,False,1990932.77
20,2011-03-11,1990932.77,N/A,39.53,3.582,207.1882876,7.343,2143424.61,1938608.52,2010974.84,2113549.79,2110781.21,2213290.6058333335,3,10,1,2011,False,False,False,False,False,False,False,False,False,False,False,False,False,False,False,False,False,False,False,True,False,False,False,False,False,False,False,False,False,False,False,False,False,False,False,False,False,False,False,False,False,False,False,False,False,False,False,False,False,1931668.64
20,2011-03-18,1931668.64,N/A,44.8,3.631,207.4283845,7.343,1990932.77,2143424.61,1951848.43,2024321.9666666668,2149018.891666667,2144268.9058333333,3,11,1,2011,False,False,False,False,False,False,False,False,False,False,False,False,False,False,False,False,False,False,False,True,False,False,False,False,False,False,False,False,False,False,False,False,False,False,False,False,False,False,False,False,False,False,False,False,False,False,False,False,False,1824711.21
20,2011-03-25,1824711.21,N/A,44.83,3.625,207.6553444,7.343,1931668.64,1990932.77,1894742.95,2022008.673333333,2079106.4866666666,1991350.6733333336,3,12,1,2011,False,False,False,False,False,False,False,False,False,False,False,False,False,False,False,False,False,False,False,True,False,False,False,False,False,False,False,False,False,False,False,False,False,False,False,False,False,False,False,False,False,False,False,False,False,False,False,False,False,1927993.09
20,2011-04-01,1927993.09,N/A,32.43,3.638,207.8823043,7.287,1824711.21,1931668.64,2405395.22,1915770.8733333333,2014660.3316666668,1993431.7916666667,4,13,2,2011,False,False,False,False,False,False,False,False,False,False,False,False,False,False,False,False,False,False,False,True,False,False,False,False,False,False,False,False,False,False,False,False,False,False,False,False,False,False,False,False,False,False,False,False,False,False,False,False,False,2027056.39
20,2011-04-08,2027056.39,N/A,47.09,3.72,208.1092642,7.287,1927993.09,1824711.21,2007796.26,1894790.9799999997,1959556.4733333334,2000511.9699999997,4,14,2,2011,False,False,False,False,False,False,False,False,False,False,False,False,False,False,False,False,False,False,False,True,False,False,False,False,False,False,False,False,False,False,False,False,False,False,False,False,False,False,False,False,False,False,False,False,False,False,False,False,False,2057406.33
20,2011-04-15,2057406.33,N/A,55.0,3.821,208.3172811,7.287,2027056.39,1927993.09,1985784.59,1926586.8966666667,1974297.785,2012404.585,4,15,2,2011,False,False,False,False,False,False,False,False,False,False,False,False,False,False,False,False,False,False,False,True,False,False,False,False,False,False,False,False,False,False,False,False,False,False,False,False,False,False,False,False,False,False,False,False,False,False,False,False,False,2313861.81
20,2011-04-22,2313861.81,N/A,52.56,3.892,208.4779405,7.287,2057406.33,2027056.39,1878862.42,2004151.9366666668,1959961.405,2035371.3075,4,16,2,2011,False,False,False,False,False,False,False,False,False,False,False,False,False,False,False,False,False,False,False,True,False,False,False,False,False,False,False,False,False,False,False,False,False,False,False,False,False,False,False,False,False,False,False,False,False,False,False,False,False,1881788.19
20,2011-04-29,1881788.19,N/A,62.97,3.962,208.6386,7.287,2313861.81,2057406.33,1919053.21,2132774.8433333333,2013782.9116666669,2081400.9016666666,4,17,2,2011,False,False,False,False,False,False,False,False,False,False,False,False,False,False,False,False,False,False,False,True,False,False,False,False,False,False,False,False,False,False,False,False,False,False,False,False,False,False,False,False,False,False,False,False,False,False,False,False,False,2090838.44
20,2011-05-06,2090838.44,N/A,53.41,4.046,208.7992595,7.287,1881788.19,2313861.81,2137202.38,2084352.11,2005469.5033333332,2042287.995,5,18,2,2011,False,False,False,False,False,False,False,False,False,False,False,False,False,False,False,False,False,False,False,True,False,False,False,False,False,False,False,False,False,False,False,False,False,False,False,False,False,False,False,False,False,False,False,False,False,False,False,False,False,2036748.53
20,2011-05-13,2036748.53,N/A,62.26,4.066,208.9599189,7.287,2090838.44,1881788.19,2033211.62,2095496.1466666665,2049824.0416666667,2032242.1866666665,5,19,2,2011,False,False,False,False,False,False,False,False,False,False,False,False,False,False,False,False,False,False,False,True,False,False,False,False,False,False,False,False,False,False,False,False,False,False,False,False,False,False,False,False,False,False,False,False,False,False,False,False,False,1953416.06
20,2011-05-20,1953416.06,N/A,59.01,4.062,208.7583165,7.287,2036748.53,2090838.44,1893736.9,2003125.053333333,2067949.9483333332,2013753.2108333334,5,20,2,2011,False,False,False,False,False,False,False,False,False,False,False,False,False,False,False,False,False,False,False,True,False,False,False,False,False,False,False,False,False,False,False,False,False,False,False,False,False,False,False,False,False,False,False,False,False,False,False,False,False,1944433.17
20,2011-05-27,1944433.17,N/A,69.12,3.985,208.556714,7.287,1953416.06,2036748.53,2065984.95,2027001.0099999998,2055676.5600000003,2014987.1724999996,5,21,2,2011,False,False,False,False,False,False,False,False,False,False,False,False,False,False,False,False,False,False,False,True,False,False,False,False,False,False,False,False,False,False,False,False,False,False,False,False,False,False,False,False,False,False,False,False,False,False,False,False,False,2182246.69
20,2011-06-03,2182246.69,N/A,73.51,3.922,208.3551116,7.287,1944433.17,1953416.06,2203619.35,1978199.2533333332,2036847.7000000002,1998404.5525,6,22,2,2011,False,False,False,False,False,False,False,False,False,False,False,False,False,False,False,False,False,False,False,True,False,False,False,False,False,False,False,False,False,False,False,False,False,False,False,False,False,False,False,False,False,False,False,False,False,False,False,False,False,2135062.04
20,2011-06-10,2135062.04,N/A,73.64,3.881,208.1535092,7.287,2182246.69,1944433.17,2100489.79,2026698.6399999997,2014911.8466666667,2014347.3791666664,6,23,2,2011,False,False,False,False,False,False,False,False,False,False,False,False,False,False,False,False,False,False,False,True,False,False,False,False,False,False,False,False,False,False,False,False,False,False,False,False,False,False,False,False,False,False,False,False,False,False,False,False,False,2065191.27
20,2011-06-17,2065191.27,N/A,66.41,3.842,208.1265604,7.287,2135062.04,2182246.69,2091903.63,2087247.2999999998,2057124.155,2031296.8291666666,6,24,2,2011,False,False,False,False,False,False,False,False,False,False,False,False,False,False,False,False,False,False,False,True,False,False,False,False,False,False,False,False,False,False,False,False,False,False,False,False,False,False,False,False,False,False,False,False,False,False,False,False,False,1950826.32
20,2011-06-24,1950826.32,N/A,72.4,3.804,208.2306018,7.287,2065191.27,2135062.04,1973135.87,2127500.0,2052849.6266666667,2051336.8341666667,6,25,2,2011,False,False,False,False,False,False,False,False,False,False,False,False,False,False,False,False,False,False,False,True,False,False,False,False,False,False,False,False,False,False,False,False,False,False,False,False,False,False,False,False,False,False,False,False,False,False,False,False,False,2053165.41
20,2011-07-01,2053165.41,N/A,69.66,3.748,208.3346432,7.274,1950826.32,2065191.27,2143676.77,2050359.8766666662,2038529.2583333335,2053239.6033333335,7,26,3,2011,False,False,False,False,False,False,False,False,False,False,False,False,False,False,False,False,False,False,False,True,False,False,False,False,False,False,False,False,False,False,False,False,False,False,False,False,False,False,False,False,False,False,False,False,False,False,False,False,False,2123787.79
20,2011-07-08,2123787.79,N/A,74.69,3.711,208.4386847,7.274,2053165.41,1950826.32,2107285.85,2023060.9999999998,2055154.1499999997,2055415.3550000002,7,27,3,2011,False,False,False,False,False,False,False,False,False,False,False,False,False,False,False,False,False,False,False,True,False,False,False,False,False,False,False,False,False,False,False,False,False,False,False,False,False,False,False,False,False,False,False,False,False,False,False,False,False,2039875.75
20,2011-07-15,2039875.75,N/A,74.88,3.76,208.5309337,7.274,2123787.79,2053165.41,2031852.16,2042593.173333333,2085046.5866666667,2060947.1433333333,7,28,3,2011,False,False,False,False,False,False,False,False,False,False,False,False,False,False,False,False,False,False,False,True,False,False,False,False,False,False,False,False,False,False,False,False,False,False,False,False,False,False,False,False,False,False,False,False,False,False,False,False,False,1950904.84
20,2011-07-22,1950904.84,N/A,78.89,3.811,208.5937018,7.274,2039875.75,2123787.79,1900535.9,2072276.3166666664,2061318.0966666667,2038114.9716666667,7,29,3,2011,False,False,False,False,False,False,False,False,False,False,False,False,False,False,False,False,False,False,False,True,False,False,False,False,False,False,False,False,False,False,False,False,False,False,False,False,False,False,False,False,False,False,False,False,False,False,False,False,False,1858440.92
20,2011-07-29,1858440.92,N/A,77.47,3.829,208.6564699,7.274,1950904.84,2039875.75,1955896.59,2038189.4599999997,2030625.2299999997,2043874.6925,7,30,3,2011,False,False,False,False,False,False,False,False,False,False,False,False,False,False,False,False,False,False,False,True,False,False,False,False,False,False,False,False,False,False,False,False,False,False,False,False,False,False,False,False,False,False,False,False,False,False,False,False,False,2189353.63
20,2011-08-05,2189353.63,N/A,77.8,3.842,208.719238,7.274,1858440.92,1950904.84,1910177.38,1949740.503333333,1996166.8383333331,2024508.2325000002,8,31,3,2011,False,False,False,False,False,False,False,False,False,False,False,False,False,False,False,False,False,False,False,True,False,False,False,False,False,False,False,False,False,False,False,False,False,False,False,False,False,False,False,False,False,False,False,False,False,False,False,False,False,2052246.4
20,2011-08-12,2052246.4,N/A,73.52,3.812,208.7820061,7.274,2189353.63,1858440.92,2071022.45,1999566.463333333,2035921.39,2037225.3241666667,8,32,3,2011,False,False,False,False,False,False,False,False,False,False,False,False,False,False,False,False,False,False,False,True,False,False,False,False,False,False,False,False,False,False,False,False,False,False,False,False,False,False,False,False,False,False,False,False,False,False,False,False,False,1990017.93
20,2011-08-19,1990017.93,N/A,71.25,3.747,208.8424359,7.274,2052246.4,2189353.63,1975374.56,2033346.9833333332,2035768.2216666664,2045461.1858333333,8,33,3,2011,False,False,False,False,False,False,False,False,False,False,False,False,False,False,False,False,False,False,False,True,False,False,False,False,False,False,False,False,False,False,False,False,False,False,False,False,False,False,False,False,False,False,False,False,False,False,False,False,False,1933577.2
20,2011-08-26,1933577.2,N/A,70.15,3.704,208.902476,7.274,1990017.93,2052246.4,1946369.57,2077205.9866666663,2013473.2449999999,2049259.9158333333,8,34,3,2011,False,False,False,False,False,False,False,False,False,False,False,False,False,False,False,False,False,False,False,True,False,False,False,False,False,False,False,False,False,False,False,False,False,False,False,False,False,False,False,False,False,False,False,False,False,False,False,False,False,2141765.98
20,2011-09-02,2141765.98,N/A,70.82,3.703,208.9625161,7.274,1933577.2,1990017.93,2121561.41,1991947.1766666665,1995756.82,2028537.458333333,9,35,3,2011,False,False,False,False,False,False,False,False,False,False,False,False,False,False,False,False,False,False,False,True,False,False,False,False,False,False,False,False,False,False,False,False,False,False,False,False,False,False,False,False,False,False,False,False,False,False,False,False,False,2050542.56
20,2011-09-09,2050542.56,Labor Day,68.74,3.738,209.0225562,7.274,2141765.98,1933577.2,2014954.79,2021787.0366666664,2027567.0099999998,2029096.1199999999,9,36,3,2011,False,False,False,False,False,False,False,False,False,False,False,False,False,False,False,False,False,False,False,True,False,False,False,False,False,False,False,False,False,False,False,False,False,False,False,False,False,False,False,False,False,False,False,False,False,False,False,True,False,1979009.46
20,2011-09-16,1979009.46,N/A,64.02,3.742,209.1893892,7.274,2050542.56,2141765.98,1948359.78,2041961.913333333,2059583.95,2027875.3941666668,9,37,3,2011,False,False,False,False,False,False,False,False,False,False,False,False,False,False,False,False,False,False,False,True,False,False,False,False,False,False,False,False,False,False,False,False,False,False,False,False,False,False,False,False,False,False,False,False,False,False,False,False,False,1888119.7
20,2011-09-23,1888119.7,N/A,62.15,3.711,209.4986126,7.274,1979009.46,2050542.56,1789687.65,2057105.9999999998,2024526.5883333336,2030223.9891666665,9,38,3,2011,False,False,False,False,False,False,False,False,False,False,False,False,False,False,False,False,False,False,False,True,False,False,False,False,False,False,False,False,False,False,False,False,False,False,False,False,False,False,False,False,False,False,False,False,False,False,False,False,False,1945808.26
20,2011-09-30,1945808.26,N/A,63.44,3.645,209.807836,7.274,1888119.7,1979009.46,1933719.21,1972557.2399999995,1997172.1383333334,2016470.18,9,39,3,2011,False,False,False,False,False,False,False,False,False,False,False,False,False,False,False,False,False,False,False,True,False,False,False,False,False,False,False,False,False,False,False,False,False,False,False,False,False,False,False,False,False,False,False,False,False,False,False,False,False,2135982.79
20,2011-10-07,2135982.79,N/A,52.42,3.583,210.1170595,7.082,1945808.26,1888119.7,2060389.27,1937645.8066666664,1989803.86,2001638.5525,10,40,4,2011,False,False,False,False,False,False,False,False,False,False,False,False,False,False,False,False,False,False,False,True,False,False,False,False,False,False,False,False,False,False,False,False,False,False,False,False,False,False,False,False,False,False,False,False,False,False,False,False,False,2010107.68
20,2011-10-14,2010107.68,N/A,62.54,3.541,210.4027602,7.082,2135982.79,1945808.26,1950676.39,1989970.2499999998,2023538.125,2009647.4725,10,41,4,2011,False,False,False,False,False,False,False,False,False,False,False,False,False,False,False,False,False,False,False,True,False,False,False,False,False,False,False,False,False,False,False,False,False,False,False,False,False,False,False,False,False,False,False,False,False,False,False,False,False,2104241.9
20,2011-10-21,2104241.9,N/A,53.69,3.57,210.5473252,7.082,2010107.68,2135982.79,1893955.27,2030632.9099999995,2001595.075,2014581.0424999997,10,42,4,2011,False,False,False,False,False,False,False,False,False,False,False,False,False,False,False,False,False,False,False,True,False,False,False,False,False,False,False,False,False,False,False,False,False,False,False,False,False,False,False,False,False,False,False,False,False,False,False,False,False,2065421.52
21,2011-02-04,596218.24,N/A,36.33,2.989,212.2240646,8.028,649878.29,663941.73,798593.88,654869.7166666667,808987.0366666666,876024.6083333333,2,5,1,2011,False,False,False,False,False,False,False,False,False,False,False,False,False,False,False,False,False,False,False,False,True,False,False,False,False,False,False,False,False,False,False,False,False,False,False,False,False,False,False,False,False,False,False,False,False,False,False,False,False,771908.51
21,2011-02-11,771908.51,Super Bowl,34.61,3.022,212.5928624,8.028,596218.24,649878.29,809321.44,636679.4199999999,643813.7799999999,864393.0966666667,2,6,1,2011,False,False,False,False,False,False,False,False,False,False,False,False,False,False,False,False,False,False,False,False,True,False,False,False,False,False,False,False,False,False,False,False,False,False,False,False,False,False,False,False,False,False,False,False,False,False,False,False,True,884701.92
21,2011-02-18,884701.92,N/A,59.87,3.045,212.9033115,8.028,771908.51,596218.24,867283.25,672668.3466666667,660314.66,865694.7316666666,2,7,1,2011,False,False,False,False,False,False,False,False,False,False,False,False,False,False,False,False,False,False,False,False,True,False,False,False,False,False,False,False,False,False,False,False,False,False,False,False,False,False,False,False,False,False,False,False,False,False,False,False,False,768313.85
21,2011-02-25,768313.85,N/A,61.27,3.065,213.190421,8.028,884701.92,771908.51,749597.24,750942.89,702906.3033333333,835617.5075,2,8,1,2011,False,False,False,False,False,False,False,False,False,False,False,False,False,False,False,False,False,False,False,False,True,False,False,False,False,False,False,False,False,False,False,False,False,False,False,False,False,False,False,False,False,False,False,False,False,False,False,False,False,796277.72
21,2011-03-04,796277.72,N/A,59.52,3.288,213.4775305,8.028,768313.85,884701.92,747444.32,808308.0933333333,722493.7566666667,830542.7675000001,3,9,1,2011,False,False,False,False,False,False,False,False,False,False,False,False,False,False,False,False,False,False,False,False,True,False,False,False,False,False,False,False,False,False,False,False,False,False,False,False,False,False,False,False,False,False,False,False,False,False,False,False,False,763479.9
21,2011-03-11,763479.9,N/A,54.69,3.459,213.7646401,8.028,796277.72,768313.85,712312.89,816431.1633333332,744549.755,818241.6074999999,3,10,1,2011,False,False,False,False,False,False,False,False,False,False,False,False,False,False,False,False,False,False,False,False,True,False,False,False,False,False,False,False,False,False,False,False,False,False,False,False,False,False,False,False,False,False,False,False,False,False,False,False,False,793569.0
21,2011-03-18,793569.0,N/A,63.26,3.488,214.0156238,8.028,763479.9,796277.72,727070.0,776023.8233333332,763483.3566666666,786235.1966666667,3,11,1,2011,False,False,False,False,False,False,False,False,False,False,False,False,False,False,False,False,False,False,False,False,True,False,False,False,False,False,False,False,False,False,False,False,False,False,False,False,False,False,False,False,False,False,False,False,False,False,False,False,False,753711.32
21,2011-03-25,753711.32,N/A,70.33,3.473,214.2521573,8.028,793569.0,763479.9,686497.53,784442.2066666665,796375.15,720094.465,3,12,1,2011,False,False,False,False,False,False,False,False,False,False,False,False,False,False,False,False,False,False,False,False,True,False,False,False,False,False,False,False,False,False,False,False,False,False,False,False,False,False,False,False,False,False,False,False,False,False,False,False,False,732056.37
21,2011-04-01,732056.37,N/A,56.36,3.524,214.4886908,7.931,753711.32,793569.0,753664.12,770253.4066666666,793342.285,726828.4725,4,13,2,2011,False,False,False,False,False,False,False,False,False,False,False,False,False,False,False,False,False,False,False,False,True,False,False,False,False,False,False,False,False,False,False,False,False,False,False,False,False,False,False,False,False,False,False,False,False,False,False,False,False,744782.89
21,2011-04-08,744782.89,N/A,68.62,3.622,214.7252242,7.931,732056.37,753711.32,751181.4,759778.8966666665,767901.36,735403.8316666667,4,14,2,2011,False,False,False,False,False,False,False,False,False,False,False,False,False,False,False,False,False,False,False,False,True,False,False,False,False,False,False,False,False,False,False,False,False,False,False,False,False,False,False,False,False,False,False,False,False,False,False,False,False,768390.05
21,2011-04-15,768390.05,N/A,71.01,3.743,214.9420631,7.931,744782.89,732056.37,716026.51,743516.8599999999,763979.5333333333,743236.645,4,15,2,2011,False,False,False,False,False,False,False,False,False,False,False,False,False,False,False,False,False,False,False,False,True,False,False,False,False,False,False,False,False,False,False,False,False,False,False,False,False,False,False,False,False,False,False,False,False,False,False,False,False,801302.01
21,2011-04-22,801302.01,N/A,70.79,3.807,215.1096657,7.931,768390.05,744782.89,718780.59,748409.77,759331.5883333334,751940.6716666667,4,16,2,2011,False,False,False,False,False,False,False,False,False,False,False,False,False,False,False,False,False,False,False,False,True,False,False,False,False,False,False,False,False,False,False,False,False,False,False,False,False,False,False,False,False,False,False,False,False,False,False,False,False,783250.75
21,2011-04-29,783250.75,N/A,70.19,3.81,215.2772683,7.931,801302.01,768390.05,680532.69,771491.6499999999,765635.2733333333,764559.315,4,17,2,2011,False,False,False,False,False,False,False,False,False,False,False,False,False,False,False,False,False,False,False,False,True,False,False,False,False,False,False,False,False,False,False,False,False,False,False,False,False,False,False,False,False,False,False,False,False,False,False,False,False,718898.33
21,2011-05-06,718898.33,N/A,61.87,3.906,215.4448709,7.931,783250.75,801302.01,744969.42,784314.2699999999,763915.565,780145.3574999999,5,18,2,2011,False,False,False,False,False,False,False,False,False,False,False,False,False,False,False,False,False,False,False,False,True,False,False,False,False,False,False,False,False,False,False,False,False,False,False,False,False,False,False,False,False,False,False,False,False,False,False,False,False,754236.7
21,2011-05-13,754236.7,N/A,75.04,3.899,215.6124735,7.931,718898.33,783250.75,723559.88,767817.0299999999,758113.4,775727.8424999999,5,19,2,2011,False,False,False,False,False,False,False,False,False,False,False,False,False,False,False,False,False,False,False,False,True,False,False,False,False,False,False,False,False,False,False,False,False,False,False,False,False,False,False,False,False,False,False,False,False,False,False,False,False,744836.56
21,2011-05-20,744836.56,N/A,68.36,3.907,215.3834778,7.931,754236.7,718898.33,753361.72,752128.5933333331,761810.1216666666,764855.7408333333,5,20,2,2011,False,False,False,False,False,False,False,False,False,False,False,False,False,False,False,False,False,False,False,False,True,False,False,False,False,False,False,False,False,False,False,False,False,False,False,False,False,False,False,False,False,False,False,False,False,False,False,False,False,744389.81
21,2011-05-27,744389.81,N/A,76.86,3.786,215.1544822,7.931,744836.56,754236.7,755214.26,739323.8633333333,761819.0666666668,762899.2999999999,5,21,2,2011,False,False,False,False,False,False,False,False,False,False,False,False,False,False,False,False,False,False,False,False,True,False,False,False,False,False,False,False,False,False,False,False,False,False,False,False,False,False,False,False,False,False,False,False,False,False,False,False,False,773878.58
21,2011-06-03,773878.58,N/A,83.82,3.699,214.9254865,7.931,744389.81,744836.56,806012.48,747821.0233333333,757819.0266666667,758575.3075,6,22,2,2011,False,False,False,False,False,False,False,False,False,False,False,False,False,False,False,False,False,False,False,False,True,False,False,False,False,False,False,False,False,False,False,False,False,False,False,False,False,False,False,False,False,False,False,False,False,False,False,False,False,794397.89
21,2011-06-10,794397.89,N/A,84.71,3.648,214.6964908,7.931,773878.58,744389.81,784305.55,754368.3166666665,753248.4550000001,759441.8641666668,6,23,2,2011,False,False,False,False,False,False,False,False,False,False,False,False,False,False,False,False,False,False,False,False,True,False,False,False,False,False,False,False,False,False,False,False,False,False,False,False,False,False,False,False,False,False,False,False,False,False,False,False,False,823220.43
21,2011-06-17,823220.43,N/A,87.54,3.637,214.6513538,7.931,794397.89,773878.58,785104.29,770888.7599999999,755106.3116666666,759510.9383333334,6,24,2,2011,False,False,False,False,False,False,False,False,False,False,False,False,False,False,False,False,False,False,False,False,True,False,False,False,False,False,False,False,False,False,False,False,False,False,False,False,False,False,False,False,False,False,False,False,False,False,False,False,False,771298.98
21,2011-06-24,771298.98,N/A,85.72,3.594,214.7441108,7.931,823220.43,794397.89,769848.75,797165.6333333333,772493.3283333333,765303.3641666666,6,25,2,2011,False,False,False,False,False,False,False,False,False,False,False,False,False,False,False,False,False,False,False,False,True,False,False,False,False,False,False,False,False,False,False,False,False,False,False,False,False,False,False,False,False,False,False,False,False,False,False,False,False,784639.12
21,2011-07-01,784639.12,N/A,87.57,3.524,214.8368678,7.852,771298.98,823220.43,711470.8,796305.7666666666,775337.0416666666,768573.5816666667,7,26,3,2011,False,False,False,False,False,False,False,False,False,False,False,False,False,False,False,False,False,False,False,False,True,False,False,False,False,False,False,False,False,False,False,False,False,False,False,False,False,False,False,False,False,False,False,False,False,False,False,False,False,734099.4
21,2011-07-08,734099.4,N/A,89.16,3.48,214.9296249,7.852,784639.12,771298.98,714677.47,793052.8433333333,781970.8016666668,771894.9341666667,7,27,3,2011,False,False,False,False,False,False,False,False,False,False,False,False,False,False,False,False,False,False,False,False,True,False,False,False,False,False,False,False,False,False,False,False,False,False,False,False,False,False,False,False,False,False,False,False,False,False,False,False,False,728311.15
21,2011-07-15,728311.15,N/A,91.05,3.575,215.0134426,7.852,734099.4,784639.12,755098.41,763345.8333333331,780255.7333333333,769037.3799999999,7,28,3,2011,False,False,False,False,False,False,False,False,False,False,False,False,False,False,False,False,False,False,False,False,True,False,False,False,False,False,False,False,False,False,False,False,False,False,False,False,False,False,False,False,False,False,False,False,False,False,False,False,False,784490.67
21,2011-07-22,784490.67,N/A,90.27,3.651,215.0749122,7.852,728311.15,734099.4,765823.48,749016.5566666666,772661.1616666667,762954.8083333332,7,29,3,2011,False,False,False,False,False,False,False,False,False,False,False,False,False,False,False,False,False,False,False,False,True,False,False,False,False,False,False,False,False,False,False,False,False,False,False,False,False,False,False,False,False,False,False,False,False,False,False,False,False,751167.12
21,2011-07-29,751167.12,N/A,91.56,3.682,215.1363819,7.852,784490.67,728311.15,715876.27,748967.0733333332,771009.9583333334,763058.1349999999,7,30,3,2011,False,False,False,False,False,False,False,False,False,False,False,False,False,False,False,False,False,False,False,False,True,False,False,False,False,False,False,False,False,False,False,False,False,False,False,False,False,False,False,False,False,False,False,False,False,False,False,False,False,783614.89
21,2011-08-05,783614.89,N/A,94.22,3.684,215.1978515,7.852,751167.12,784490.67,739279.19,754656.3133333334,759001.0733333332,765747.2008333333,8,31,3,2011,False,False,False,False,False,False,False,False,False,False,False,False,False,False,False,False,False,False,False,False,True,False,False,False,False,False,False,False,False,False,False,False,False,False,False,False,False,False,False,False,False,False,False,False,False,False,False,False,False,776933.37
21,2011-08-12,776933.37,N/A,92.32,3.638,215.2593211,7.852,783614.89,751167.12,793589.18,773090.8933333332,761053.725,768195.3833333333,8,32,3,2011,False,False,False,False,False,False,False,False,False,False,False,False,False,False,False,False,False,False,False,False,True,False,False,False,False,False,False,False,False,False,False,False,False,False,False,False,False,False,False,False,False,False,False,False,False,False,False,False,False,855546.5
21,2011-08-19,855546.5,N/A,90.11,3.554,215.3229307,7.852,776933.37,783614.89,848873.28,770571.7933333333,759769.4333333332,770870.1175,8,33,3,2011,False,False,False,False,False,False,False,False,False,False,False,False,False,False,False,False,False,False,False,False,True,False,False,False,False,False,False,False,False,False,False,False,False,False,False,False,False,False,False,False,False,False,False,False,False,False,False,False,False,821127.53
21,2011-08-26,821127.53,N/A,92.07,3.523,215.386897,7.852,855546.5,776933.37,855882.57,805364.9199999999,780010.6166666667,780133.1749999999,8,34,3,2011,False,False,False,False,False,False,False,False,False,False,False,False,False,False,False,False,False,False,False,False,True,False,False,False,False,False,False,False,False,False,False,False,False,False,False,False,False,False,False,False,False,False,False,False,False,False,False,False,False,705557.8
21,2011-09-02,705557.8,N/A,91.94,3.533,215.4508632,7.852,821127.53,855546.5,727772.8,817869.1333333332,795480.0133333333,784070.5874999999,9,35,3,2011,False,False,False,False,False,False,False,False,False,False,False,False,False,False,False,False,False,False,False,False,True,False,False,False,False,False,False,False,False,False,False,False,False,False,False,False,False,False,False,False,False,False,False,False,False,False,False,False,False,653989.65
21,2011-09-09,653989.65,Labor Day,78.87,3.546,215.5148295,7.852,705557.8,821127.53,674055.81,794077.2766666667,782324.535,776667.2466666667,9,36,3,2011,False,False,False,False,False,False,False,False,False,False,False,False,False,False,False,False,False,False,False,False,True,False,False,False,False,False,False,False,False,False,False,False,False,False,False,False,False,False,False,False,False,False,False,False,False,False,False,True,False,653525.84
21,2011-09-16,653525.84,N/A,80.62,3.526,215.6944378,7.852,653989.65,705557.8,684340.86,726891.66,766128.29,762564.6816666668,9,37,3,2011,False,False,False,False,False,False,False,False,False,False,False,False,False,False,False,False,False,False,False,False,True,False,False,False,False,False,False,False,False,False,False,False,False,False,False,False,False,False,False,False,False,False,False,False,False,False,False,False,False,681913.29
21,2011-09-23,681913.29,N/A,75.68,3.467,216.0282356,7.852,653525.84,653989.65,671688.06,671024.4299999999,744446.7816666666,752750.2533333334,9,38,3,2011,False,False,False,False,False,False,False,False,False,False,False,False,False,False,False,False,False,False,False,False,True,False,False,False,False,False,False,False,False,False,False,False,False,False,False,False,False,False,False,False,False,False,False,False,False,False,False,False,False,651970.48
21,2011-09-30,651970.48,N/A,78.91,3.355,216.3620333,7.852,681913.29,653525.84,677158.39,663142.9266666666,728610.1016666666,744189.7675000001,9,39,3,2011,False,False,False,False,False,False,False,False,False,False,False,False,False,False,False,False,False,False,False,False,True,False,False,False,False,False,False,False,False,False,False,False,False,False,False,False,False,False,False,False,False,False,False,False,False,False,False,False,False,663452.46
21,2011-10-07,663452.46,N/A,71.64,3.285,216.6958311,7.441,651970.48,681913.29,680579.49,662469.87,694680.765,737345.6908333333,10,40,4,2011,False,False,False,False,False,False,False,False,False,False,False,False,False,False,False,False,False,False,False,False,True,False,False,False,False,False,False,False,False,False,False,False,False,False,False,False,False,False,False,False,False,False,False,False,False,False,False,False,False,671379.44
21,2011-10-14,671379.44,N/A,69.79,3.274,217.0048261,7.441,663452.46,651970.48,693412.05,665778.7433333333,668401.5866666667,731940.7999999999,10,41,4,2011,False,False,False,False,False,False,False,False,False,False,False,False,False,False,False,False,False,False,False,False,True,False,False,False,False,False,False,False,False,False,False,False,False,False,False,False,False,False,False,False,False,False,False,False,False,False,False,False,False,729036.06
21,2011-10-21,729036.06,N/A,65.16,3.353,217.1650042,7.441,671379.44,663452.46,710668.45,662267.4599999998,662705.1933333332,722514.8641666666,10,42,4,2011,False,False,False,False,False,False,False,False,False,False,False,False,False,False,False,False,False,False,False,False,True,False,False,False,False,False,False,False,False,False,False,False,False,False,False,False,False,False,False,False,False,False,False,False,False,False,False,False,False,738812.0
22,2011-02-04,946060.98,N/A,26.39,3.24,137.0542431,8.458,799369.15,855001.02,1033017.37,820635.23,1012094.6183333333,1149338.7883333333,2,5,1,2011,False,False,False,False,False,False,False,False,False,False,False,False,False,False,False,False,False,False,False,False,False,True,False,False,False,False,False,False,False,False,False,False,False,False,False,False,False,False,False,False,False,False,False,False,False,False,False,False,False,1009206.33
22,2011-02-11,1009206.33,Super Bowl,28.89,3.255,137.1378318,8.458,946060.98,799369.15,1022571.25,866810.3833333333,842697.275,1141202.3166666667,2,6,1,2011,False,False,False,False,False,False,False,False,False,False,False,False,False,False,False,False,False,False,False,False,False,True,False,False,False,False,False,False,False,False,False,False,False,False,False,False,False,False,False,False,False,False,False,False,False,False,False,False,True,975964.86
22,2011-02-18,975964.86,N/A,35.34,3.263,137.2511849,8.458,1009206.33,946060.98,988467.61,918212.1533333333,881854.6166666666,1143144.8074999999,2,7,1,2011,False,False,False,False,False,False,False,False,False,False,False,False,False,False,False,False,False,False,False,False,False,True,False,False,False,False,False,False,False,False,False,False,False,False,False,False,False,False,False,False,False,False,False,False,False,False,False,False,False,911245.43
22,2011-02-25,911245.43,N/A,30.23,3.281,137.3764439,8.458,975964.86,1009206.33,899761.48,977077.39,898856.31,1094100.0241666667,2,8,1,2011,False,False,False,False,False,False,False,False,False,False,False,False,False,False,False,False,False,False,False,False,False,True,False,False,False,False,False,False,False,False,False,False,False,False,False,False,False,False,False,False,False,False,False,False,False,False,False,False,False,997353.15
22,2011-03-04,997353.15,N/A,33.52,3.437,137.5017028,8.458,911245.43,975964.86,1009201.24,965472.2066666667,916141.2949999999,1067494.2616666667,3,9,1,2011,False,False,False,False,False,False,False,False,False,False,False,False,False,False,False,False,False,False,False,False,False,True,False,False,False,False,False,False,False,False,False,False,False,False,False,False,False,False,False,False,False,False,False,False,False,False,False,False,False,944587.23
22,2011-03-11,944587.23,N/A,41.42,3.6,137.6269617,8.458,997353.15,911245.43,967187.37,961521.1466666666,939866.65,1036673.4541666667,3,10,1,2011,False,False,False,False,False,False,False,False,False,False,False,False,False,False,False,False,False,False,False,False,False,True,False,False,False,False,False,False,False,False,False,False,False,False,False,False,False,False,False,False,False,False,False,False,False,False,False,False,False,926427.12
22,2011-03-18,926427.12,N/A,43.38,3.634,137.7398929,8.458,944587.23,997353.15,966145.09,951061.9366666666,964069.6633333334,988082.1408333333,3,11,1,2011,False,False,False,False,False,False,False,False,False,False,False,False,False,False,False,False,False,False,False,False,False,True,False,False,False,False,False,False,False,False,False,False,False,False,False,False,False,False,False,False,False,False,False,False,False,False,False,False,False,933528.39
22,2011-03-25,933528.39,N/A,38.77,3.624,137.8478929,8.458,926427.12,944587.23,1012075.12,956122.5,960797.3533333332,901747.3141666666,3,12,1,2011,False,False,False,False,False,False,False,False,False,False,False,False,False,False,False,False,False,False,False,False,False,True,False,False,False,False,False,False,False,False,False,False,False,False,False,False,False,False,False,False,False,False,False,False,False,False,False,False,False,951588.37
22,2011-04-01,951588.37,N/A,36.04,3.638,137.9558929,8.252,933528.39,926427.12,1177340.99,934847.58,948184.3633333333,915019.4899999999,4,13,2,2011,False,False,False,False,False,False,False,False,False,False,False,False,False,False,False,False,False,False,False,False,False,True,False,False,False,False,False,False,False,False,False,False,False,False,False,False,False,False,False,False,False,False,False,False,False,False,False,False,False,969046.69
22,2011-04-08,969046.69,N/A,44.42,3.72,138.0638929,8.252,951588.37,933528.39,1033171.07,937181.2933333333,944121.6150000001,921488.9625,4,14,2,2011,False,False,False,False,False,False,False,False,False,False,False,False,False,False,False,False,False,False,False,False,False,True,False,False,False,False,False,False,False,False,False,False,False,False,False,False,False,False,False,False,False,False,False,False,False,False,False,False,False,1008557.04
22,2011-04-15,1008557.04,N/A,48.88,3.823,138.1646952,8.252,969046.69,951588.37,1000968.67,951387.8166666665,953755.1583333332,934948.2266666667,4,15,2,2011,False,False,False,False,False,False,False,False,False,False,False,False,False,False,False,False,False,False,False,False,False,True,False,False,False,False,False,False,False,False,False,False,False,False,False,False,False,False,False,False,False,False,False,False,False,False,False,False,False,1152781.9
22,2011-04-22,1152781.9,N/A,47.76,3.919,138.2475036,8.252,1008557.04,969046.69,969594.47,976397.3666666666,955622.4733333333,947744.5616666666,4,16,2,2011,False,False,False,False,False,False,False,False,False,False,False,False,False,False,False,False,False,False,False,False,False,True,False,False,False,False,False,False,False,False,False,False,False,False,False,False,False,False,False,False,False,False,False,False,False,False,False,False,False,926133.8
22,2011-04-29,926133.8,N/A,57.2,3.988,138.3303119,8.252,1152781.9,1008557.04,977683.06,1043461.8766666666,990321.585,977195.6241666665,4,17,2,2011,False,False,False,False,False,False,False,False,False,False,False,False,False,False,False,False,False,False,False,False,False,True,False,False,False,False,False,False,False,False,False,False,False,False,False,False,False,False,False,False,False,False,False,False,False,False,False,False,False,1032076.06
22,2011-05-06,1032076.06,N/A,53.63,4.078,138.4131202,8.252,926133.8,1152781.9,1052973.28,1029157.58,990272.6983333334,975535.0258333334,5,18,2,2011,False,False,False,False,False,False,False,False,False,False,False,False,False,False,False,False,False,False,False,False,False,True,False,False,False,False,False,False,False,False,False,False,False,False,False,False,False,False,False,False,False,False,False,False,False,False,False,False,False,1001558.74
22,2011-05-13,1001558.74,N/A,57.71,4.095,138.4959286,8.252,1032076.06,926133.8,973585.33,1036997.2533333333,1006697.3099999999,977440.8366666668,5,19,2,2011,False,False,False,False,False,False,False,False,False,False,False,False,False,False,False,False,False,False,False,False,False,True,False,False,False,False,False,False,False,False,False,False,False,False,False,False,False,False,False,False,False,False,False,False,False,False,False,False,False,970307.83
22,2011-05-20,970307.83,N/A,58.56,4.101,138.587106,8.252,1001558.74,1032076.06,979977.89,986589.5333333332,1015025.705,979573.66,5,20,2,2011,False,False,False,False,False,False,False,False,False,False,False,False,False,False,False,False,False,False,False,False,False,True,False,False,False,False,False,False,False,False,False,False,False,False,False,False,False,False,False,False,False,False,False,False,False,False,False,False,False,1021568.34
22,2011-05-27,1021568.34,N/A,62.59,4.034,138.6782834,8.252,970307.83,1001558.74,1103740.4,1001314.21,1015235.895,984495.5266666667,5,21,2,2011,False,False,False,False,False,False,False,False,False,False,False,False,False,False,False,False,False,False,False,False,False,True,False,False,False,False,False,False,False,False,False,False,False,False,False,False,False,False,False,False,False,False,False,False,False,False,False,False,False,1125169.92
22,2011-06-03,1125169.92,N/A,70.09,3.973,138.7694608,8.252,1021568.34,970307.83,1095539.13,997811.6366666666,1017404.445,986513.4591666666,6,22,2,2011,False,False,False,False,False,False,False,False,False,False,False,False,False,False,False,False,False,False,False,False,False,True,False,False,False,False,False,False,False,False,False,False,False,False,False,False,False,False,False,False,False,False,False,False,False,False,False,False,False,1060868.49
22,2011-06-10,1060868.49,N/A,69.53,3.924,138.8606382,8.252,1125169.92,1021568.34,1061196.47,1039015.3633333333,1012802.4483333332,1001562.0166666667,6,23,2,2011,False,False,False,False,False,False,False,False,False,False,False,False,False,False,False,False,False,False,False,False,False,True,False,False,False,False,False,False,False,False,False,False,False,False,False,False,False,False,False,False,False,False,False,False,False,False,False,False,False,1042454.61
22,2011-06-17,1042454.61,N/A,63.97,3.873,139.0028333,8.252,1060868.49,1125169.92,1052895.25,1069202.2499999998,1035258.23,1012765.4641666667,6,24,2,2011,False,False,False,False,False,False,False,False,False,False,False,False,False,False,False,False,False,False,False,False,False,True,False,False,False,False,False,False,False,False,False,False,False,False,False,False,False,False,False,False,False,False,False,False,False,False,False,False,False,1012584.2
22,2011-06-24,1012584.2,N/A,68.53,3.851,139.1832917,8.252,1042454.61,1060868.49,1095020.33,1076164.3399999999,1036987.9883333334,1021842.6491666668,6,25,2,2011,False,False,False,False,False,False,False,False,False,False,False,False,False,False,False,False,False,False,False,False,False,True,False,False,False,False,False,False,False,False,False,False,False,False,False,False,False,False,False,False,False,False,False,False,False,False,False,False,False,1077491.68
22,2011-07-01,1077491.68,N/A,70.8,3.815,139.36375,8.023,1012584.2,1042454.61,1120259.71,1038635.7666666666,1038825.565,1026925.6349999999,7,26,3,2011,False,False,False,False,False,False,False,False,False,False,False,False,False,False,False,False,False,False,False,False,False,True,False,False,False,False,False,False,False,False,False,False,False,False,False,False,False,False,False,False,False,False,False,False,False,False,False,False,False,1017050.65
22,2011-07-08,1017050.65,N/A,74.22,3.784,139.5442083,8.023,1077491.68,1012584.2,1092654.26,1044176.8299999997,1056689.54,1035962.7174999999,7,27,3,2011,False,False,False,False,False,False,False,False,False,False,False,False,False,False,False,False,False,False,False,False,False,True,False,False,False,False,False,False,False,False,False,False,False,False,False,False,False,False,False,False,False,False,False,False,False,False,False,False,False,961953.57
22,2011-07-15,961953.57,N/A,75.2,3.827,139.7006325,8.023,1017050.65,1077491.68,988392.99,1035708.8433333333,1055936.5916666666,1036670.5183333332,7,28,3,2011,False,False,False,False,False,False,False,False,False,False,False,False,False,False,False,False,False,False,False,False,False,True,False,False,False,False,False,False,False,False,False,False,False,False,False,False,False,False,False,False,False,False,False,False,False,False,False,False,False,964683.8
22,2011-07-22,964683.8,N/A,77.79,3.882,139.7969712,8.023,961953.57,1017050.65,974123.2,1018831.9666666664,1028733.8666666667,1020768.1575000001,7,29,3,2011,False,False,False,False,False,False,False,False,False,False,False,False,False,False,False,False,False,False,False,False,False,True,False,False,False,False,False,False,False,False,False,False,False,False,False,False,False,False,False,False,False,False,False,False,False,False,False,False,False,944958.69
22,2011-07-29,944958.69,N/A,75.32,3.898,139.8933099,8.023,964683.8,961953.57,970773.64,981229.3399999999,1012703.085,1023980.6575000001,7,30,3,2011,False,False,False,False,False,False,False,False,False,False,False,False,False,False,False,False,False,False,False,False,False,True,False,False,False,False,False,False,False,False,False,False,False,False,False,False,False,False,False,False,False,False,False,False,False,False,False,False,False,983232.96
22,2011-08-05,983232.96,N/A,75.33,3.903,139.9896486,8.023,944958.69,964683.8,1010326.14,957198.6866666665,996453.765,1016720.8766666666,8,31,3,2011,False,False,False,False,False,False,False,False,False,False,False,False,False,False,False,False,False,False,False,False,False,True,False,False,False,False,False,False,False,False,False,False,False,False,False,False,False,False,False,False,False,False,False,False,False,False,False,False,False,991779.2
22,2011-08-12,991779.2,N/A,74.69,3.88,140.0859873,8.023,983232.96,944958.69,993097.43,964291.8166666665,991561.8916666666,1015193.7283333332,8,32,3,2011,False,False,False,False,False,False,False,False,False,False,False,False,False,False,False,False,False,False,False,False,False,True,False,False,False,False,False,False,False,False,False,False,False,False,False,False,False,False,False,False,False,False,False,False,False,False,False,False,False,973004.91
22,2011-08-19,973004.91,N/A,71.3,3.82,140.1289205,8.023,991779.2,983232.96,1017045.44,973323.6166666666,977276.4783333334,1016983.0091666667,8,33,3,2011,False,False,False,False,False,False,False,False,False,False,False,False,False,False,False,False,False,False,False,False,False,True,False,False,False,False,False,False,False,False,False,False,False,False,False,False,False,False,False,False,False,False,False,False,False,False,False,False,False,1181815.31
22,2011-08-26,1181815.31,N/A,72.22,3.796,140.1629528,8.023,973004.91,991779.2,1081420.96,982672.3566666666,969935.5216666666,1012936.0566666666,8,34,3,2011,False,False,False,False,False,False,False,False,False,False,False,False,False,False,False,False,False,False,False,False,False,True,False,False,False,False,False,False,False,False,False,False,False,False,False,False,False,False,False,False,False,False,False,False,False,False,False,False,False,912762.76
22,2011-09-02,912762.76,N/A,69.16,3.784,140.196985,8.023,1181815.31,973004.91,1074535.88,1048866.4733333334,1006579.1449999999,1017656.5058333332,9,35,3,2011,False,False,False,False,False,False,False,False,False,False,False,False,False,False,False,False,False,False,False,False,False,True,False,False,False,False,False,False,False,False,False,False,False,False,False,False,False,False,False,False,False,False,False,False,False,False,False,False,False,1004434.54
22,2011-09-09,1004434.54,Labor Day,69.14,3.809,140.2310173,8.023,912762.76,1181815.31,924174.4,1022527.6599999998,997925.6383333333,1005314.3616666665,9,36,3,2011,False,False,False,False,False,False,False,False,False,False,False,False,False,False,False,False,False,False,False,False,False,True,False,False,False,False,False,False,False,False,False,False,False,False,False,False,False,False,False,False,False,False,False,False,False,False,False,True,False,937420.65
22,2011-09-16,937420.65,N/A,68.08,3.809,140.2735,8.023,1004434.54,912762.76,918285.97,1033004.2033333335,1007838.2800000001,1002146.0225,9,37,3,2011,False,False,False,False,False,False,False,False,False,False,False,False,False,False,False,False,False,False,False,False,False,True,False,False,False,False,False,False,False,False,False,False,False,False,False,False,False,False,False,False,False,False,False,False,False,False,False,False,False,899834.75
22,2011-09-23,899834.75,N/A,62.36,3.758,140.32725,8.023,937420.65,1004434.54,902779.25,951539.3166666668,1000202.895,995882.3933333334,9,38,3,2011,False,False,False,False,False,False,False,False,False,False,False,False,False,False,False,False,False,False,False,False,False,True,False,False,False,False,False,False,False,False,False,False,False,False,False,False,False,False,False,False,False,False,False,False,False,False,False,False,False,953314.16
22,2011-09-30,953314.16,N/A,69.78,3.684,140.381,8.023,899834.75,937420.65,905987.17,947229.98,984878.82,981077.6491666668,9,39,3,2011,False,False,False,False,False,False,False,False,False,False,False,False,False,False,False,False,False,False,False,False,False,True,False,False,False,False,False,False,False,False,False,False,False,False,False,False,False,False,False,False,False,False,False,False,False,False,False,False,False,993436.67
22,2011-10-07,993436.67,N/A,56.44,3.633,140.43475,7.706,953314.16,899834.75,1015051.62,930189.8533333334,981597.0283333333,975766.275,10,40,4,2011,False,False,False,False,False,False,False,False,False,False,False,False,False,False,False,False,False,False,False,False,False,True,False,False,False,False,False,False,False,False,False,False,False,False,False,False,False,False,False,False,False,False,False,False,False,False,False,False,False,944337.32
22,2011-10-14,944337.32,N/A,62.63,3.583,140.4784194,7.706,993436.67,953314.16,954401.46,948861.86,950200.5883333333,978389.8666666667,10,41,4,2011,False,False,False,False,False,False,False,False,False,False,False,False,False,False,False,False,False,False,False,False,False,True,False,False,False,False,False,False,False,False,False,False,False,False,False,False,False,False,False,False,False,False,False,False,False,False,False,False,False,981567.22
22,2011-10-21,981567.22,N/A,59.3,3.618,140.4616048,7.706,944337.32,993436.67,960998.52,963696.0500000002,955463.015,976694.3266666668,10,42,4,2011,False,False,False,False,False,False,False,False,False,False,False,False,False,False,False,False,False,False,False,False,False,True,False,False,False,False,False,False,False,False,False,False,False,False,False,False,False,False,False,False,False,False,False,False,False,False,False,False,False,1099351.68
23,2011-02-04,1159438.53,N/A,14.5,3.24,133.1834194,5.114,1083657.61,1110706.06,1364721.58,1070373.2566666668,1372867.5333333334,1561733.5999999999,2,5,1,2011,False,False,False,False,False,False,False,False,False,False,False,False,False,False,False,False,False,False,False,False,False,False,True,False,False,False,False,False,False,False,False,False,False,False,False,False,False,False,False,False,False,False,False,False,False,False,False,False,False,1249786.4
23,2011-02-11,1249786.4,Super Bowl,21.52,3.255,133.260871,5.114,1159438.53,1083657.61,1380892.08,1117934.0666666667,1110394.4383333332,1542690.665,2,6,1,2011,False,False,False,False,False,False,False,False,False,False,False,False,False,False,False,False,False,False,False,False,False,False,True,False,False,False,False,False,False,False,False,False,False,False,False,False,False,False,False,False,False,False,False,False,False,False,False,False,True,1369971.57
23,2011-02-18,1369971.57,N/A,26.6,3.263,133.3701429,5.114,1249786.4,1159438.53,1319588.04,1164294.18,1123729.8633333333,1537256.6716666666,2,7,1,2011,False,False,False,False,False,False,False,False,False,False,False,False,False,False,False,False,False,False,False,False,False,False,True,False,False,False,False,False,False,False,False,False,False,False,False,False,False,False,False,False,False,False,False,False,False,False,False,False,False,1206917.2
23,2011-02-25,1206917.2,N/A,17.0,3.281,133.4921429,5.114,1369971.57,1249786.4,1198709.65,1259732.1666666667,1165052.7116666667,1478697.215,2,8,1,2011,False,False,False,False,False,False,False,False,False,False,False,False,False,False,False,False,False,False,False,False,False,False,True,False,False,False,False,False,False,False,False,False,False,False,False,False,False,False,False,False,False,False,False,False,False,False,False,False,False,1301185.28
23,2011-03-04,1301185.28,N/A,20.67,3.437,133.6141429,5.114,1206917.2,1369971.57,1311175.93,1275558.39,1196746.2283333333,1444521.5308333335,3,9,1,2011,False,False,False,False,False,False,False,False,False,False,False,False,False,False,False,False,False,False,False,False,False,False,True,False,False,False,False,False,False,False,False,False,False,False,False,False,False,False,False,False,False,False,False,False,False,False,False,False,False,1042043.55
23,2011-03-11,1042043.55,N/A,29.36,3.6,133.7361429,5.114,1301185.28,1206917.2,1408082.96,1292691.3499999999,1228492.7650000001,1396923.1383333334,3,10,1,2011,False,False,False,False,False,False,False,False,False,False,False,False,False,False,False,False,False,False,False,False,False,False,True,False,False,False,False,False,False,False,False,False,False,False,False,False,False,False,False,False,False,False,False,False,False,False,False,False,False,1203682.62
23,2011-03-18,1203682.62,N/A,37.28,3.634,133.8492258,5.114,1042043.55,1301185.28,1229008.32,1183382.01,1221557.0883333334,1297212.3108333333,3,11,1,2011,False,False,False,False,False,False,False,False,False,False,False,False,False,False,False,False,False,False,False,False,False,False,True,False,False,False,False,False,False,False,False,False,False,False,False,False,False,False,False,False,False,False,False,False,False,False,False,False,False,1148624.83
23,2011-03-25,1148624.83,N/A,29.11,3.624,133.9587419,5.114,1203682.62,1042043.55,1310701.8,1182303.8166666667,1228931.1033333333,1169662.7708333333,3,12,1,2011,False,False,False,False,False,False,False,False,False,False,False,False,False,False,False,False,False,False,False,False,False,False,True,False,False,False,False,False,False,False,False,False,False,False,False,False,False,False,False,False,False,False,False,False,False,False,False,False,False,1182694.95
23,2011-04-01,1182694.95,N/A,29.44,3.638,134.0682581,4.781,1148624.83,1203682.62,1556627.62,1131450.3333333333,1212070.8416666668,1167900.3525,4,13,2,2011,False,False,False,False,False,False,False,False,False,False,False,False,False,False,False,False,False,False,False,False,False,False,True,False,False,False,False,False,False,False,False,False,False,False,False,False,False,False,False,False,False,False,False,False,False,False,False,False,False,1248901.98
23,2011-04-08,1248901.98,N/A,36.74,3.72,134.1777742,4.781,1182694.95,1148624.83,1264434.7,1178334.1333333335,1180858.0716666668,1172955.3916666666,4,14,2,2011,False,False,False,False,False,False,False,False,False,False,False,False,False,False,False,False,False,False,False,False,False,False,True,False,False,False,False,False,False,False,False,False,False,False,False,False,False,False,False,False,False,False,False,False,False,False,False,False,False,1263680.51
23,2011-04-15,1263680.51,N/A,45.51,3.823,134.2784667,4.781,1248901.98,1182694.95,1288823.72,1193407.2533333332,1187855.535,1192300.8816666666,4,15,2,2011,False,False,False,False,False,False,False,False,False,False,False,False,False,False,False,False,False,False,False,False,False,False,True,False,False,False,False,False,False,False,False,False,False,False,False,False,False,False,False,False,False,False,False,False,False,False,False,False,False,1447301.24
23,2011-04-22,1447301.24,N/A,39.62,3.919,134.3571,4.781,1263680.51,1248901.98,1315023.08,1231759.1466666667,1181604.74,1205048.7525,4,16,2,2011,False,False,False,False,False,False,False,False,False,False,False,False,False,False,False,False,False,False,False,False,False,False,True,False,False,False,False,False,False,False,False,False,False,False,False,False,False,False,False,False,False,False,False,False,False,False,False,False,False,1173307.4
23,2011-04-29,1173307.4,N/A,54.2,3.988,134.4357333,4.781,1447301.24,1263680.51,1259414.52,1319961.2433333334,1249147.6883333332,1235352.3883333334,4,17,2,2011,False,False,False,False,False,False,False,False,False,False,False,False,False,False,False,False,False,False,False,False,False,False,True,False,False,False,False,False,False,False,False,False,False,False,False,False,False,False,False,False,False,False,False,False,False,False,False,False,False,1359921.13
23,2011-05-06,1359921.13,N/A,50.07,4.078,134.5143667,4.781,1173307.4,1447301.24,1365552.28,1294763.0499999998,1244085.1516666666,1236508.1275,5,18,2,2011,False,False,False,False,False,False,False,False,False,False,False,False,False,False,False,False,False,False,False,False,False,False,True,False,False,False,False,False,False,False,False,False,False,False,False,False,False,False,False,False,False,False,False,False,False,False,False,False,False,1254914.87
23,2011-05-13,1254914.87,N/A,55.12,4.095,134.593,4.781,1359921.13,1173307.4,1303055.09,1326843.2566666666,1279301.2016666667,1245686.0216666667,5,19,2,2011,False,False,False,False,False,False,False,False,False,False,False,False,False,False,False,False,False,False,False,False,False,False,True,False,False,False,False,False,False,False,False,False,False,False,False,False,False,False,False,False,False,False,False,False,False,False,False,False,False,1337617.55
23,2011-05-20,1337617.55,N/A,56.67,4.101,134.6803871,4.781,1254914.87,1359921.13,1327424.28,1262714.4666666666,1291337.855,1236097.9633333334,5,20,2,2011,False,False,False,False,False,False,False,False,False,False,False,False,False,False,False,False,False,False,False,False,False,False,True,False,False,False,False,False,False,False,False,False,False,False,False,False,False,False,False,False,False,False,False,False,False,False,False,False,False,1361945.18
23,2011-05-27,1361945.18,N/A,63.27,4.034,134.7677742,4.781,1337617.55,1254914.87,1571158.56,1317484.5166666668,1306123.7833333334,1246989.6591666667,5,21,2,2011,False,False,False,False,False,False,False,False,False,False,False,False,False,False,False,False,False,False,False,False,False,False,True,False,False,False,False,False,False,False,False,False,False,False,False,False,False,False,False,False,False,False,False,False,False,False,False,False,False,1562161.97
23,2011-06-03,1562161.97,N/A,67.21,3.973,134.8551613,4.781,1361945.18,1337617.55,1514435.51,1318159.2,1322501.2283333333,1252052.9841666666,6,22,2,2011,False,False,False,False,False,False,False,False,False,False,False,False,False,False,False,False,False,False,False,False,False,False,True,False,False,False,False,False,False,False,False,False,False,False,False,False,False,False,False,False,False,False,False,False,False,False,False,False,False,1447028.06
23,2011-06-10,1447028.06,N/A,65.23,3.924,134.9425484,4.781,1562161.97,1361945.18,1439432.06,1420574.8999999997,1341644.6833333333,1295396.1858333333,6,23,2,2011,False,False,False,False,False,False,False,False,False,False,False,False,False,False,False,False,False,False,False,False,False,False,True,False,False,False,False,False,False,False,False,False,False,False,False,False,False,False,False,False,False,False,False,False,False,False,False,False,False,1470520.83
23,2011-06-17,1470520.83,N/A,61.06,3.873,135.0837333,4.781,1447028.06,1562161.97,1507708.93,1457045.07,1387264.7933333332,1315674.9725,6,24,2,2011,False,False,False,False,False,False,False,False,False,False,False,False,False,False,False,False,False,False,False,False,False,False,True,False,False,False,False,False,False,False,False,False,False,False,False,False,False,False,False,False,False,False,False,False,False,False,False,False,False,1434036.18
23,2011-06-24,1434036.18,N/A,63.8,3.851,135.2652667,4.781,1470520.83,1447028.06,1415204.88,1493236.9533333334,1405698.076666667,1342499.6391666667,6,25,2,2011,False,False,False,False,False,False,False,False,False,False,False,False,False,False,False,False,False,False,False,False,False,False,True,False,False,False,False,False,False,False,False,False,False,False,False,False,False,False,False,False,False,False,False,False,False,False,False,False,False,1492507.44
23,2011-07-01,1492507.44,N/A,65.65,3.815,135.4468,4.584,1434036.18,1470520.83,1549113.18,1450528.3566666667,1435551.6283333332,1363444.7416666667,7,26,3,2011,False,False,False,False,False,False,False,False,False,False,False,False,False,False,False,False,False,False,False,False,False,False,True,False,False,False,False,False,False,False,False,False,False,False,False,False,False,False,False,False,False,False,False,False,False,False,False,False,False,1379488.05
23,2011-07-08,1379488.05,N/A,69.92,3.784,135.6283333,4.584,1492507.44,1434036.18,1417535.78,1465688.1500000001,1461366.61,1383745.1966666665,7,27,3,2011,False,False,False,False,False,False,False,False,False,False,False,False,False,False,False,False,False,False,False,False,False,False,True,False,False,False,False,False,False,False,False,False,False,False,False,False,False,False,False,False,False,False,False,False,False,False,False,False,False,1360520.56
23,2011-07-15,1360520.56,N/A,69.8,3.827,135.7837419,4.584,1379488.05,1492507.44,1413124.11,1435343.89,1464290.4216666669,1393395.825,7,28,3,2011,False,False,False,False,False,False,False,False,False,False,False,False,False,False,False,False,False,False,False,False,False,False,True,False,False,False,False,False,False,False,False,False,False,False,False,False,False,False,False,False,False,False,False,False,False,False,False,False,False,1362144.0
23,2011-07-22,1362144.0,N/A,76.74,3.882,135.8738387,4.584,1360520.56,1379488.05,1333634.45,1410838.6833333336,1430683.5199999998,1386164.1016666668,7,29,3,2011,False,False,False,False,False,False,False,False,False,False,False,False,False,False,False,False,False,False,False,False,False,False,True,False,False,False,False,False,False,False,False,False,False,False,False,False,False,False,False,False,False,False,False,False,False,False,False,False,False,1319767.55
23,2011-07-29,1319767.55,N/A,69.55,3.898,135.9639355,4.584,1362144.0,1360520.56,1319773.55,1367384.2033333334,1416536.1766666668,1401900.485,7,30,3,2011,False,False,False,False,False,False,False,False,False,False,False,False,False,False,False,False,False,False,False,False,False,False,True,False,False,False,False,False,False,False,False,False,False,False,False,False,False,False,False,False,False,False,False,False,False,False,False,False,False,1416344.68
23,2011-08-05,1416344.68,N/A,69.53,3.903,136.0540323,4.584,1319767.55,1362144.0,1417013.07,1347477.37,1391410.6300000001,1398554.3533333335,8,31,3,2011,False,False,False,False,False,False,False,False,False,False,False,False,False,False,False,False,False,False,False,False,False,False,True,False,False,False,False,False,False,False,False,False,False,False,False,False,False,False,False,False,False,False,False,False,False,False,False,False,False,1380952.05
23,2011-08-12,1380952.05,N/A,69.86,3.88,136.144129,4.584,1416344.68,1319767.55,1346345.97,1366085.41,1388462.0466666666,1412006.8375000001,8,32,3,2011,False,False,False,False,False,False,False,False,False,False,False,False,False,False,False,False,False,False,False,False,False,False,True,False,False,False,False,False,False,False,False,False,False,False,False,False,False,False,False,False,False,False,False,False,False,False,False,False,False,1453416.53
23,2011-08-19,1453416.53,N/A,67.09,3.82,136.183129,4.584,1380952.05,1416344.68,1439901.05,1372354.76,1369869.4816666667,1415618.0458333334,8,33,3,2011,False,False,False,False,False,False,False,False,False,False,False,False,False,False,False,False,False,False,False,False,False,False,True,False,False,False,False,False,False,False,False,False,False,False,False,False,False,False,False,False,False,False,False,False,False,False,False,False,False,1637266.29
23,2011-08-26,1637266.29,N/A,67.04,3.796,136.2136129,4.584,1453416.53,1380952.05,1584623.36,1416904.42,1382190.895,1423240.6583333332,8,34,3,2011,False,False,False,False,False,False,False,False,False,False,False,False,False,False,False,False,False,False,False,False,False,False,True,False,False,False,False,False,False,False,False,False,False,False,False,False,False,False,False,False,False,False,False,False,False,False,False,False,False,1464295.69
23,2011-09-02,1464295.69,N/A,65.33,3.784,136.2440968,4.584,1637266.29,1453416.53,1405119.23,1490544.9566666668,1428315.1833333336,1429499.3516666666,9,35,3,2011,False,False,False,False,False,False,False,False,False,False,False,False,False,False,False,False,False,False,False,False,False,False,True,False,False,False,False,False,False,False,False,False,False,False,False,False,False,False,False,False,False,False,False,False,False,False,False,False,False,1423289.9
23,2011-09-09,1423289.9,Labor Day,66.04,3.809,136.2745806,4.584,1464295.69,1637266.29,1272842.85,1518326.17,1445340.465,1430938.3208333335,9,36,3,2011,False,False,False,False,False,False,False,False,False,False,False,False,False,False,False,False,False,False,False,False,False,False,True,False,False,False,False,False,False,False,False,False,False,False,False,False,False,False,False,False,False,False,False,False,False,False,False,True,False,1253329.17
23,2011-09-16,1253329.17,N/A,60.52,3.809,136.3145,4.584,1423289.9,1464295.69,1159132.58,1508283.96,1462594.1900000002,1427002.4100000001,9,37,3,2011,False,False,False,False,False,False,False,False,False,False,False,False,False,False,False,False,False,False,False,False,False,False,True,False,False,False,False,False,False,False,False,False,False,False,False,False,False,False,False,False,False,False,False,False,False,False,False,False,False,1289082.81
23,2011-09-23,1289082.81,N/A,57.14,3.758,136.367,4.584,1253329.17,1423289.9,1099055.65,1380304.92,1435424.9383333332,1411943.4925,9,38,3,2011,False,False,False,False,False,False,False,False,False,False,False,False,False,False,False,False,False,False,False,False,False,False,True,False,False,False,False,False,False,False,False,False,False,False,False,False,False,False,False,False,False,False,False,False,False,False,False,False,False,1275597.85
23,2011-09-30,1275597.85,N/A,64.76,3.684,136.4195,4.584,1289082.81,1253329.17,1129909.44,1321900.6266666667,1420113.3983333334,1394991.4400000002,9,39,3,2011,False,False,False,False,False,False,False,False,False,False,False,False,False,False,False,False,False,False,False,False,False,False,True,False,False,False,False,False,False,False,False,False,False,False,False,False,False,False,False,False,False,False,False,False,False,False,False,False,False,1463501.99
23,2011-10-07,1463501.99,N/A,49.0,3.633,136.472,4.42,1275597.85,1289082.81,1179851.68,1272669.9433333334,1390476.9516666667,1386333.9233333333,10,40,4,2011,False,False,False,False,False,False,False,False,False,False,False,False,False,False,False,False,False,False,False,False,False,False,True,False,False,False,False,False,False,False,False,False,False,False,False,False,False,False,False,False,False,False,False,False,False,False,False,False,False,1257778.34
23,2011-10-14,1257778.34,N/A,56.79,3.583,136.5150968,4.42,1463501.99,1275597.85,1119809.71,1342727.55,1361516.235,1394915.7091666667,10,41,4,2011,False,False,False,False,False,False,False,False,False,False,False,False,False,False,False,False,False,False,False,False,False,False,True,False,False,False,False,False,False,False,False,False,False,False,False,False,False,False,False,False,False,False,False,False,False,False,False,False,False,1441032.59
23,2011-10-21,1441032.59,N/A,52.12,3.618,136.5017742,4.42,1257778.34,1463501.99,1147503.92,1332292.7266666668,1327096.6766666668,1386218.5708333333,10,42,4,2011,False,False,False,False,False,False,False,False,False,False,False,False,False,False,False,False,False,False,False,False,False,False,True,False,False,False,False,False,False,False,False,False,False,False,False,False,False,False,False,False,False,False,False,False,False,False,False,False,False,1407191.96
24,2011-02-04,1225182.04,N/A,23.83,3.4,133.1834194,8.252,1126921.34,1107170.39,1388725.63,1133943.9766666668,1362514.9066666665,1434519.5650000002,2,5,1,2011,False,False,False,False,False,False,False,False,False,False,False,False,False,False,False,False,False,False,False,False,False,False,False,True,False,False,False,False,False,False,False,False,False,False,False,False,False,False,False,False,False,False,False,False,False,False,False,False,False,1341240.62
24,2011-02-11,1341240.62,Super Bowl,26.51,3.416,133.260871,8.252,1225182.04,1126921.34,1414107.1,1153091.2566666666,1169042.6216666668,1427211.6508333336,2,6,1,2011,False,False,False,False,False,False,False,False,False,False,False,False,False,False,False,False,False,False,False,False,False,False,False,True,False,False,False,False,False,False,False,False,False,False,False,False,False,False,False,False,False,False,False,False,False,False,False,False,True,1360150.12
24,2011-02-18,1360150.12,N/A,34.04,3.42,133.3701429,8.252,1341240.62,1225182.04,1385362.49,1231114.6666666667,1191149.3833333335,1432552.485833333,2,7,1,2011,False,False,False,False,False,False,False,False,False,False,False,False,False,False,False,False,False,False,False,False,False,False,False,True,False,False,False,False,False,False,False,False,False,False,False,False,False,False,False,False,False,False,False,False,False,False,False,False,False,1235121.33
24,2011-02-25,1235121.33,N/A,26.09,3.452,133.4921429,8.252,1360150.12,1341240.62,1158722.74,1308857.5933333335,1221400.7850000001,1397625.2866666666,2,8,1,2011,False,False,False,False,False,False,False,False,False,False,False,False,False,False,False,False,False,False,False,False,False,False,False,True,False,False,False,False,False,False,False,False,False,False,False,False,False,False,False,False,False,False,False,False,False,False,False,False,False,1346994.53
24,2011-03-04,1346994.53,N/A,31.36,3.605,133.6141429,8.252,1235121.33,1360150.12,1412387.37,1312170.6900000002,1232630.9733333334,1382776.8391666666,3,9,1,2011,False,False,False,False,False,False,False,False,False,False,False,False,False,False,False,False,False,False,False,False,False,False,False,True,False,False,False,False,False,False,False,False,False,False,False,False,False,False,False,False,False,False,False,False,False,False,False,False,False,1253218.7
24,2011-03-11,1253218.7,N/A,39.51,3.752,133.7361429,8.252,1346994.53,1235121.33,1309340.16,1314088.6600000001,1272601.6633333333,1362275.3208333335,3,10,1,2011,False,False,False,False,False,False,False,False,False,False,False,False,False,False,False,False,False,False,False,False,False,False,False,True,False,False,False,False,False,False,False,False,False,False,False,False,False,False,False,False,False,False,False,False,False,False,False,False,False,1168397.26
24,2011-03-18,1168397.26,N/A,43.39,3.796,133.8492258,8.252,1253218.7,1346994.53,1222511.29,1278444.8533333333,1293651.2233333334,1328083.0650000002,3,11,1,2011,False,False,False,False,False,False,False,False,False,False,False,False,False,False,False,False,False,False,False,False,False,False,False,True,False,False,False,False,False,False,False,False,False,False,False,False,False,False,False,False,False,False,False,False,False,False,False,False,False,1158693.12
24,2011-03-25,1158693.12,N/A,36.88,3.789,133.9587419,8.252,1168397.26,1253218.7,1258311.56,1256203.4966666668,1284187.0933333335,1226614.8575000002,3,12,1,2011,False,False,False,False,False,False,False,False,False,False,False,False,False,False,False,False,False,False,False,False,False,False,False,True,False,False,False,False,False,False,False,False,False,False,False,False,False,False,False,False,False,False,False,False,False,False,False,False,False,1163803.3
24,2011-04-01,1163803.3,N/A,35.73,3.811,134.0682581,8.212,1158693.12,1168397.26,1478321.26,1193436.36,1253762.51,1222455.9466666668,4,13,2,2011,False,False,False,False,False,False,False,False,False,False,False,False,False,False,False,False,False,False,False,False,False,False,False,True,False,False,False,False,False,False,False,False,False,False,False,False,False,False,False,False,False,False,False,False,False,False,False,False,False,1273670.32
24,2011-04-08,1273670.32,N/A,44.7,3.895,134.1777742,8.212,1163803.3,1158693.12,1379579.63,1163631.2266666668,1221038.04,1221219.4124999999,4,14,2,2011,False,False,False,False,False,False,False,False,False,False,False,False,False,False,False,False,False,False,False,False,False,False,False,True,False,False,False,False,False,False,False,False,False,False,False,False,False,False,False,False,False,False,False,False,False,False,False,False,False,1245576.65
24,2011-04-15,1245576.65,N/A,52.36,3.981,134.2784667,8.212,1273670.32,1163803.3,1268266.72,1198722.2466666668,1227462.8716666666,1230046.9225,4,15,2,2011,False,False,False,False,False,False,False,False,False,False,False,False,False,False,False,False,False,False,False,False,False,False,False,True,False,False,False,False,False,False,False,False,False,False,False,False,False,False,False,False,False,False,False,False,False,False,False,False,False,1372484.9
24,2011-04-22,1372484.9,N/A,46.0,4.061,134.3571,8.212,1245576.65,1273670.32,1264117.01,1227683.423333333,1210559.8916666668,1241580.7775,4,16,2,2011,False,False,False,False,False,False,False,False,False,False,False,False,False,False,False,False,False,False,False,False,False,False,False,True,False,False,False,False,False,False,False,False,False,False,False,False,False,False,False,False,False,False,False,False,False,False,False,False,False,1197761.17
24,2011-04-29,1197761.17,N/A,60.48,4.117,134.4357333,8.212,1372484.9,1245576.65,1259877.19,1297243.9566666668,1230437.5916666666,1262044.4075,4,17,2,2011,False,False,False,False,False,False,False,False,False,False,False,False,False,False,False,False,False,False,False,False,False,False,False,True,False,False,False,False,False,False,False,False,False,False,False,False,False,False,False,False,False,False,False,False,False,False,False,False,False,1339630.35
24,2011-05-06,1339630.35,N/A,55.75,4.192,134.5143667,8.212,1197761.17,1372484.9,1409705.03,1271940.9066666665,1235331.5766666667,1259759.3350000002,5,18,2,2011,False,False,False,False,False,False,False,False,False,False,False,False,False,False,False,False,False,False,False,False,False,False,False,True,False,False,False,False,False,False,False,False,False,False,False,False,False,False,False,False,False,False,False,False,False,False,False,False,False,1311950.16
24,2011-05-13,1311950.16,N/A,58.49,4.211,134.593,8.212,1339630.35,1197761.17,1346783.35,1303292.14,1265487.7816666667,1259625.1458333333,5,19,2,2011,False,False,False,False,False,False,False,False,False,False,False,False,False,False,False,False,False,False,False,False,False,False,False,True,False,False,False,False,False,False,False,False,False,False,False,False,False,False,False,False,False,False,False,False,False,False,False,False,False,1234281.7
24,2011-05-20,1234281.7,N/A,59.84,4.202,134.6803871,8.212,1311950.16,1339630.35,1283482.85,1283113.8933333333,1290178.925,1255608.4825000002,5,20,2,2011,False,False,False,False,False,False,False,False,False,False,False,False,False,False,False,False,False,False,False,False,False,False,False,True,False,False,False,False,False,False,False,False,False,False,False,False,False,False,False,False,False,False,False,False,False,False,False,False,False,1311153.72
24,2011-05-27,1311153.72,N/A,65.74,4.134,134.7677742,8.212,1234281.7,1311950.16,1473868.15,1295287.4033333333,1283614.155,1255538.5133333334,5,21,2,2011,False,False,False,False,False,False,False,False,False,False,False,False,False,False,False,False,False,False,False,False,False,False,False,True,False,False,False,False,False,False,False,False,False,False,False,False,False,False,False,False,False,False,False,False,False,False,False,False,False,1554837.62
24,2011-06-03,1554837.62,N/A,73.12,4.069,134.8551613,8.212,1311153.72,1234281.7,1566668.91,1285795.1933333334,1294543.6666666667,1252551.7791666666,6,22,2,2011,False,False,False,False,False,False,False,False,False,False,False,False,False,False,False,False,False,False,False,False,False,False,False,True,False,False,False,False,False,False,False,False,False,False,False,False,False,False,False,False,False,False,False,False,False,False,False,False,False,1373841.91
24,2011-06-10,1373841.91,N/A,70.02,4.025,134.9425484,8.212,1554837.62,1311153.72,1375458.21,1366757.68,1324935.7866666669,1277686.6891666667,6,23,2,2011,False,False,False,False,False,False,False,False,False,False,False,False,False,False,False,False,False,False,False,False,False,False,False,True,False,False,False,False,False,False,False,False,False,False,False,False,False,False,False,False,False,False,False,False,False,False,False,False,False,1320359.23
24,2011-06-17,1320359.23,N/A,64.34,3.989,135.0837333,8.212,1373841.91,1554837.62,1354168.18,1413277.75,1354282.5766666667,1294807.0766666667,6,24,2,2011,False,False,False,False,False,False,False,False,False,False,False,False,False,False,False,False,False,False,False,False,False,False,False,True,False,False,False,False,False,False,False,False,False,False,False,False,False,False,False,False,False,False,False,False,False,False,False,False,False,1304850.67
24,2011-06-24,1304850.67,N/A,68.88,3.964,135.2652667,8.212,1320359.23,1373841.91,1399073.75,1416346.2533333332,1351070.7233333334,1308279.2525,6,25,2,2011,False,False,False,False,False,False,False,False,False,False,False,False,False,False,False,False,False,False,False,False,False,False,False,True,False,False,False,False,False,False,False,False,False,False,False,False,False,False,False,False,False,False,False,False,False,False,False,False,False,1445596.61
24,2011-07-01,1445596.61,N/A,70.27,3.916,135.4468,8.358,1304850.67,1320359.23,1563387.94,1333017.2699999998,1349887.4749999999,1320033.2,7,26,3,2011,False,False,False,False,False,False,False,False,False,False,False,False,False,False,False,False,False,False,False,False,False,False,False,True,False,False,False,False,False,False,False,False,False,False,False,False,False,False,False,False,False,False,False,False,False,False,False,False,False,1567340.07
24,2011-07-08,1567340.07,N/A,72.56,3.886,135.6283333,8.358,1445596.61,1304850.67,1665502.55,1356935.5033333332,1385106.6266666667,1334360.3908333334,7,27,3,2011,False,False,False,False,False,False,False,False,False,False,False,False,False,False,False,False,False,False,False,False,False,False,False,True,False,False,False,False,False,False,False,False,False,False,False,False,False,False,False,False,False,False,False,False,False,False,False,False,False,1356938.95
24,2011-07-15,1356938.95,N/A,74.43,3.915,135.7837419,8.358,1567340.07,1445596.61,1418697.05,1439262.4500000002,1427804.3516666666,1361174.0091666665,7,28,3,2011,False,False,False,False,False,False,False,False,False,False,False,False,False,False,False,False,False,False,False,False,False,False,False,True,False,False,False,False,False,False,False,False,False,False,False,False,False,False,False,False,False,False,False,False,False,False,False,False,False,1357672.24
24,2011-07-22,1357672.24,N/A,79.29,3.972,135.8738387,8.358,1356938.95,1567340.07,1333740.35,1456625.2100000002,1394821.24,1359878.5133333334,7,29,3,2011,False,False,False,False,False,False,False,False,False,False,False,False,False,False,False,False,False,False,False,False,False,False,False,True,False,False,False,False,False,False,False,False,False,False,False,False,False,False,False,False,False,False,False,False,False,False,False,False,False,1310973.06
24,2011-07-29,1310973.06,N/A,74.84,4.004,135.9639355,8.358,1357672.24,1356938.95,1387517.63,1427317.0866666667,1392126.2950000002,1373204.4358333333,7,30,3,2011,False,False,False,False,False,False,False,False,False,False,False,False,False,False,False,False,False,False,False,False,False,False,False,True,False,False,False,False,False,False,False,False,False,False,False,False,False,False,False,False,False,False,False,False,False,False,False,False,False,1417616.81
24,2011-08-05,1417616.81,N/A,74.64,4.02,136.0540323,8.358,1310973.06,1357672.24,1442819.28,1341861.4166666667,1390561.9333333333,1370816.3283333334,8,31,3,2011,False,False,False,False,False,False,False,False,False,False,False,False,False,False,False,False,False,False,False,False,False,False,False,True,False,False,False,False,False,False,False,False,False,False,False,False,False,False,False,False,False,False,False,False,False,False,False,False,False,1402818.01
24,2011-08-12,1402818.01,N/A,72.52,3.995,136.144129,8.358,1417616.81,1310973.06,1384243.75,1362087.37,1409356.29,1379621.8825,8,32,3,2011,False,False,False,False,False,False,False,False,False,False,False,False,False,False,False,False,False,False,False,False,False,False,False,True,False,False,False,False,False,False,False,False,False,False,False,False,False,False,False,False,False,False,False,False,False,False,False,False,False,1352039.88
24,2011-08-19,1352039.88,N/A,69.93,3.942,136.183129,8.358,1402818.01,1417616.81,1375307.54,1377135.96,1402226.5233333334,1393666.575,8,33,3,2011,False,False,False,False,False,False,False,False,False,False,False,False,False,False,False,False,False,False,False,False,False,False,False,True,False,False,False,False,False,False,False,False,False,False,False,False,False,False,False,False,False,False,False,False,False,False,False,False,False,1402372.09
24,2011-08-26,1402372.09,N/A,69.94,3.906,136.2136129,8.358,1352039.88,1402818.01,1350059.35,1390824.9000000001,1366343.1583333334,1397073.755,8,34,3,2011,False,False,False,False,False,False,False,False,False,False,False,False,False,False,False,False,False,False,False,False,False,False,False,True,False,False,False,False,False,False,False,False,False,False,False,False,False,False,False,False,False,False,False,False,False,False,False,False,False,1196105.44
24,2011-09-02,1196105.44,N/A,68.14,3.879,136.2440968,8.358,1402372.09,1352039.88,1366381.6,1385743.3266666664,1373915.3483333334,1384368.2941666667,9,35,3,2011,False,False,False,False,False,False,False,False,False,False,False,False,False,False,False,False,False,False,False,False,False,False,False,True,False,False,False,False,False,False,False,False,False,False,False,False,False,False,False,False,False,False,False,False,False,False,False,False,False,1527455.19
24,2011-09-09,1527455.19,Labor Day,68.32,3.93,136.2745806,8.358,1196105.44,1402372.09,1474498.59,1316839.1366666667,1346987.5483333333,1369556.9216666666,9,36,3,2011,False,False,False,False,False,False,False,False,False,False,False,False,False,False,False,False,False,False,False,False,False,False,False,True,False,False,False,False,False,False,False,False,False,False,False,False,False,False,False,False,False,False,False,False,False,False,False,True,False,1227535.97
24,2011-09-16,1227535.97,N/A,65.56,3.937,136.3145,8.358,1527455.19,1196105.44,1273295.46,1375310.9066666665,1383067.9033333333,1386814.9183333332,9,37,3,2011,False,False,False,False,False,False,False,False,False,False,False,False,False,False,False,False,False,False,False,False,False,False,False,True,False,False,False,False,False,False,False,False,False,False,False,False,False,False,False,False,False,False,False,False,False,False,False,False,False,1232376.49
24,2011-09-23,1232376.49,N/A,60.61,3.899,136.367,8.358,1227535.97,1527455.19,1169413.27,1317032.2,1351387.7633333334,1380372.0266666666,9,38,3,2011,False,False,False,False,False,False,False,False,False,False,False,False,False,False,False,False,False,False,False,False,False,False,False,True,False,False,False,False,False,False,False,False,False,False,False,False,False,False,False,False,False,False,False,False,False,False,False,False,False,1246242.61
24,2011-09-30,1246242.61,N/A,68.0,3.858,136.4195,8.358,1232376.49,1227535.97,1215273.2,1329122.55,1322980.8433333333,1362603.6833333333,9,39,3,2011,False,False,False,False,False,False,False,False,False,False,False,False,False,False,False,False,False,False,False,False,False,False,False,True,False,False,False,False,False,False,False,False,False,False,False,False,False,False,False,False,False,False,False,False,False,False,False,False,False,1405914.39
24,2011-10-07,1405914.39,N/A,53.87,3.775,136.472,8.454,1246242.61,1232376.49,1361944.94,1235385.0233333332,1305347.965,1335845.5616666668,10,40,4,2011,False,False,False,False,False,False,False,False,False,False,False,False,False,False,False,False,False,False,False,False,False,False,False,True,False,False,False,False,False,False,False,False,False,False,False,False,False,False,False,False,False,False,False,False,False,False,False,False,False,1333315.03
24,2011-10-14,1333315.03,N/A,60.21,3.744,136.5150968,8.454,1405914.39,1246242.61,1300806.74,1294844.4966666668,1305938.3483333334,1339926.8483333334,10,41,4,2011,False,False,False,False,False,False,False,False,False,False,False,False,False,False,False,False,False,False,False,False,False,False,False,True,False,False,False,False,False,False,False,False,False,False,False,False,False,False,False,False,False,False,False,False,False,False,False,False,False,1283563.43
24,2011-10-21,1283563.43,N/A,56.6,3.757,136.5017742,8.454,1333315.03,1405914.39,1234875.33,1328490.6766666665,1328806.6133333333,1337897.0808333333,10,42,4,2011,False,False,False,False,False,False,False,False,False,False,False,False,False,False,False,False,False,False,False,False,False,False,False,True,False,False,False,False,False,False,False,False,False,False,False,False,False,False,False,False,False,False,False,False,False,False,False,False,False,1307142.75
25,2011-02-04,639830.45,N/A,23.94,3.231,205.7329407,7.343,600448.69,568093.57,677231.63,580301.0300000001,703030.2416666667,805228.2166666667,2,5,1,2011,False,False,False,False,False,False,False,False,False,False,False,False,False,False,False,False,False,False,False,False,False,False,False,False,True,False,False,False,False,False,False,False,False,False,False,False,False,False,False,False,False,False,False,False,False,False,False,False,False,615666.78
25,2011-02-11,615666.78,Super Bowl,21.18,3.239,206.0763862,7.343,639830.45,600448.69,583364.02,602790.9033333333,593770.1183333333,799109.9141666666,2,6,1,2011,False,False,False,False,False,False,False,False,False,False,False,False,False,False,False,False,False,False,False,False,False,False,False,False,True,False,False,False,False,False,False,False,False,False,False,False,False,False,False,False,False,False,False,False,False,False,False,False,True,634637.03
25,2011-02-18,634637.03,N/A,38.42,3.245,206.3694701,7.343,615666.78,639830.45,676260.67,618648.6400000001,592532.4916666666,790577.4183333335,2,7,1,2011,False,False,False,False,False,False,False,False,False,False,False,False,False,False,False,False,False,False,False,False,False,False,False,False,True,False,False,False,False,False,False,False,False,False,False,False,False,False,False,False,False,False,False,False,False,False,False,False,False,570816.34
25,2011-02-25,570816.34,N/A,28.36,3.274,206.6424093,7.343,634637.03,615666.78,628516.57,630044.7533333334,605172.8916666667,750527.12,2,8,1,2011,False,False,False,False,False,False,False,False,False,False,False,False,False,False,False,False,False,False,False,False,False,False,False,False,True,False,False,False,False,False,False,False,False,False,False,False,False,False,False,False,False,False,False,False,False,False,False,False,False,640912.18
25,2011-03-04,640912.18,N/A,31.59,3.433,206.9153485,7.343,570816.34,634637.03,665750.06,607040.05,604915.4766666667,724297.4016666667,3,9,1,2011,False,False,False,False,False,False,False,False,False,False,False,False,False,False,False,False,False,False,False,False,False,False,False,False,True,False,False,False,False,False,False,False,False,False,False,False,False,False,False,False,False,False,False,False,False,False,False,False,False,599828.39
25,2011-03-11,599828.39,N/A,36.73,3.582,207.1882876,7.343,640912.18,570816.34,660619.99,615455.1833333335,617051.9116666667,697312.6516666666,3,10,1,2011,False,False,False,False,False,False,False,False,False,False,False,False,False,False,False,False,False,False,False,False,False,False,False,False,True,False,False,False,False,False,False,False,False,False,False,False,False,False,False,False,False,False,False,False,False,False,False,False,False,603393.64
25,2011-03-18,603393.64,N/A,40.94,3.631,207.4283845,7.343,599828.39,640912.18,659795.84,603852.3033333335,616948.5283333333,659989.385,3,11,1,2011,False,False,False,False,False,False,False,False,False,False,False,False,False,False,False,False,False,False,False,False,False,False,False,False,True,False,False,False,False,False,False,False,False,False,False,False,False,False,False,False,False,False,False,False,False,False,False,False,False,616324.24
25,2011-03-25,616324.24,N/A,38.51,3.625,207.6553444,7.343,603393.64,599828.39,696687.6,614711.4033333334,610875.7266666667,602322.9225,3,12,1,2011,False,False,False,False,False,False,False,False,False,False,False,False,False,False,False,False,False,False,False,False,False,False,False,False,True,False,False,False,False,False,False,False,False,False,False,False,False,False,False,False,False,False,False,False,False,False,False,False,False,618377.79
25,2011-04-01,618377.79,N/A,28.5,3.638,207.8823043,7.287,616324.24,603393.64,822486.37,606515.4233333333,610985.3033333333,601758.8975,4,13,2,2011,False,False,False,False,False,False,False,False,False,False,False,False,False,False,False,False,False,False,False,False,False,False,False,False,True,False,False,False,False,False,False,False,False,False,False,False,False,False,False,False,False,False,False,False,False,False,False,False,False,648606.13
25,2011-04-08,648606.13,N/A,42.11,3.72,208.1092642,7.287,618377.79,616324.24,712647.97,612698.5566666668,608275.43,606724.1608333333,4,14,2,2011,False,False,False,False,False,False,False,False,False,False,False,False,False,False,False,False,False,False,False,False,False,False,False,False,True,False,False,False,False,False,False,False,False,False,False,False,False,False,False,False,False,False,False,False,False,False,False,False,False,674562.45
25,2011-04-15,674562.45,N/A,51.43,3.821,208.3172811,7.287,648606.13,618377.79,715311.6,627769.3866666667,621240.395,613077.9358333333,4,15,2,2011,False,False,False,False,False,False,False,False,False,False,False,False,False,False,False,False,False,False,False,False,False,False,False,False,True,False,False,False,False,False,False,False,False,False,False,False,False,False,False,False,False,False,False,False,False,False,False,False,False,756588.42
25,2011-04-22,756588.42,N/A,45.87,3.892,208.4779405,7.287,674562.45,648606.13,694531.72,647182.1233333334,626848.7733333333,621950.3425,4,16,2,2011,False,False,False,False,False,False,False,False,False,False,False,False,False,False,False,False,False,False,False,False,False,False,False,False,True,False,False,False,False,False,False,False,False,False,False,False,False,False,False,False,False,False,False,False,False,False,False,False,False,649245.0
25,2011-04-29,649245.0,N/A,58.43,3.962,208.6386,7.287,756588.42,674562.45,706924.02,693252.3333333334,652975.4450000001,634961.9866666667,4,17,2,2011,False,False,False,False,False,False,False,False,False,False,False,False,False,False,False,False,False,False,False,False,False,False,False,False,True,False,False,False,False,False,False,False,False,False,False,False,False,False,False,False,False,False,False,False,False,False,False,False,False,659446.55
25,2011-05-06,659446.55,N/A,49.5,4.046,208.7992595,7.287,649245.0,756588.42,724468.97,693465.29,660617.3383333334,635746.5325000001,5,18,2,2011,False,False,False,False,False,False,False,False,False,False,False,False,False,False,False,False,False,False,False,False,False,False,False,False,True,False,False,False,False,False,False,False,False,False,False,False,False,False,False,False,False,False,False,False,False,False,False,False,False,684783.15
25,2011-05-13,684783.15,N/A,60.1,4.066,208.9599189,7.287,659446.55,649245.0,698073.95,688426.6566666667,667804.39,639394.8466666667,5,19,2,2011,False,False,False,False,False,False,False,False,False,False,False,False,False,False,False,False,False,False,False,False,False,False,False,False,True,False,False,False,False,False,False,False,False,False,False,False,False,False,False,False,False,False,False,False,False,False,False,False,False,677971.33
25,2011-05-20,677971.33,N/A,56.56,4.062,208.7583165,7.287,684783.15,659446.55,704113.22,664491.5666666668,678871.9500000001,643573.6900000001,5,20,2,2011,False,False,False,False,False,False,False,False,False,False,False,False,False,False,False,False,False,False,False,False,False,False,False,False,True,False,False,False,False,False,False,False,False,False,False,False,False,False,False,False,False,False,False,False,False,False,False,False,False,718373.94
25,2011-05-27,718373.94,N/A,67.18,3.985,208.556714,7.287,677971.33,684783.15,792442.54,674067.0100000001,683766.15,652503.2725000001,5,21,2,2011,False,False,False,False,False,False,False,False,False,False,False,False,False,False,False,False,False,False,False,False,False,False,False,False,True,False,False,False,False,False,False,False,False,False,False,False,False,False,False,False,False,False,False,False,False,False,False,False,False,737551.74
25,2011-06-03,737551.74,N/A,70.69,3.922,208.3551116,7.287,718373.94,677971.33,764155.44,693709.4733333335,691068.0650000001,658958.4191666667,6,22,2,2011,False,False,False,False,False,False,False,False,False,False,False,False,False,False,False,False,False,False,False,False,False,False,False,False,True,False,False,False,False,False,False,False,False,False,False,False,False,False,False,False,False,False,False,False,False,False,False,False,False,740259.63
25,2011-06-10,740259.63,N/A,71.45,3.881,208.1535092,7.287,737551.74,718373.94,737163.2,711299.0033333334,687895.285,670435.365,6,23,2,2011,False,False,False,False,False,False,False,False,False,False,False,False,False,False,False,False,False,False,False,False,False,False,False,False,True,False,False,False,False,False,False,False,False,False,False,False,False,False,False,False,False,False,False,False,False,False,False,False,False,717373.43
25,2011-06-17,717373.43,N/A,63.58,3.842,208.1265604,7.287,740259.63,737551.74,780444.94,732061.77,703064.39,681840.8641666666,6,24,2,2011,False,False,False,False,False,False,False,False,False,False,False,False,False,False,False,False,False,False,False,False,False,False,False,False,True,False,False,False,False,False,False,False,False,False,False,False,False,False,False,False,False,False,False,False,False,False,False,False,False,699270.1
25,2011-06-24,699270.1,N/A,70.71,3.804,208.2306018,7.287,717373.43,740259.63,737569.14,731728.2666666667,712718.87,690261.63,6,25,2,2011,False,False,False,False,False,False,False,False,False,False,False,False,False,False,False,False,False,False,False,False,False,False,False,False,True,False,False,False,False,False,False,False,False,False,False,False,False,False,False,False,False,False,False,False,False,False,False,False,False,706206.86
25,2011-07-01,706206.86,N/A,66.61,3.748,208.3346432,7.274,699270.1,717373.43,759407.87,718967.7200000001,715133.3616666667,697002.6558333334,7,26,3,2011,False,False,False,False,False,False,False,False,False,False,False,False,False,False,False,False,False,False,False,False,False,False,False,False,True,False,False,False,False,False,False,False,False,False,False,False,False,False,False,False,False,False,False,False,False,False,False,False,False,698529.64
25,2011-07-08,698529.64,N/A,71.64,3.711,208.4386847,7.274,706206.86,699270.1,719591.13,707616.7966666667,719839.2833333333,701802.7166666667,7,27,3,2011,False,False,False,False,False,False,False,False,False,False,False,False,False,False,False,False,False,False,False,False,False,False,False,False,True,False,False,False,False,False,False,False,False,False,False,False,False,False,False,False,False,False,False,False,False,False,False,False,False,680510.23
25,2011-07-15,680510.23,N/A,72.67,3.76,208.5309337,7.274,698529.64,706206.86,726997.84,701335.5333333333,716531.9,703799.9824999999,7,28,3,2011,False,False,False,False,False,False,False,False,False,False,False,False,False,False,False,False,False,False,False,False,False,False,False,False,True,False,False,False,False,False,False,False,False,False,False,False,False,False,False,False,False,False,False,False,False,False,False,False,False,670854.96
25,2011-07-22,670854.96,N/A,78.1,3.811,208.5937018,7.274,680510.23,698529.64,665290.93,695082.2433333334,707024.9816666666,697460.1333333333,7,29,3,2011,False,False,False,False,False,False,False,False,False,False,False,False,False,False,False,False,False,False,False,False,False,False,False,False,True,False,False,False,False,False,False,False,False,False,False,False,False,False,False,False,False,False,False,False,False,False,False,False,False,668390.82
25,2011-07-29,668390.82,N/A,74.72,3.829,208.6564699,7.274,670854.96,680510.23,682124.34,683298.2766666667,695457.5366666666,699260.9633333334,7,30,3,2011,False,False,False,False,False,False,False,False,False,False,False,False,False,False,False,False,False,False,False,False,False,False,False,False,True,False,False,False,False,False,False,False,False,False,False,False,False,False,False,False,False,False,False,False,False,False,False,False,False,679706.01
25,2011-08-05,679706.01,N/A,74.0,3.842,208.719238,7.274,668390.82,670854.96,699464.43,673252.0033333334,687293.7683333333,700006.3191666667,8,31,3,2011,False,False,False,False,False,False,False,False,False,False,False,False,False,False,False,False,False,False,False,False,False,False,False,False,True,False,False,False,False,False,False,False,False,False,False,False,False,False,False,False,False,False,False,False,False,False,False,False,False,667130.48
25,2011-08-12,667130.48,N/A,70.93,3.812,208.7820061,7.274,679706.01,668390.82,686072.39,672983.93,684033.0866666666,699583.2241666666,8,32,3,2011,False,False,False,False,False,False,False,False,False,False,False,False,False,False,False,False,False,False,False,False,False,False,False,False,True,False,False,False,False,False,False,False,False,False,False,False,False,False,False,False,False,False,False,False,False,False,False,False,False,688958.75
25,2011-08-19,688958.75,N/A,68.09,3.747,208.8424359,7.274,667130.48,679706.01,724499.81,671742.4366666666,677520.3566666666,698679.82,8,33,3,2011,False,False,False,False,False,False,False,False,False,False,False,False,False,False,False,False,False,False,False,False,False,False,False,False,True,False,False,False,False,False,False,False,False,False,False,False,False,False,False,False,False,False,False,False,False,False,False,False,False,726422.55
25,2011-08-26,726422.55,N/A,66.8,3.704,208.902476,7.274,688958.75,667130.48,711461.95,678598.4133333334,675925.2083333334,696228.5541666667,8,34,3,2011,False,False,False,False,False,False,False,False,False,False,False,False,False,False,False,False,False,False,False,False,False,False,False,False,True,False,False,False,False,False,False,False,False,False,False,False,False,False,False,False,False,False,False,False,False,False,False,False,False,699779.0
25,2011-09-02,699779.0,N/A,67.2,3.703,208.9625161,7.274,726422.55,688958.75,685700.08,694170.5933333334,683577.2616666666,695301.1216666667,9,35,3,2011,False,False,False,False,False,False,False,False,False,False,False,False,False,False,False,False,False,False,False,False,False,False,False,False,True,False,False,False,False,False,False,False,False,False,False,False,False,False,False,False,False,False,False,False,False,False,False,False,False,673248.48
25,2011-09-09,673248.48,Labor Day,67.51,3.738,209.0225562,7.274,699779.0,726422.55,655811.95,705053.4333333335,688397.935,691927.7358333333,9,36,3,2011,False,False,False,False,False,False,False,False,False,False,False,False,False,False,False,False,False,False,False,False,False,False,False,False,True,False,False,False,False,False,False,False,False,False,False,False,False,False,False,False,False,False,False,False,False,False,False,True,False,628720.46
25,2011-09-16,628720.46,N/A,62.05,3.742,209.1893892,7.274,673248.48,699779.0,628989.88,699816.6766666668,689207.545,688250.6566666666,9,37,3,2011,False,False,False,False,False,False,False,False,False,False,False,False,False,False,False,False,False,False,False,False,False,False,False,False,True,False,False,False,False,False,False,False,False,False,False,False,False,False,False,False,False,False,False,False,False,False,False,False,False,620885.93
25,2011-09-23,620885.93,N/A,60.28,3.711,209.4986126,7.274,628720.46,673248.48,607819.33,667249.3133333335,680709.9533333334,682371.5199999999,9,38,3,2011,False,False,False,False,False,False,False,False,False,False,False,False,False,False,False,False,False,False,False,False,False,False,False,False,True,False,False,False,False,False,False,False,False,False,False,False,False,False,False,False,False,False,False,False,False,False,False,False,False,639160.24
25,2011-09-30,639160.24,N/A,60.7,3.645,209.807836,7.274,620885.93,628720.46,658640.14,640951.6233333334,673002.5283333333,675261.4425,9,39,3,2011,False,False,False,False,False,False,False,False,False,False,False,False,False,False,False,False,False,False,False,False,False,False,False,False,True,False,False,False,False,False,False,False,False,False,False,False,False,False,False,False,False,False,False,False,False,False,False,False,False,671522.87
25,2011-10-07,671522.87,N/A,50.82,3.583,210.1170595,7.082,639160.24,620885.93,674283.86,629588.8766666667,664702.7766666667,670313.9925,10,40,4,2011,False,False,False,False,False,False,False,False,False,False,False,False,False,False,False,False,False,False,False,False,False,False,False,False,True,False,False,False,False,False,False,False,False,False,False,False,False,False,False,False,False,False,False,False,False,False,False,False,False,646915.47
25,2011-10-14,646915.47,N/A,58.95,3.541,210.4027602,7.082,671522.87,639160.24,616094.72,643856.3466666668,655552.83,669565.0458333333,10,41,4,2011,False,False,False,False,False,False,False,False,False,False,False,False,False,False,False,False,False,False,False,False,False,False,False,False,True,False,False,False,False,False,False,False,False,False,False,False,False,False,False,False,False,False,False,False,False,False,False,False,False,690675.5
25,2011-10-21,690675.5,N/A,50.22,3.57,210.5473252,7.082,646915.47,671522.87,661644.19,652532.86,646742.2416666666,667570.0883333334,10,42,4,2011,False,False,False,False,False,False,False,False,False,False,False,False,False,False,False,False,False,False,False,False,False,False,False,False,True,False,False,False,False,False,False,False,False,False,False,False,False,False,False,False,False,False,False,False,False,False,False,False,False,724443.97
26,2011-02-04,911807.02,N/A,11.17,3.24,133.1834194,7.907,817485.14,809833.21,1034119.21,813213.88,971506.935,1029300.8291666667,2,5,1,2011,False,False,False,False,False,False,False,False,False,False,False,False,False,False,False,False,False,False,False,False,False,False,False,False,False,True,False,False,False,False,False,False,False,False,False,False,False,False,False,False,False,False,False,False,False,False,False,False,False,1010711.08
26,2011-02-11,1010711.08,Super Bowl,15.12,3.255,133.260871,7.907,911807.02,817485.14,1015684.09,846375.1233333334,861144.36,1024351.9966666667,2,6,1,2011,False,False,False,False,False,False,False,False,False,False,False,False,False,False,False,False,False,False,False,False,False,False,False,False,False,True,False,False,False,False,False,False,False,False,False,False,False,False,False,False,False,False,False,False,False,False,False,False,True,981978.02
26,2011-02-18,981978.02,N/A,19.63,3.263,133.3701429,7.907,1010711.08,911807.02,999348.55,913334.4133333334,883384.8250000001,1033413.5283333333,2,7,1,2011,False,False,False,False,False,False,False,False,False,False,False,False,False,False,False,False,False,False,False,False,False,False,False,False,False,True,False,False,False,False,False,False,False,False,False,False,False,False,False,False,False,False,False,False,False,False,False,False,False,910298.44
26,2011-02-25,910298.44,N/A,16.3,3.281,133.4921429,7.907,981978.02,1010711.08,855385.01,968165.3733333334,890689.6266666666,1008008.895,2,8,1,2011,False,False,False,False,False,False,False,False,False,False,False,False,False,False,False,False,False,False,False,False,False,False,False,False,False,True,False,False,False,False,False,False,False,False,False,False,False,False,False,False,False,False,False,False,False,False,False,False,False,945643.17
26,2011-03-04,945643.17,N/A,14.31,3.437,133.6141429,7.907,910298.44,981978.02,1005669.58,967662.5133333333,907018.8183333334,999188.4616666666,3,9,1,2011,False,False,False,False,False,False,False,False,False,False,False,False,False,False,False,False,False,False,False,False,False,False,False,False,False,True,False,False,False,False,False,False,False,False,False,False,False,False,False,False,False,False,False,False,False,False,False,False,False,946614.55
26,2011-03-11,946614.55,N/A,28.13,3.6,133.7361429,7.907,945643.17,910298.44,963382.09,945973.21,929653.8116666666,982191.0558333335,3,10,1,2011,False,False,False,False,False,False,False,False,False,False,False,False,False,False,False,False,False,False,False,False,False,False,False,False,False,True,False,False,False,False,False,False,False,False,False,False,False,False,False,False,False,False,False,False,False,False,False,False,False,887426.12
26,2011-03-18,887426.12,N/A,31.76,3.634,133.8492258,7.907,946614.55,945643.17,903366.55,934185.3866666667,951175.3799999999,961341.1574999999,3,11,1,2011,False,False,False,False,False,False,False,False,False,False,False,False,False,False,False,False,False,False,False,False,False,False,False,False,False,True,False,False,False,False,False,False,False,False,False,False,False,False,False,False,False,False,False,False,False,False,False,False,False,866566.54
26,2011-03-25,866566.54,N/A,22.99,3.624,133.9587419,7.907,887426.12,946614.55,893613.0,926561.2799999999,947111.8966666666,904128.1283333334,3,12,1,2011,False,False,False,False,False,False,False,False,False,False,False,False,False,False,False,False,False,False,False,False,False,False,False,False,False,True,False,False,False,False,False,False,False,False,False,False,False,False,False,False,False,False,False,False,False,False,False,False,False,849231.61
26,2011-04-01,849231.61,N/A,22.99,3.638,134.0682581,7.818,866566.54,887426.12,1029849.2,900202.4033333333,923087.8066666666,903236.3158333333,4,13,2,2011,False,False,False,False,False,False,False,False,False,False,False,False,False,False,False,False,False,False,False,False,False,False,False,False,False,True,False,False,False,False,False,False,False,False,False,False,False,False,False,False,False,False,False,False,False,False,False,False,False,985229.81
26,2011-04-08,985229.81,N/A,29.09,3.72,134.1777742,7.818,849231.61,866566.54,1022293.81,867741.4233333333,900963.4050000001,895826.5158333333,4,14,2,2011,False,False,False,False,False,False,False,False,False,False,False,False,False,False,False,False,False,False,False,False,False,False,False,False,False,True,False,False,False,False,False,False,False,False,False,False,False,False,False,False,False,False,False,False,False,False,False,False,False,863266.12
26,2011-04-15,863266.12,N/A,39.46,3.823,134.2784667,7.818,985229.81,849231.61,905548.38,900342.6533333333,913451.9666666667,910235.3925,4,15,2,2011,False,False,False,False,False,False,False,False,False,False,False,False,False,False,False,False,False,False,False,False,False,False,False,False,False,True,False,False,False,False,False,False,False,False,False,False,False,False,False,False,False,False,False,False,False,False,False,False,False,921700.61
26,2011-04-22,921700.61,N/A,33.81,3.919,134.3571,7.818,863266.12,985229.81,881930.87,899242.5133333333,899722.4583333334,914688.1350000001,4,16,2,2011,False,False,False,False,False,False,False,False,False,False,False,False,False,False,False,False,False,False,False,False,False,False,False,False,False,True,False,False,False,False,False,False,False,False,False,False,False,False,False,False,False,False,False,False,False,False,False,False,False,873450.29
26,2011-04-29,873450.29,N/A,47.17,3.988,134.4357333,7.818,921700.61,863266.12,904503.85,923398.8466666667,895570.1350000001,923372.7575,4,17,2,2011,False,False,False,False,False,False,False,False,False,False,False,False,False,False,False,False,False,False,False,False,False,False,False,False,False,True,False,False,False,False,False,False,False,False,False,False,False,False,False,False,False,False,False,False,False,False,False,False,False,1024778.23
26,2011-05-06,1024778.23,N/A,45.0,4.078,134.5143667,7.818,873450.29,921700.61,1074479.73,886139.0066666667,893240.8300000001,920176.3633333333,5,18,2,2011,False,False,False,False,False,False,False,False,False,False,False,False,False,False,False,False,False,False,False,False,False,False,False,False,False,True,False,False,False,False,False,False,False,False,False,False,False,False,False,False,False,False,False,False,False,False,False,False,False,941008.85
26,2011-05-13,941008.85,N/A,48.2,4.095,134.593,7.818,1024778.23,873450.29,972663.59,939976.3766666666,919609.445,921348.6258333334,5,19,2,2011,False,False,False,False,False,False,False,False,False,False,False,False,False,False,False,False,False,False,False,False,False,False,False,False,False,True,False,False,False,False,False,False,False,False,False,False,False,False,False,False,False,False,False,False,False,False,False,False,False,938334.62
26,2011-05-20,938334.62,N/A,48.86,4.101,134.6803871,7.818,941008.85,1024778.23,986765.01,946412.4566666667,934905.6516666667,917934.5283333333,5,20,2,2011,False,False,False,False,False,False,False,False,False,False,False,False,False,False,False,False,False,False,False,False,False,False,False,False,False,True,False,False,False,False,False,False,False,False,False,False,False,False,False,False,False,False,False,False,False,False,False,False,False,996723.58
26,2011-05-27,996723.58,N/A,56.74,4.034,134.7677742,7.818,938334.62,941008.85,1069851.59,968040.5666666668,927089.7866666667,920270.8766666666,5,21,2,2011,False,False,False,False,False,False,False,False,False,False,False,False,False,False,False,False,False,False,False,False,False,False,False,False,False,True,False,False,False,False,False,False,False,False,False,False,False,False,False,False,False,False,False,False,False,False,False,False,False,1054454.4
26,2011-06-03,1054454.4,N/A,60.49,3.973,134.8551613,7.818,996723.58,938334.62,1003202.66,958689.0166666666,949332.6966666667,924527.5775,6,22,2,2011,False,False,False,False,False,False,False,False,False,False,False,False,False,False,False,False,False,False,False,False,False,False,False,False,False,True,False,False,False,False,False,False,False,False,False,False,False,False,False,False,False,False,False,False,False,False,False,False,False,1094058.68
26,2011-06-10,1094058.68,N/A,59.85,3.924,134.9425484,7.818,1054454.4,996723.58,1073862.59,996504.1999999998,971458.3283333333,933514.2316666668,6,23,2,2011,False,False,False,False,False,False,False,False,False,False,False,False,False,False,False,False,False,False,False,False,False,False,False,False,False,True,False,False,False,False,False,False,False,False,False,False,False,False,False,False,False,False,False,False,False,False,False,False,False,981646.46
26,2011-06-17,981646.46,N/A,54.5,3.873,135.0837333,7.818,1094058.68,1054454.4,1001286.67,1048412.2199999999,1008226.3933333332,950733.6116666667,6,24,2,2011,False,False,False,False,False,False,False,False,False,False,False,False,False,False,False,False,False,False,False,False,False,False,False,False,False,True,False,False,False,False,False,False,False,False,False,False,False,False,False,False,False,False,False,False,False,False,False,False,False,997474.93
26,2011-06-24,997474.93,N/A,56.94,3.851,135.2652667,7.818,981646.46,1094058.68,976242.09,1043386.5133333333,1001037.765,960323.605,6,25,2,2011,False,False,False,False,False,False,False,False,False,False,False,False,False,False,False,False,False,False,False,False,False,False,False,False,False,True,False,False,False,False,False,False,False,False,False,False,False,False,False,False,False,False,False,False,False,False,False,False,False,1070119.09
26,2011-07-01,1070119.09,N/A,59.89,3.815,135.4468,7.767,997474.93,981646.46,1078455.48,1024393.3566666666,1010448.7783333333,972677.215,7,26,3,2011,False,False,False,False,False,False,False,False,False,False,False,False,False,False,False,False,False,False,False,False,False,False,False,False,False,True,False,False,False,False,False,False,False,False,False,False,False,False,False,False,False,False,False,False,False,False,False,False,False,1133807.03
26,2011-07-08,1133807.03,N/A,63.34,3.784,135.6283333,7.767,1070119.09,997474.93,1122356.53,1016413.4933333335,1032412.8566666666,979751.3216666667,7,27,3,2011,False,False,False,False,False,False,False,False,False,False,False,False,False,False,False,False,False,False,False,False,False,False,False,False,False,True,False,False,False,False,False,False,False,False,False,False,False,False,False,False,False,False,False,False,False,False,False,False,False,1021534.7
26,2011-07-15,1021534.7,N/A,64.43,3.827,135.7837419,7.767,1133807.03,1070119.09,1028151.72,1067133.6833333333,1055260.0983333334,1002296.3975,7,28,3,2011,False,False,False,False,False,False,False,False,False,False,False,False,False,False,False,False,False,False,False,False,False,False,False,False,False,True,False,False,False,False,False,False,False,False,False,False,False,False,False,False,False,False,False,False,False,False,False,False,False,1017867.8
26,2011-07-22,1017867.8,N/A,69.52,3.882,135.8738387,7.767,1021534.7,1133807.03,971615.62,1075153.6066666667,1049773.4816666667,1010615.9049999999,7,29,3,2011,False,False,False,False,False,False,False,False,False,False,False,False,False,False,False,False,False,False,False,False,False,False,False,False,False,True,False,False,False,False,False,False,False,False,False,False,False,False,False,False,False,False,False,False,False,False,False,False,False,1005360.5
26,2011-07-29,1005360.5,N/A,63.32,3.898,135.9639355,7.767,1017867.8,1021534.7,1005324.28,1057736.51,1037075.0016666668,1022650.6975000001,7,30,3,2011,False,False,False,False,False,False,False,False,False,False,False,False,False,False,False,False,False,False,False,False,False,False,False,False,False,True,False,False,False,False,False,False,False,False,False,False,False,False,False,False,False,False,False,False,False,False,False,False,False,1107552.43
26,2011-08-05,1107552.43,N/A,63.16,3.903,136.0540323,7.767,1005360.5,1017867.8,1125329.77,1014921.0,1041027.3416666668,1021032.5533333333,8,31,3,2011,False,False,False,False,False,False,False,False,False,False,False,False,False,False,False,False,False,False,False,False,False,False,False,False,False,True,False,False,False,False,False,False,False,False,False,False,False,False,False,False,False,False,False,False,False,False,False,False,False,1087644.5
26,2011-08-12,1087644.5,N/A,62.99,3.88,136.144129,7.767,1107552.43,1005360.5,1011938.29,1043593.5766666668,1059373.5916666666,1034911.185,8,32,3,2011,False,False,False,False,False,False,False,False,False,False,False,False,False,False,False,False,False,False,False,False,False,False,False,False,False,True,False,False,False,False,False,False,False,False,False,False,False,False,False,False,False,False,False,False,False,False,False,False,False,1021766.75
26,2011-08-19,1021766.75,N/A,60.58,3.82,136.183129,7.767,1087644.5,1107552.43,1007385.36,1066852.4766666668,1062294.4933333334,1047353.6749999999,8,33,3,2011,False,False,False,False,False,False,False,False,False,False,False,False,False,False,False,False,False,False,False,False,False,False,False,False,False,True,False,False,False,False,False,False,False,False,False,False,False,False,False,False,False,False,False,False,False,False,False,False,False,1064617.62
26,2011-08-26,1064617.62,N/A,61.1,3.796,136.2136129,7.767,1021766.75,1087644.5,977322.52,1072321.2266666668,1043621.1133333333,1049440.6058333332,8,34,3,2011,False,False,False,False,False,False,False,False,False,False,False,False,False,False,False,False,False,False,False,False,False,False,False,False,False,True,False,False,False,False,False,False,False,False,False,False,False,False,False,False,False,False,False,False,False,False,False,False,False,1040143.14
26,2011-09-02,1040143.14,N/A,59.67,3.784,136.2440968,7.767,1064617.62,1021766.75,1037549.71,1058009.6233333333,1050801.6,1050287.5408333335,9,35,3,2011,False,False,False,False,False,False,False,False,False,False,False,False,False,False,False,False,False,False,False,False,False,False,False,False,False,True,False,False,False,False,False,False,False,False,False,False,False,False,False,False,False,False,False,False,False,False,False,False,False,1069710.97
26,2011-09-09,1069710.97,Labor Day,60.98,3.809,136.2745806,7.767,1040143.14,1064617.62,1042226.3,1042175.8366666668,1054514.1566666665,1045794.5791666666,9,36,3,2011,False,False,False,False,False,False,False,False,False,False,False,False,False,False,False,False,False,False,False,False,False,False,False,False,False,True,False,False,False,False,False,False,False,False,False,False,False,False,False,False,False,False,False,False,False,False,False,True,False,951569.84
26,2011-09-16,951569.84,N/A,55.19,3.809,136.3145,7.767,1069710.97,1040143.14,923473.7,1058157.2433333334,1065239.235,1053133.2883333333,9,37,3,2011,False,False,False,False,False,False,False,False,False,False,False,False,False,False,False,False,False,False,False,False,False,False,False,False,False,True,False,False,False,False,False,False,False,False,False,False,False,False,False,False,False,False,False,False,False,False,False,False,False,923644.6
26,2011-09-23,923644.6,N/A,50.72,3.758,136.367,7.767,951569.84,1069710.97,868636.3,1020474.65,1039242.1366666667,1049307.8641666668,9,38,3,2011,False,False,False,False,False,False,False,False,False,False,False,False,False,False,False,False,False,False,False,False,False,False,False,False,False,True,False,False,False,False,False,False,False,False,False,False,False,False,False,False,False,False,False,False,False,False,False,False,False,959339.51
26,2011-09-30,959339.51,N/A,59.42,3.684,136.4195,7.767,923644.6,951569.84,923221.52,981641.8033333333,1011908.82,1037101.6566666667,9,39,3,2011,False,False,False,False,False,False,False,False,False,False,False,False,False,False,False,False,False,False,False,False,False,False,False,False,False,True,False,False,False,False,False,False,False,False,False,False,False,False,False,False,False,False,False,False,False,False,False,False,False,1130022.99
26,2011-10-07,1130022.99,N/A,46.84,3.633,136.472,7.598,959339.51,923644.6,1001069.52,944851.3166666668,1001504.2799999999,1022562.6966666667,10,40,4,2011,False,False,False,False,False,False,False,False,False,False,False,False,False,False,False,False,False,False,False,False,False,False,False,False,False,True,False,False,False,False,False,False,False,False,False,False,False,False,False,False,False,False,False,False,False,False,False,False,False,987886.08
26,2011-10-14,987886.08,N/A,53.91,3.583,136.5150968,7.598,1130022.99,959339.51,937956.89,1004335.7000000002,1012405.1749999999,1031603.3875000001,10,41,4,2011,False,False,False,False,False,False,False,False,False,False,False,False,False,False,False,False,False,False,False,False,False,False,False,False,False,True,False,False,False,False,False,False,False,False,False,False,False,False,False,False,False,False,False,False,False,False,False,False,False,974907.28
26,2011-10-21,974907.28,N/A,45.23,3.618,136.5017742,7.598,987886.08,1130022.99,916522.66,1025749.5266666668,1003695.665,1029104.9108333333,10,42,4,2011,False,False,False,False,False,False,False,False,False,False,False,False,False,False,False,False,False,False,False,False,False,False,False,False,False,True,False,False,False,False,False,False,False,False,False,False,False,False,False,False,False,False,False,False,False,False,False,False,False,972256.98
27,2011-02-04,1628100.79,N/A,28.7,3.4,137.0542431,7.827,1421111.55,1517029.9,1874289.79,1490150.0233333332,1759622.4383333335,1924384.7566666668,2,5,1,2011,False,False,False,False,False,False,False,False,False,False,False,False,False,False,False,False,False,False,False,False,False,False,False,False,False,False,True,False,False,False,False,False,False,False,False,False,False,False,False,False,False,False,False,False,False,False,False,False,False,1636224.77
27,2011-02-11,1636224.77,Super Bowl,30.45,3.416,137.1378318,7.827,1628100.79,1421111.55,1745362.72,1522080.7466666664,1517945.5566666666,1907725.635,2,6,1,2011,False,False,False,False,False,False,False,False,False,False,False,False,False,False,False,False,False,False,False,False,False,False,False,False,False,False,True,False,False,False,False,False,False,False,False,False,False,False,False,False,False,False,False,False,False,False,False,False,True,1709365.19
27,2011-02-18,1709365.19,N/A,39.32,3.42,137.2511849,7.827,1636224.77,1628100.79,1945070.33,1561812.3699999999,1550489.1849999998,1902012.2208333332,2,7,1,2011,False,False,False,False,False,False,False,False,False,False,False,False,False,False,False,False,False,False,False,False,False,False,False,False,False,False,True,False,False,False,False,False,False,False,False,False,False,False,False,False,False,False,False,False,False,False,False,False,False,1688935.71
27,2011-02-25,1688935.71,N/A,33.05,3.452,137.3764439,7.827,1709365.19,1636224.77,1390934.27,1657896.9166666667,1574023.47,1825466.7575,2,8,1,2011,False,False,False,False,False,False,False,False,False,False,False,False,False,False,False,False,False,False,False,False,False,False,False,False,False,False,True,False,False,False,False,False,False,False,False,False,False,False,False,False,False,False,False,False,False,False,False,False,False,1656130.67
27,2011-03-04,1656130.67,N/A,36.99,3.605,137.5017028,7.827,1688935.71,1709365.19,1313729.72,1678175.2233333334,1600127.985,1809182.7608333335,3,9,1,2011,False,False,False,False,False,False,False,False,False,False,False,False,False,False,False,False,False,False,False,False,False,False,False,False,False,False,True,False,False,False,False,False,False,False,False,False,False,False,False,False,False,False,False,False,False,False,False,False,False,1613259.77
27,2011-03-11,1613259.77,N/A,43.64,3.752,137.6269617,7.827,1656130.67,1688935.71,1925113.12,1684810.5233333332,1623311.4466666665,1768882.51,3,10,1,2011,False,False,False,False,False,False,False,False,False,False,False,False,False,False,False,False,False,False,False,False,False,False,False,False,False,False,True,False,False,False,False,False,False,False,False,False,False,False,False,False,False,False,False,False,False,False,False,False,False,1624539.21
27,2011-03-18,1624539.21,N/A,46.65,3.796,137.7398929,7.827,1613259.77,1656130.67,1700627.97,1652775.383333333,1655336.1500000001,1707479.2941666665,3,11,1,2011,False,False,False,False,False,False,False,False,False,False,False,False,False,False,False,False,False,False,False,False,False,False,False,False,False,False,True,False,False,False,False,False,False,False,False,False,False,False,False,False,False,False,False,False,False,False,False,False,False,1554651.08
27,2011-03-25,1554651.08,N/A,40.11,3.789,137.8478929,7.827,1624539.21,1613259.77,1836714.84,1631309.883333333,1654742.5533333335,1586344.055,3,12,1,2011,False,False,False,False,False,False,False,False,False,False,False,False,False,False,False,False,False,False,False,False,False,False,False,False,False,False,True,False,False,False,False,False,False,False,False,False,False,False,False,False,False,False,False,False,False,False,False,False,False,1628868.28
27,2011-04-01,1628868.28,N/A,37.27,3.811,137.9558929,7.725,1554651.08,1624539.21,2053952.97,1597483.3533333333,1641146.9383333332,1595818.0616666665,4,13,2,2011,False,False,False,False,False,False,False,False,False,False,False,False,False,False,False,False,False,False,False,False,False,False,False,False,False,False,True,False,False,False,False,False,False,False,False,False,False,False,False,False,False,False,False,False,False,False,False,False,False,1689844.18
27,2011-04-08,1689844.18,N/A,46.87,3.895,138.0638929,7.725,1628868.28,1554651.08,1955814.13,1602686.1899999997,1627730.7866666669,1600877.1283333332,4,14,2,2011,False,False,False,False,False,False,False,False,False,False,False,False,False,False,False,False,False,False,False,False,False,False,False,False,False,False,True,False,False,False,False,False,False,False,False,False,False,False,False,False,False,False,False,False,False,False,False,False,False,1727175.61
27,2011-04-15,1727175.61,N/A,52.24,3.981,138.1646952,7.725,1689844.18,1628868.28,1857500.96,1624454.513333333,1627882.1983333332,1614005.0916666666,4,15,2,2011,False,False,False,False,False,False,False,False,False,False,False,False,False,False,False,False,False,False,False,False,False,False,False,False,False,False,True,False,False,False,False,False,False,False,False,False,False,False,False,False,False,False,False,False,False,False,False,False,False,1921655.48
27,2011-04-22,1921655.48,N/A,50.02,4.061,138.2475036,7.725,1727175.61,1689844.18,1850205.47,1681962.6899999997,1639723.0216666667,1631517.2341666666,4,16,2,2011,False,False,False,False,False,False,False,False,False,False,False,False,False,False,False,False,False,False,False,False,False,False,False,False,False,False,True,False,False,False,False,False,False,False,False,False,False,False,False,False,False,False,False,False,False,False,False,False,False,1642074.64
27,2011-04-29,1642074.64,N/A,61.71,4.117,138.3303119,7.725,1921655.48,1727175.61,1805885.04,1779558.423333333,1691122.3066666666,1673229.2283333333,4,17,2,2011,False,False,False,False,False,False,False,False,False,False,False,False,False,False,False,False,False,False,False,False,False,False,False,False,False,False,True,False,False,False,False,False,False,False,False,False,False,False,False,False,False,False,False,False,False,False,False,False,False,1757041.96
27,2011-05-06,1757041.96,N/A,56.48,4.192,138.4131202,7.725,1642074.64,1921655.48,1939458.84,1763635.2433333332,1694044.8783333336,1674393.7158333333,5,18,2,2011,False,False,False,False,False,False,False,False,False,False,False,False,False,False,False,False,False,False,False,False,False,False,False,False,False,False,True,False,False,False,False,False,False,False,False,False,False,False,False,False,False,False,False,False,False,False,False,False,False,1763545.32
27,2011-05-13,1763545.32,N/A,60.07,4.211,138.4959286,7.725,1757041.96,1642074.64,1842465.78,1773590.6933333331,1727776.6916666667,1684461.8150000002,5,19,2,2011,False,False,False,False,False,False,False,False,False,False,False,False,False,False,False,False,False,False,False,False,False,False,False,False,False,False,True,False,False,False,False,False,False,False,False,False,False,False,False,False,False,False,False,False,False,False,False,False,False,1725268.56
27,2011-05-20,1725268.56,N/A,60.22,4.202,138.587106,7.725,1763545.32,1757041.96,1836595.58,1720887.3066666666,1750222.865,1688976.8258333334,5,20,2,2011,False,False,False,False,False,False,False,False,False,False,False,False,False,False,False,False,False,False,False,False,False,False,False,False,False,False,True,False,False,False,False,False,False,False,False,False,False,False,False,False,False,False,False,False,False,False,False,False,False,1820723.17
27,2011-05-27,1820723.17,N/A,66.43,4.134,138.6782834,7.725,1725268.56,1763545.32,1962468.67,1748618.6133333333,1756126.9283333335,1692004.5633333332,5,21,2,2011,False,False,False,False,False,False,False,False,False,False,False,False,False,False,False,False,False,False,False,False,False,False,False,False,False,False,True,False,False,False,False,False,False,False,False,False,False,False,False,False,False,False,False,False,False,False,False,False,False,2053708.01
27,2011-06-03,2053708.01,N/A,74.17,4.069,138.7694608,7.725,1820723.17,1725268.56,2073102.59,1769845.6833333333,1771718.1883333335,1705720.6050000002,6,22,2,2011,False,False,False,False,False,False,False,False,False,False,False,False,False,False,False,False,False,False,False,False,False,False,False,False,False,False,True,False,False,False,False,False,False,False,False,False,False,False,False,False,False,False,False,False,False,False,False,False,False,1817914.71
27,2011-06-10,1817914.71,N/A,73.26,4.025,138.8606382,7.725,2053708.01,1820723.17,1873812.93,1866566.5799999998,1793726.9433333334,1742424.625,6,23,2,2011,False,False,False,False,False,False,False,False,False,False,False,False,False,False,False,False,False,False,False,False,False,False,False,False,False,False,True,False,False,False,False,False,False,False,False,False,False,False,False,False,False,False,False,False,False,False,False,False,False,1814740.09
27,2011-06-17,1814740.09,N/A,67.03,3.989,139.0028333,7.725,1817914.71,2053708.01,1887182.27,1897448.63,1823033.6216666664,1758539.25,6,24,2,2011,False,False,False,False,False,False,False,False,False,False,False,False,False,False,False,False,False,False,False,False,False,False,False,False,False,False,True,False,False,False,False,False,False,False,False,False,False,False,False,False,False,False,False,False,False,False,False,False,False,1811455.15
27,2011-06-24,1811455.15,N/A,72.02,3.964,139.1832917,7.725,1814740.09,1817914.71,1962625.01,1895454.2699999998,1832649.9766666666,1780213.3341666667,6,25,2,2011,False,False,False,False,False,False,False,False,False,False,False,False,False,False,False,False,False,False,False,False,False,False,False,False,False,False,True,False,False,False,False,False,False,False,False,False,False,False,False,False,False,False,False,False,False,False,False,False,False,1949983.93
27,2011-07-01,1949983.93,N/A,73.76,3.916,139.36375,7.85,1811455.15,1814740.09,2024554.1,1814703.3166666664,1840634.9483333332,1795428.9066666665,7,26,3,2011,False,False,False,False,False,False,False,False,False,False,False,False,False,False,False,False,False,False,False,False,False,False,False,False,False,False,True,False,False,False,False,False,False,False,False,False,False,False,False,False,False,False,False,False,False,False,False,False,False,2000055.27
27,2011-07-08,2000055.27,N/A,76.87,3.886,139.5442083,7.85,1949983.93,1811455.15,2119163.01,1858726.39,1878087.5099999998,1817107.2191666665,7,27,3,2011,False,False,False,False,False,False,False,False,False,False,False,False,False,False,False,False,False,False,False,False,False,False,False,False,False,False,True,False,False,False,False,False,False,False,False,False,False,False,False,False,False,False,False,False,False,False,False,False,False,1762155.79
27,2011-07-15,1762155.79,N/A,77.83,3.915,139.7006325,7.85,2000055.27,1949983.93,1880691.64,1920498.1166666665,1907976.1933333334,1839847.1908333336,7,28,3,2011,False,False,False,False,False,False,False,False,False,False,False,False,False,False,False,False,False,False,False,False,False,False,False,False,False,False,True,False,False,False,False,False,False,False,False,False,False,False,False,False,False,False,False,False,False,False,False,False,False,1754879.45
27,2011-07-22,1754879.45,N/A,82.28,3.972,139.7969712,7.85,1762155.79,2000055.27,1808250.71,1904064.9966666664,1859384.1566666665,1826555.55,7,29,3,2011,False,False,False,False,False,False,False,False,False,False,False,False,False,False,False,False,False,False,False,False,False,False,False,False,False,False,True,False,False,False,False,False,False,False,False,False,False,False,False,False,False,False,False,False,False,False,False,False,False,1744879.06
27,2011-07-29,1744879.06,N/A,79.41,4.004,139.8933099,7.85,1754879.45,1762155.79,1816489.53,1839030.17,1848878.28,1835955.9508333334,7,30,3,2011,False,False,False,False,False,False,False,False,False,False,False,False,False,False,False,False,False,False,False,False,False,False,False,False,False,False,True,False,False,False,False,False,False,False,False,False,False,False,False,False,False,False,False,False,False,False,False,False,False,1747289.53
27,2011-08-05,1747289.53,N/A,78.14,4.02,139.9896486,7.85,1744879.06,1754879.45,1908036.68,1753971.4333333329,1837234.7750000001,1834942.3758333332,8,31,3,2011,False,False,False,False,False,False,False,False,False,False,False,False,False,False,False,False,False,False,False,False,False,False,False,False,False,False,True,False,False,False,False,False,False,False,False,False,False,False,False,False,False,False,False,False,False,False,False,False,False,1758437.96
27,2011-08-12,1758437.96,N/A,76.67,3.995,140.0859873,7.85,1747289.53,1744879.06,1864436.12,1749016.013333333,1826540.5050000001,1833587.7266666666,8,32,3,2011,False,False,False,False,False,False,False,False,False,False,False,False,False,False,False,False,False,False,False,False,False,False,False,False,False,False,True,False,False,False,False,False,False,False,False,False,False,False,False,False,False,False,False,False,False,False,False,False,False,1781905.24
27,2011-08-19,1781905.24,N/A,72.97,3.942,140.1289205,7.85,1758437.96,1747289.53,1936878.46,1750202.1833333333,1794616.1766666668,1836351.8433333335,8,33,3,2011,False,False,False,False,False,False,False,False,False,False,False,False,False,False,False,False,False,False,False,False,False,False,False,False,False,False,True,False,False,False,False,False,False,False,False,False,False,False,False,False,False,False,False,False,False,False,False,False,False,2034400.78
27,2011-08-26,2034400.78,N/A,72.88,3.906,140.1629528,7.85,1781905.24,1758437.96,1870684.21,1762544.2433333332,1758257.8383333331,1833117.0158333331,8,34,3,2011,False,False,False,False,False,False,False,False,False,False,False,False,False,False,False,False,False,False,False,False,False,False,False,False,False,False,True,False,False,False,False,False,False,False,False,False,False,False,False,False,False,False,False,False,False,False,False,False,False,1511717.53
27,2011-09-02,1511717.53,N/A,71.44,3.879,140.196985,7.85,2034400.78,1781905.24,1908110.9,1858247.9933333332,1803632.0033333332,1831508.08,9,35,3,2011,False,False,False,False,False,False,False,False,False,False,False,False,False,False,False,False,False,False,False,False,False,False,False,False,False,False,True,False,False,False,False,False,False,False,False,False,False,False,False,False,False,False,False,False,False,False,False,False,False,1911470.84
27,2011-09-09,1911470.84,Labor Day,70.93,3.93,140.2310173,7.85,1511717.53,2034400.78,1913494.81,1776007.8499999996,1763105.0166666668,1805991.6483333334,9,36,3,2011,False,False,False,False,False,False,False,False,False,False,False,False,False,False,False,False,False,False,False,False,False,False,False,False,False,False,True,False,False,False,False,False,False,False,False,False,False,False,False,False,False,False,False,False,False,False,False,True,False,1613773.9
27,2011-09-16,1613773.9,N/A,69.65,3.937,140.2735,7.85,1911470.84,1511717.53,1629978.46,1819196.383333333,1790870.3133333335,1814052.5441666667,9,37,3,2011,False,False,False,False,False,False,False,False,False,False,False,False,False,False,False,False,False,False,False,False,False,False,False,False,False,False,True,False,False,False,False,False,False,False,False,False,False,False,False,False,False,False,False,False,False,False,False,False,False,1606208.68
27,2011-09-23,1606208.68,N/A,63.61,3.899,140.32725,7.85,1613773.9,1911470.84,1597002.71,1678987.423333333,1768617.7083333333,1797579.1066666667,9,38,3,2011,False,False,False,False,False,False,False,False,False,False,False,False,False,False,False,False,False,False,False,False,False,False,False,False,False,False,True,False,False,False,False,False,False,False,False,False,False,False,False,False,False,False,False,False,False,False,False,False,False,1599626.26
27,2011-09-30,1599626.26,N/A,70.92,3.858,140.381,7.85,1606208.68,1613773.9,1543532.83,1710484.4733333334,1743246.1616666669,1768931.1691666667,9,39,3,2011,False,False,False,False,False,False,False,False,False,False,False,False,False,False,False,False,False,False,False,False,False,False,False,False,False,False,True,False,False,False,False,False,False,False,False,False,False,False,False,False,False,False,False,False,False,False,False,False,False,1672339.27
27,2011-10-07,1672339.27,N/A,56.91,3.775,140.43475,7.906,1599626.26,1606208.68,1707662.87,1606536.28,1712866.3316666668,1735562.085,10,40,4,2011,False,False,False,False,False,False,False,False,False,False,False,False,False,False,False,False,False,False,False,False,False,False,False,False,False,False,True,False,False,False,False,False,False,False,False,False,False,False,False,False,False,False,False,False,False,False,False,False,False,1682652.51
27,2011-10-14,1682652.51,N/A,64.78,3.744,140.4784194,7.906,1672339.27,1599626.26,1728388.2,1626058.0699999996,1652522.7466666668,1728077.375,10,41,4,2011,False,False,False,False,False,False,False,False,False,False,False,False,False,False,False,False,False,False,False,False,False,False,False,False,False,False,True,False,False,False,False,False,False,False,False,False,False,False,False,False,False,False,False,False,False,False,False,False,False,1689591.44
27,2011-10-21,1689591.44,N/A,59.62,3.757,140.4616048,7.906,1682652.51,1672339.27,1693935.29,1651539.3466666664,1681011.9100000001,1722058.4633333331,10,42,4,2011,False,False,False,False,False,False,False,False,False,False,False,False,False,False,False,False,False,False,False,False,False,False,False,False,False,False,True,False,False,False,False,False,False,False,False,False,False,False,False,False,False,False,False,False,False,False,False,False,False,1710372.4
28,2011-02-04,1564897.32,N/A,45.14,3.348,127.7195806,14.021,1127859.69,1079669.11,1672352.29,1101938.47,1304217.14,1386053.0758333334,2,5,1,2011,False,False,False,False,False,False,False,False,False,False,False,False,False,False,False,False,False,False,False,False,False,False,False,False,False,False,False,True,False,False,False,False,False,False,False,False,False,False,False,False,False,False,False,False,False,False,False,False,False,1397301.38
28,2011-02-11,1397301.38,Super Bowl,51.3,3.381,127.859129,14.021,1564897.32,1127859.69,1558968.49,1257475.3733333333,1227362.2950000002,1410922.8150000002,2,6,1,2011,False,False,False,False,False,False,False,False,False,False,False,False,False,False,False,False,False,False,False,False,False,False,False,False,False,False,False,True,False,False,False,False,False,False,False,False,False,False,False,False,False,False,False,False,False,False,False,False,True,1514828.82
28,2011-02-18,1514828.82,N/A,53.35,3.43,127.99525,14.021,1397301.38,1564897.32,1491300.42,1363352.7966666666,1278486.0966666667,1429088.2866666664,2,7,1,2011,False,False,False,False,False,False,False,False,False,False,False,False,False,False,False,False,False,False,False,False,False,False,False,False,False,False,False,True,False,False,False,False,False,False,False,False,False,False,False,False,False,False,False,False,False,False,False,False,False,1311796.91
28,2011-02-25,1311796.91,N/A,48.45,3.53,128.13,14.021,1514828.82,1397301.38,1542173.33,1492342.5066666668,1297140.4883333335,1393904.5633333332,2,8,1,2011,False,False,False,False,False,False,False,False,False,False,False,False,False,False,False,False,False,False,False,False,False,False,False,False,False,False,False,True,False,False,False,False,False,False,False,False,False,False,False,False,False,False,False,False,False,False,False,False,False,1723736.91
28,2011-03-04,1723736.91,N/A,51.72,3.674,128.26475,14.021,1311796.91,1514828.82,1608435.45,1407975.7033333331,1332725.5383333333,1382561.2816666667,3,9,1,2011,False,False,False,False,False,False,False,False,False,False,False,False,False,False,False,False,False,False,False,False,False,False,False,False,False,False,False,True,False,False,False,False,False,False,False,False,False,False,False,False,False,False,False,False,False,False,False,False,False,1380836.35
28,2011-03-11,1380836.35,N/A,57.75,3.818,128.3995,14.021,1723736.91,1311796.91,1326877.11,1516787.5466666666,1440070.1716666666,1404025.6500000001,3,10,1,2011,False,False,False,False,False,False,False,False,False,False,False,False,False,False,False,False,False,False,False,False,False,False,False,False,False,False,False,True,False,False,False,False,False,False,False,False,False,False,False,False,False,False,False,False,False,False,False,False,False,1286413.71
28,2011-03-18,1286413.71,N/A,64.21,3.692,128.5121935,14.021,1380836.35,1723736.91,1279819.43,1472123.39,1482232.9483333332,1393225.0441666667,3,11,1,2011,False,False,False,False,False,False,False,False,False,False,False,False,False,False,False,False,False,False,False,False,False,False,False,False,False,False,False,True,False,False,False,False,False,False,False,False,False,False,False,False,False,False,False,False,False,False,False,False,False,1201059.72
28,2011-03-25,1201059.72,N/A,54.4,3.909,128.6160645,14.021,1286413.71,1380836.35,1245268.77,1463662.3233333332,1435819.0133333334,1331590.6541666666,3,12,1,2011,False,False,False,False,False,False,False,False,False,False,False,False,False,False,False,False,False,False,False,False,False,False,False,False,False,False,False,True,False,False,False,False,False,False,False,False,False,False,False,False,False,False,False,False,False,False,False,False,False,1336838.41
28,2011-04-01,1336838.41,N/A,63.63,3.772,128.7199355,13.736,1201059.72,1286413.71,1441559.4,1289436.5933333333,1403112.07,1340799.0833333333,4,13,2,2011,False,False,False,False,False,False,False,False,False,False,False,False,False,False,False,False,False,False,False,False,False,False,False,False,False,False,False,True,False,False,False,False,False,False,False,False,False,False,False,False,False,False,False,False,False,False,False,False,False,1414713.5
28,2011-04-08,1414713.5,N/A,64.47,4.003,128.8238065,13.736,1336838.41,1201059.72,1382359.21,1274770.6133333333,1373447.0016666667,1335293.7449999999,4,14,2,2011,False,False,False,False,False,False,False,False,False,False,False,False,False,False,False,False,False,False,False,False,False,False,False,False,False,False,False,True,False,False,False,False,False,False,False,False,False,False,False,False,False,False,False,False,False,False,False,False,False,1240126.07
28,2011-04-15,1240126.07,N/A,57.63,3.868,128.9107333,13.736,1414713.5,1336838.41,1268240.66,1317537.21,1390599.7666666666,1361662.6525,4,15,2,2011,False,False,False,False,False,False,False,False,False,False,False,False,False,False,False,False,False,False,False,False,False,False,False,False,False,False,False,True,False,False,False,False,False,False,False,False,False,False,False,False,False,False,False,False,False,False,False,False,False,1297452.0
28,2011-04-22,1297452.0,N/A,72.12,4.134,128.9553,13.736,1240126.07,1414713.5,1244177.21,1330559.3266666667,1309997.96,1375034.0658333334,4,16,2,2011,False,False,False,False,False,False,False,False,False,False,False,False,False,False,False,False,False,False,False,False,False,False,False,False,False,False,False,True,False,False,False,False,False,False,False,False,False,False,False,False,False,False,False,False,False,False,False,False,False,1222367.9
28,2011-04-29,1222367.9,N/A,68.27,4.151,128.9998667,13.736,1297452.0,1240126.07,1186971.02,1317430.5233333334,1296100.5683333334,1389166.7583333333,4,17,2,2011,False,False,False,False,False,False,False,False,False,False,False,False,False,False,False,False,False,False,False,False,False,False,False,False,False,False,False,True,False,False,False,False,False,False,False,False,False,False,False,False,False,False,False,False,False,False,False,False,False,1515890.38
28,2011-05-06,1515890.38,N/A,68.4,4.193,129.0444333,13.736,1222367.9,1297452.0,1532893.22,1253315.3233333335,1285426.2666666666,1360622.64,5,18,2,2011,False,False,False,False,False,False,False,False,False,False,False,False,False,False,False,False,False,False,False,False,False,False,False,False,False,False,False,True,False,False,False,False,False,False,False,False,False,False,False,False,False,False,False,False,False,False,False,False,False,1253316.3
28,2011-05-13,1253316.3,N/A,70.93,4.202,129.089,13.736,1515890.38,1222367.9,1245898.73,1345236.76,1337898.0433333332,1370505.0566666666,5,19,2,2011,False,False,False,False,False,False,False,False,False,False,False,False,False,False,False,False,False,False,False,False,False,False,False,False,False,False,False,True,False,False,False,False,False,False,False,False,False,False,False,False,False,False,False,False,False,False,False,False,False,1151282.31
28,2011-05-20,1151282.31,N/A,66.59,4.169,129.0756774,13.736,1253316.3,1515890.38,1217923.71,1330524.86,1323977.6916666667,1348712.3466666667,5,20,2,2011,False,False,False,False,False,False,False,False,False,False,False,False,False,False,False,False,False,False,False,False,False,False,False,False,False,False,False,True,False,False,False,False,False,False,False,False,False,False,False,False,False,False,False,False,False,False,False,False,False,1160043.98
28,2011-05-27,1160043.98,N/A,76.67,4.087,129.0623548,13.736,1151282.31,1253316.3,1176588.25,1306829.6633333333,1280072.4933333334,1335336.13,5,21,2,2011,False,False,False,False,False,False,False,False,False,False,False,False,False,False,False,False,False,False,False,False,False,False,False,False,False,False,False,True,False,False,False,False,False,False,False,False,False,False,False,False,False,False,False,False,False,False,False,False,False,1403779.25
28,2011-06-03,1403779.25,N/A,71.81,4.031,129.0490323,13.736,1160043.98,1151282.31,1543678.02,1188214.1966666665,1266725.4783333333,1288361.7191666665,6,22,2,2011,False,False,False,False,False,False,False,False,False,False,False,False,False,False,False,False,False,False,False,False,False,False,False,False,False,False,False,True,False,False,False,False,False,False,False,False,False,False,False,False,False,False,False,False,False,False,False,False,False,1339972.83
28,2011-06-10,1339972.83,N/A,78.72,3.981,129.0357097,13.736,1403779.25,1160043.98,1348995.17,1238368.5133333334,1284446.6866666665,1290273.6275,6,23,2,2011,False,False,False,False,False,False,False,False,False,False,False,False,False,False,False,False,False,False,False,False,False,False,False,False,False,False,False,True,False,False,False,False,False,False,False,False,False,False,False,False,False,False,False,False,False,False,False,False,False,1268503.49
28,2011-06-17,1268503.49,N/A,86.84,3.935,129.0432,13.736,1339972.83,1403779.25,1267619.06,1301265.3533333333,1304047.5083333333,1294736.8875,6,24,2,2011,False,False,False,False,False,False,False,False,False,False,False,False,False,False,False,False,False,False,False,False,False,False,False,False,False,False,False,True,False,False,False,False,False,False,False,False,False,False,False,False,False,False,False,False,False,False,False,False,False,1208809.34
28,2011-06-24,1208809.34,N/A,88.95,3.898,129.0663,13.736,1268503.49,1339972.83,1231025.07,1337418.5233333334,1262816.36,1300357.2016666667,6,25,2,2011,False,False,False,False,False,False,False,False,False,False,False,False,False,False,False,False,False,False,False,False,False,False,False,False,False,False,False,True,False,False,False,False,False,False,False,False,False,False,False,False,False,False,False,False,False,False,False,False,False,1319054.57
28,2011-07-01,1319054.57,N/A,89.85,3.842,129.0894,13.503,1208809.34,1268503.49,1399960.15,1272428.5533333335,1255398.5333333334,1289688.1125,7,26,3,2011,False,False,False,False,False,False,False,False,False,False,False,False,False,False,False,False,False,False,False,False,False,False,False,False,False,False,False,True,False,False,False,False,False,False,False,False,False,False,False,False,False,False,False,False,False,False,False,False,False,1459655.85
28,2011-07-08,1459655.85,N/A,89.9,3.705,129.1125,13.503,1319054.57,1208809.34,1340293.87,1265455.8,1283360.5766666667,1281716.535,7,27,3,2011,False,False,False,False,False,False,False,False,False,False,False,False,False,False,False,False,False,False,False,False,False,False,False,False,False,False,False,True,False,False,False,False,False,False,False,False,False,False,False,False,False,False,False,False,False,False,False,False,False,1197373.13
28,2011-07-15,1197373.13,N/A,88.1,3.692,129.1338387,13.503,1459655.85,1319054.57,1225336.41,1329173.2533333334,1333295.8883333334,1300010.6833333333,7,28,3,2011,False,False,False,False,False,False,False,False,False,False,False,False,False,False,False,False,False,False,False,False,False,False,False,False,False,False,False,True,False,False,False,False,False,False,False,False,False,False,False,False,False,False,False,False,False,False,False,False,False,1165870.54
28,2011-07-22,1165870.54,N/A,91.17,3.794,129.1507742,13.503,1197373.13,1459655.85,1205884.98,1325361.1833333333,1298894.8683333334,1291670.7775,7,29,3,2011,False,False,False,False,False,False,False,False,False,False,False,False,False,False,False,False,False,False,False,False,False,False,False,False,False,False,False,True,False,False,False,False,False,False,False,False,False,False,False,False,False,False,False,False,False,False,False,False,False,1114530.29
28,2011-07-29,1114530.29,N/A,93.29,3.805,129.1677097,13.503,1165870.54,1197373.13,1150204.71,1274299.84,1269877.82,1286962.6641666666,7,30,3,2011,False,False,False,False,False,False,False,False,False,False,False,False,False,False,False,False,False,False,False,False,False,False,False,False,False,False,False,True,False,False,False,False,False,False,False,False,False,False,False,False,False,False,False,False,False,False,False,False,False,1523870.89
28,2011-08-05,1523870.89,N/A,90.61,3.803,129.1846452,13.503,1114530.29,1165870.54,1523101.38,1159257.9866666666,1244215.62,1253515.99,8,31,3,2011,False,False,False,False,False,False,False,False,False,False,False,False,False,False,False,False,False,False,False,False,False,False,False,False,False,False,False,True,False,False,False,False,False,False,False,False,False,False,False,False,False,False,False,False,False,False,False,False,False,1218764.94
28,2011-08-12,1218764.94,N/A,91.04,3.701,129.2015806,13.503,1523870.89,1114530.29,1218688.09,1268090.5733333332,1296725.8783333334,1276062.2058333333,8,32,3,2011,False,False,False,False,False,False,False,False,False,False,False,False,False,False,False,False,False,False,False,False,False,False,False,False,False,False,False,True,False,False,False,False,False,False,False,False,False,False,False,False,False,False,False,False,False,False,False,False,False,1200019.74
28,2011-08-19,1200019.74,N/A,91.74,3.743,129.2405806,13.503,1218764.94,1523870.89,1195897.6,1285722.04,1280010.94,1281685.7583333335,8,33,3,2011,False,False,False,False,False,False,False,False,False,False,False,False,False,False,False,False,False,False,False,False,False,False,False,False,False,False,False,True,False,False,False,False,False,False,False,False,False,False,False,False,False,False,False,False,False,False,False,False,False,1166479.51
28,2011-08-26,1166479.51,N/A,94.61,3.74,129.2832581,13.503,1200019.74,1218764.94,1191585.92,1314218.5233333332,1236738.255,1285017.0716666665,8,34,3,2011,False,False,False,False,False,False,False,False,False,False,False,False,False,False,False,False,False,False,False,False,False,False,False,False,False,False,False,True,False,False,False,False,False,False,False,False,False,False,False,False,False,False,False,False,False,False,False,False,False,1468871.49
28,2011-09-02,1468871.49,N/A,93.66,3.798,129.3259355,13.503,1166479.51,1200019.74,1523410.71,1195088.0633333332,1231589.3183333334,1265242.0933333335,9,35,3,2011,False,False,False,False,False,False,False,False,False,False,False,False,False,False,False,False,False,False,False,False,False,False,False,False,False,False,False,True,False,False,False,False,False,False,False,False,False,False,False,False,False,False,False,False,False,False,False,False,False,1310087.0
28,2011-09-09,1310087.0,Labor Day,88.0,3.913,129.3686129,13.503,1468871.49,1166479.51,1246062.17,1278456.9133333333,1282089.4766666666,1275983.6483333334,9,36,3,2011,False,False,False,False,False,False,False,False,False,False,False,False,False,False,False,False,False,False,False,False,False,False,False,False,False,False,False,True,False,False,False,False,False,False,False,False,False,False,False,False,False,False,False,False,False,False,False,True,False,1159212.1
28,2011-09-16,1159212.1,N/A,76.36,3.918,129.4306,13.503,1310087.0,1468871.49,1159812.35,1315146.0,1314682.2616666667,1279448.9408333332,9,37,3,2011,False,False,False,False,False,False,False,False,False,False,False,False,False,False,False,False,False,False,False,False,False,False,False,False,False,False,False,True,False,False,False,False,False,False,False,False,False,False,False,False,False,False,False,False,False,False,False,False,False,1109105.92
28,2011-09-23,1109105.92,N/A,82.95,3.789,129.5183333,13.503,1159212.1,1310087.0,1111797.21,1312723.53,1253905.7966666666,1275315.8375000001,9,38,3,2011,False,False,False,False,False,False,False,False,False,False,False,False,False,False,False,False,False,False,False,False,False,False,False,False,False,False,False,True,False,False,False,False,False,False,False,False,False,False,False,False,False,False,False,False,False,False,False,False,False,1120731.76
28,2011-09-30,1120731.76,N/A,83.26,3.877,129.6060667,13.503,1109105.92,1159212.1,1203080.41,1192801.6733333333,1235629.2933333332,1257820.1166666667,9,39,3,2011,False,False,False,False,False,False,False,False,False,False,False,False,False,False,False,False,False,False,False,False,False,False,False,False,False,False,False,True,False,False,False,False,False,False,False,False,False,False,False,False,False,False,False,False,False,False,False,False,False,1557314.58
28,2011-10-07,1557314.58,N/A,70.44,3.827,129.6938,12.89,1120731.76,1109105.92,1334571.87,1129683.26,1222414.6300000001,1229576.4425000001,10,40,4,2011,False,False,False,False,False,False,False,False,False,False,False,False,False,False,False,False,False,False,False,False,False,False,False,False,False,False,False,True,False,False,False,False,False,False,False,False,False,False,False,False,False,False,False,False,False,False,False,False,False,1220984.94
28,2011-10-14,1220984.94,N/A,67.31,3.805,129.7706452,12.89,1557314.58,1120731.76,1158062.99,1262384.0866666667,1287553.8083333333,1259571.5633333332,10,41,4,2011,False,False,False,False,False,False,False,False,False,False,False,False,False,False,False,False,False,False,False,False,False,False,False,False,False,False,False,True,False,False,False,False,False,False,False,False,False,False,False,False,False,False,False,False,False,False,False,False,False,1203172.05
28,2011-10-21,1203172.05,N/A,73.05,3.842,129.7821613,12.89,1220984.94,1557314.58,1120619.32,1299677.0933333335,1246239.3833333333,1264164.43,10,42,4,2011,False,False,False,False,False,False,False,False,False,False,False,False,False,False,False,False,False,False,False,False,False,False,False,False,False,False,False,True,False,False,False,False,False,False,False,False,False,False,False,False,False,False,False,False,False,False,False,False,False,1242746.06
29,2011-02-04,504126.89,N/A,26.39,3.24,133.1834194,10.256,410426.97,445134.15,538634.46,427488.7933333334,555889.5616666666,629190.2541666667,2,5,1,2011,False,False,False,False,False,False,False,False,False,False,False,False,False,False,False,False,False,False,False,False,False,False,False,False,False,False,False,False,True,False,False,False,False,False,False,False,False,False,False,False,False,False,False,False,False,False,False,False,False,550387.78
29,2011-02-11,550387.78,Super Bowl,28.89,3.255,133.260871,10.256,504126.89,410426.97,529672.95,453229.33666666667,451422.9116666667,627496.6033333334,2,6,1,2011,False,False,False,False,False,False,False,False,False,False,False,False,False,False,False,False,False,False,False,False,False,False,False,False,False,False,False,False,True,False,False,False,False,False,False,False,False,False,False,False,False,False,False,False,False,False,False,False,True,542529.21
29,2011-02-18,542529.21,N/A,35.34,3.263,133.3701429,10.256,550387.78,504126.89,542399.07,488313.87999999995,465488.87166666676,631014.3724999999,2,7,1,2011,False,False,False,False,False,False,False,False,False,False,False,False,False,False,False,False,False,False,False,False,False,False,False,False,False,False,False,False,True,False,False,False,False,False,False,False,False,False,False,False,False,False,False,False,False,False,False,False,False,483660.15
29,2011-02-25,483660.15,N/A,30.23,3.281,133.4921429,10.256,542529.21,550387.78,488417.61,532347.96,479918.37666666665,594952.7308333333,2,8,1,2011,False,False,False,False,False,False,False,False,False,False,False,False,False,False,False,False,False,False,False,False,False,False,False,False,False,False,False,False,True,False,False,False,False,False,False,False,False,False,False,False,False,False,False,False,False,False,False,False,False,536031.67
29,2011-03-04,536031.67,N/A,33.52,3.437,133.6141429,10.256,483660.15,542529.21,535087.91,525525.7133333334,489377.52499999997,581701.1991666667,3,9,1,2011,False,False,False,False,False,False,False,False,False,False,False,False,False,False,False,False,False,False,False,False,False,False,False,False,False,False,False,False,True,False,False,False,False,False,False,False,False,False,False,False,False,False,False,False,False,False,False,False,False,493430.45
29,2011-03-11,493430.45,N/A,41.42,3.6,133.7361429,10.256,536031.67,483660.15,519042.49,520740.3433333333,504527.11166666663,566884.2766666667,3,10,1,2011,False,False,False,False,False,False,False,False,False,False,False,False,False,False,False,False,False,False,False,False,False,False,False,False,False,False,False,False,True,False,False,False,False,False,False,False,False,False,False,False,False,False,False,False,False,False,False,False,False,493653.43
29,2011-03-18,493653.43,N/A,43.38,3.634,133.8492258,10.256,493430.45,536031.67,496851.6,504374.09,518361.0250000001,537125.2933333333,3,11,1,2011,False,False,False,False,False,False,False,False,False,False,False,False,False,False,False,False,False,False,False,False,False,False,False,False,False,False,False,False,True,False,False,False,False,False,False,False,False,False,False,False,False,False,False,False,False,False,False,False,False,478773.05
29,2011-03-25,478773.05,N/A,38.77,3.624,133.9587419,10.256,493653.43,493430.45,552985.34,507705.18333333335,516615.4483333333,484019.18,3,12,1,2011,False,False,False,False,False,False,False,False,False,False,False,False,False,False,False,False,False,False,False,False,False,False,False,False,False,False,False,False,True,False,False,False,False,False,False,False,False,False,False,False,False,False,False,False,False,False,False,False,False,475615.26
29,2011-04-01,475615.26,N/A,36.04,3.638,134.0682581,9.966,478773.05,493653.43,599629.25,488618.9766666666,504679.6600000001,485084.2658333333,4,13,2,2011,False,False,False,False,False,False,False,False,False,False,False,False,False,False,False,False,False,False,False,False,False,False,False,False,False,False,False,False,True,False,False,False,False,False,False,False,False,False,False,False,False,False,False,False,False,False,False,False,False,505304.33
29,2011-04-08,505304.33,N/A,44.42,3.72,134.1777742,9.966,475615.26,478773.05,569937.23,482680.58,493527.33499999996,486722.8558333334,4,14,2,2011,False,False,False,False,False,False,False,False,False,False,False,False,False,False,False,False,False,False,False,False,False,False,False,False,False,False,False,False,True,False,False,False,False,False,False,False,False,False,False,False,False,False,False,False,False,False,False,False,False,518245.97
29,2011-04-15,518245.97,N/A,48.88,3.823,134.2784667,9.966,505304.33,475615.26,509100.84,486564.2133333334,497134.6983333333,493256.11166666663,4,15,2,2011,False,False,False,False,False,False,False,False,False,False,False,False,False,False,False,False,False,False,False,False,False,False,False,False,False,False,False,False,True,False,False,False,False,False,False,False,False,False,False,False,False,False,False,False,False,False,False,False,False,589252.69
29,2011-04-22,589252.69,N/A,47.76,3.919,134.3571,9.966,518245.97,505304.33,505329.66,499721.85333333333,494170.41500000004,499348.76333333337,4,16,2,2011,False,False,False,False,False,False,False,False,False,False,False,False,False,False,False,False,False,False,False,False,False,False,False,False,False,False,False,False,True,False,False,False,False,False,False,False,False,False,False,False,False,False,False,False,False,False,False,False,False,493078.64
29,2011-04-29,493078.64,N/A,57.2,3.988,134.4357333,9.966,589252.69,518245.97,501013.47,537600.9966666666,510140.7883333333,514250.9066666667,4,17,2,2011,False,False,False,False,False,False,False,False,False,False,False,False,False,False,False,False,False,False,False,False,False,False,False,False,False,False,False,False,True,False,False,False,False,False,False,False,False,False,False,False,False,False,False,False,False,False,False,False,False,534372.53
29,2011-05-06,534372.53,N/A,53.63,4.078,134.5143667,9.966,493078.64,589252.69,568497.35,533525.7666666666,510044.99,513330.2191666667,5,18,2,2011,False,False,False,False,False,False,False,False,False,False,False,False,False,False,False,False,False,False,False,False,False,False,False,False,False,False,False,False,True,False,False,False,False,False,False,False,False,False,False,False,False,False,False,False,False,False,False,False,False,549551.02
29,2011-05-13,549551.02,N/A,57.71,4.095,134.593,9.966,534372.53,493078.64,518940.88,538901.2866666667,519311.57,511995.615,5,19,2,2011,False,False,False,False,False,False,False,False,False,False,False,False,False,False,False,False,False,False,False,False,False,False,False,False,False,False,False,False,True,False,False,False,False,False,False,False,False,False,False,False,False,False,False,False,False,False,False,False,False,492932.51
29,2011-05-20,492932.51,N/A,58.56,4.101,134.6803871,9.966,549551.02,534372.53,502021.82,525667.3966666666,531634.1966666667,512580.76583333337,5,20,2,2011,False,False,False,False,False,False,False,False,False,False,False,False,False,False,False,False,False,False,False,False,False,False,False,False,False,False,False,False,True,False,False,False,False,False,False,False,False,False,False,False,False,False,False,False,False,False,False,False,False,550735.64
29,2011-05-27,550735.64,N/A,62.59,4.034,134.7677742,9.966,492932.51,549551.02,577627.66,525618.6866666666,529572.2266666667,513353.46249999997,5,21,2,2011,False,False,False,False,False,False,False,False,False,False,False,False,False,False,False,False,False,False,False,False,False,False,False,False,False,False,False,False,True,False,False,False,False,False,False,False,False,False,False,False,False,False,False,False,False,False,False,False,False,598251.57
29,2011-06-03,598251.57,N/A,70.09,3.973,134.8551613,9.966,550735.64,492932.51,588017.66,531073.0566666666,534987.1716666666,514578.7933333333,6,22,2,2011,False,False,False,False,False,False,False,False,False,False,False,False,False,False,False,False,False,False,False,False,False,False,False,False,False,False,False,False,True,False,False,False,False,False,False,False,False,False,False,False,False,False,False,False,False,False,False,False,False,558431.44
29,2011-06-10,558431.44,N/A,69.53,3.924,134.9425484,9.966,598251.57,550735.64,540716.58,547306.5733333334,536486.985,523313.88666666666,6,23,2,2011,False,False,False,False,False,False,False,False,False,False,False,False,False,False,False,False,False,False,False,False,False,False,False,False,False,False,False,False,True,False,False,False,False,False,False,False,False,False,False,False,False,False,False,False,False,False,False,False,False,536914.17
29,2011-06-17,536914.17,N/A,63.97,3.873,135.0837333,9.966,558431.44,598251.57,558731.74,569139.5499999999,547379.1183333333,528712.0541666667,6,24,2,2011,False,False,False,False,False,False,False,False,False,False,False,False,False,False,False,False,False,False,False,False,False,False,False,False,False,False,False,False,True,False,False,False,False,False,False,False,False,False,False,False,False,False,False,False,False,False,False,False,False,545368.17
29,2011-06-24,545368.17,N/A,68.53,3.851,135.2652667,9.966,536914.17,558431.44,585548.79,564532.3933333332,547802.725,533557.1475000001,6,25,2,2011,False,False,False,False,False,False,False,False,False,False,False,False,False,False,False,False,False,False,False,False,False,False,False,False,False,False,False,False,True,False,False,False,False,False,False,False,False,False,False,False,False,False,False,False,False,False,False,False,False,567114.6
29,2011-07-01,567114.6,N/A,70.8,3.815,135.4468,9.863,545368.17,536914.17,581473.55,546904.5933333334,547105.5833333334,539369.89,7,26,3,2011,False,False,False,False,False,False,False,False,False,False,False,False,False,False,False,False,False,False,False,False,False,False,False,False,False,False,False,False,True,False,False,False,False,False,False,False,False,False,False,False,False,False,False,False,False,False,False,False,False,547586.07
29,2011-07-08,547586.07,N/A,74.22,3.784,135.6283333,9.863,567114.6,545368.17,563449.43,549798.98,559469.265,544520.7458333332,7,27,3,2011,False,False,False,False,False,False,False,False,False,False,False,False,False,False,False,False,False,False,False,False,False,False,False,False,False,False,False,False,True,False,False,False,False,False,False,False,False,False,False,False,False,False,False,False,False,False,False,False,False,505246.15
29,2011-07-15,505246.15,N/A,75.2,3.827,135.7837419,9.863,547586.07,567114.6,512292.01,553356.28,558944.3366666667,546965.7541666667,7,28,3,2011,False,False,False,False,False,False,False,False,False,False,False,False,False,False,False,False,False,False,False,False,False,False,False,False,False,False,False,False,True,False,False,False,False,False,False,False,False,False,False,False,False,False,False,False,False,False,False,False,False,507335.75
29,2011-07-22,507335.75,N/A,77.79,3.882,135.8738387,9.863,505246.15,547586.07,506502.09,539982.2733333333,543443.4333333333,539965.2091666666,7,29,3,2011,False,False,False,False,False,False,False,False,False,False,False,False,False,False,False,False,False,False,False,False,False,False,False,False,False,False,False,False,True,False,False,False,False,False,False,False,False,False,False,False,False,False,False,False,False,False,False,False,False,474653.06
29,2011-07-29,474653.06,N/A,75.32,3.898,135.9639355,9.863,507335.75,505246.15,509872.77,520055.98999999993,534927.485,541153.3016666666,7,30,3,2011,False,False,False,False,False,False,False,False,False,False,False,False,False,False,False,False,False,False,False,False,False,False,False,False,False,False,False,False,True,False,False,False,False,False,False,False,False,False,False,False,False,False,False,False,False,False,False,False,False,503486.37
29,2011-08-05,503486.37,N/A,75.33,3.903,136.0540323,9.863,474653.06,507335.75,519787.93,495744.98666666663,524550.6333333334,536176.6791666667,8,31,3,2011,False,False,False,False,False,False,False,False,False,False,False,False,False,False,False,False,False,False,False,False,False,False,False,False,False,False,False,False,True,False,False,False,False,False,False,False,False,False,False,False,False,False,False,False,False,False,False,False,False,471311.5
29,2011-08-12,471311.5,N/A,74.69,3.88,136.144129,9.863,503486.37,474653.06,495269.0,495158.3933333333,517570.3333333333,532337.9583333334,8,32,3,2011,False,False,False,False,False,False,False,False,False,False,False,False,False,False,False,False,False,False,False,False,False,False,False,False,False,False,False,False,True,False,False,False,False,False,False,False,False,False,False,False,False,False,False,False,False,False,False,False,False,498056.0
29,2011-08-19,498056.0,N/A,71.3,3.82,136.183129,9.863,471311.5,503486.37,531640.19,483150.31,501603.1500000001,530536.2075,8,33,3,2011,False,False,False,False,False,False,False,False,False,False,False,False,False,False,False,False,False,False,False,False,False,False,False,False,False,False,False,False,True,False,False,False,False,False,False,False,False,False,False,False,False,False,False,False,False,False,False,False,False,608294.98
29,2011-08-26,608294.98,N/A,72.22,3.796,136.2136129,9.863,498056.0,471311.5,545766.13,490951.29,493348.13833333337,526146.2374999999,8,34,3,2011,False,False,False,False,False,False,False,False,False,False,False,False,False,False,False,False,False,False,False,False,False,False,False,False,False,False,False,False,True,False,False,False,False,False,False,False,False,False,False,False,False,False,False,False,False,False,False,False,False,497085.91
29,2011-09-02,497085.91,N/A,69.16,3.784,136.2440968,9.863,608294.98,498056.0,579272.38,525887.4933333333,510522.94333333336,526983.1883333334,9,35,3,2011,False,False,False,False,False,False,False,False,False,False,False,False,False,False,False,False,False,False,False,False,False,False,False,False,False,False,False,False,True,False,False,False,False,False,False,False,False,False,False,False,False,False,False,False,False,False,False,False,False,505406.72
29,2011-09-09,505406.72,Labor Day,69.14,3.809,136.2745806,9.863,497085.91,608294.98,491290.37,534478.9633333333,508814.63666666666,521871.0608333333,9,36,3,2011,False,False,False,False,False,False,False,False,False,False,False,False,False,False,False,False,False,False,False,False,False,False,False,False,False,False,False,False,True,False,False,False,False,False,False,False,False,False,False,False,False,False,False,False,False,False,False,True,False,474129.35
29,2011-09-16,474129.35,N/A,68.08,3.809,136.3145,9.863,505406.72,497085.91,463752.89,536929.2033333333,513940.24666666664,519245.43999999994,9,37,3,2011,False,False,False,False,False,False,False,False,False,False,False,False,False,False,False,False,False,False,False,False,False,False,False,False,False,False,False,False,True,False,False,False,False,False,False,False,False,False,False,False,False,False,False,False,False,False,False,False,False,475696.37
29,2011-09-23,475696.37,N/A,62.36,3.758,136.367,9.863,474129.35,505406.72,465338.41,492207.32666666666,509047.4099999999,513308.87166666664,9,38,3,2011,False,False,False,False,False,False,False,False,False,False,False,False,False,False,False,False,False,False,False,False,False,False,False,False,False,False,False,False,True,False,False,False,False,False,False,False,False,False,False,False,False,False,False,False,False,False,False,False,False,446516.26
29,2011-09-30,446516.26,N/A,69.78,3.684,136.4195,9.863,475696.37,474129.35,474698.01,485077.48,509778.2216666666,505690.68583333335,9,39,3,2011,False,False,False,False,False,False,False,False,False,False,False,False,False,False,False,False,False,False,False,False,False,False,False,False,False,False,False,False,True,False,False,False,False,False,False,False,False,False,False,False,False,False,False,False,False,False,False,False,False,514993.0
29,2011-10-07,514993.0,N/A,56.44,3.633,136.472,9.357,446516.26,475696.37,530059.06,465447.32666666666,501188.26499999996,497268.20166666666,10,40,4,2011,False,False,False,False,False,False,False,False,False,False,False,False,False,False,False,False,False,False,False,False,False,False,False,False,False,False,False,False,True,False,False,False,False,False,False,False,False,False,False,False,False,False,False,False,False,False,False,False,False,475776.45
29,2011-10-14,475776.45,N/A,62.63,3.583,136.5150968,9.357,514993.0,446516.26,483011.69,479068.5433333333,485637.93500000006,498080.43916666665,10,41,4,2011,False,False,False,False,False,False,False,False,False,False,False,False,False,False,False,False,False,False,False,False,False,False,False,False,False,False,False,False,True,False,False,False,False,False,False,False,False,False,False,False,False,False,False,False,False,False,False,False,False,505068.22
29,2011-10-21,505068.22,N/A,59.3,3.618,136.5017742,9.357,475776.45,514993.0,505221.17,479095.23666666663,482086.35833333334,495450.4975,10,42,4,2011,False,False,False,False,False,False,False,False,False,False,False,False,False,False,False,False,False,False,False,False,False,False,False,False,False,False,False,False,True,False,False,False,False,False,False,False,False,False,False,False,False,False,False,False,False,False,False,False,False,515119.64
30,2011-02-04,490970.95,N/A,36.33,2.989,212.2240646,8.028,425989.04,439132.62,465108.52,443510.12666666665,449765.5816666667,441448.04916666663,2,5,1,2011,False,False,False,False,False,False,False,False,False,False,False,False,False,False,False,False,False,False,False,False,False,False,False,False,False,False,False,False,False,True,False,False,False,False,False,False,False,False,False,False,False,False,False,False,False,False,False,False,False,470921.24
30,2011-02-11,470921.24,Super Bowl,34.61,3.022,212.5928624,8.028,490970.95,425989.04,497374.57,452030.86999999994,445034.9266666667,446423.40833333327,2,6,1,2011,False,False,False,False,False,False,False,False,False,False,False,False,False,False,False,False,False,False,False,False,False,False,False,False,False,False,False,False,False,True,False,False,False,False,False,False,False,False,False,False,False,False,False,False,False,False,False,False,True,417070.51
30,2011-02-18,417070.51,N/A,59.87,3.045,212.9033115,8.028,470921.24,490970.95,463513.26,462627.07666666666,457249.9633333334,450357.87083333335,2,7,1,2011,False,False,False,False,False,False,False,False,False,False,False,False,False,False,False,False,False,False,False,False,False,False,False,False,False,False,False,False,False,True,False,False,False,False,False,False,False,False,False,False,False,False,False,False,False,False,False,False,False,432687.97
30,2011-02-25,432687.97,N/A,61.27,3.065,213.190421,8.028,417070.51,470921.24,472330.71,459654.23333333334,451582.18,446552.7166666666,2,8,1,2011,False,False,False,False,False,False,False,False,False,False,False,False,False,False,False,False,False,False,False,False,False,False,False,False,False,False,False,False,False,True,False,False,False,False,False,False,False,False,False,False,False,False,False,False,False,False,False,False,False,443334.71
30,2011-03-04,443334.71,N/A,59.52,3.288,213.4775305,8.028,432687.97,417070.51,472591.07,440226.5733333333,446128.7216666667,448684.0291666666,3,9,1,2011,False,False,False,False,False,False,False,False,False,False,False,False,False,False,False,False,False,False,False,False,False,False,False,False,False,False,False,False,False,True,False,False,False,False,False,False,False,False,False,False,False,False,False,False,False,False,False,False,False,438529.81
30,2011-03-11,438529.81,N/A,54.69,3.459,213.7646401,8.028,443334.71,432687.97,468189.93,431031.0633333333,446829.07,449909.26249999995,3,10,1,2011,False,False,False,False,False,False,False,False,False,False,False,False,False,False,False,False,False,False,False,False,False,False,False,False,False,False,False,False,False,True,False,False,False,False,False,False,False,False,False,False,False,False,False,False,False,False,False,False,False,425470.84
30,2011-03-18,425470.84,N/A,63.26,3.488,214.0156238,8.028,438529.81,443334.71,445736.36,438184.16333333333,448919.1983333333,449342.38999999996,3,11,1,2011,False,False,False,False,False,False,False,False,False,False,False,False,False,False,False,False,False,False,False,False,False,False,False,False,False,False,False,False,False,True,False,False,False,False,False,False,False,False,False,False,False,False,False,False,False,False,False,False,False,431754.01
30,2011-03-25,431754.01,N/A,70.33,3.473,214.2521573,8.028,425470.84,438529.81,442457.35,435778.45333333337,438002.51333333337,441518.72,3,12,1,2011,False,False,False,False,False,False,False,False,False,False,False,False,False,False,False,False,False,False,False,False,False,False,False,False,False,False,False,False,False,True,False,False,False,False,False,False,False,False,False,False,False,False,False,False,False,False,False,False,False,437926.79
30,2011-04-01,437926.79,N/A,56.36,3.524,214.4886908,7.931,431754.01,425470.84,457884.06,431918.22000000003,431474.64166666666,444362.3025,4,13,2,2011,False,False,False,False,False,False,False,False,False,False,False,False,False,False,False,False,False,False,False,False,False,False,False,False,False,False,False,False,False,True,False,False,False,False,False,False,False,False,False,False,False,False,False,False,False,False,False,False,False,443889.5
30,2011-04-08,443889.5,N/A,68.62,3.622,214.7252242,7.931,437926.79,431754.01,454800.96,431717.2133333334,434950.6883333333,443266.43416666664,4,14,2,2011,False,False,False,False,False,False,False,False,False,False,False,False,False,False,False,False,False,False,False,False,False,False,False,False,False,False,False,False,False,True,False,False,False,False,False,False,False,False,False,False,False,False,False,False,False,False,False,False,False,426666.92
30,2011-04-15,426666.92,N/A,71.01,3.743,214.9420631,7.931,443889.5,437926.79,471054.16,437856.7666666666,436817.61000000004,441473.16583333333,4,15,2,2011,False,False,False,False,False,False,False,False,False,False,False,False,False,False,False,False,False,False,False,False,False,False,False,False,False,False,False,False,False,True,False,False,False,False,False,False,False,False,False,False,False,False,False,False,False,False,False,False,False,445358.73
30,2011-04-22,445358.73,N/A,70.79,3.807,215.1096657,7.931,426666.92,443889.5,462454.39,436161.07,434039.645,440434.3575,4,16,2,2011,False,False,False,False,False,False,False,False,False,False,False,False,False,False,False,False,False,False,False,False,False,False,False,False,False,False,False,False,False,True,False,False,False,False,False,False,False,False,False,False,False,False,False,False,False,False,False,False,False,423687.2
30,2011-04-29,423687.2,N/A,70.19,3.81,215.2772683,7.931,445358.73,426666.92,456140.34,438638.3833333333,435177.79833333334,442048.49833333335,4,17,2,2011,False,False,False,False,False,False,False,False,False,False,False,False,False,False,False,False,False,False,False,False,False,False,False,False,False,False,False,False,False,True,False,False,False,False,False,False,False,False,False,False,False,False,False,False,False,False,False,False,False,438789.52
30,2011-05-06,438789.52,N/A,61.87,3.906,215.4448709,7.931,423687.2,445358.73,457883.94,431904.2833333334,434880.52499999997,436441.5191666667,5,18,2,2011,False,False,False,False,False,False,False,False,False,False,False,False,False,False,False,False,False,False,False,False,False,False,False,False,False,False,False,False,False,True,False,False,False,False,False,False,False,False,False,False,False,False,False,False,False,False,False,False,False,424614.59
30,2011-05-13,424614.59,N/A,75.04,3.899,215.6124735,7.931,438789.52,423687.2,461868.09,435945.1500000001,436053.1099999999,433763.8758333333,5,19,2,2011,False,False,False,False,False,False,False,False,False,False,False,False,False,False,False,False,False,False,False,False,False,False,False,False,False,False,False,False,False,True,False,False,False,False,False,False,False,False,False,False,False,False,False,False,False,False,False,False,False,435102.2
30,2011-05-20,435102.2,N/A,68.36,3.907,215.3834778,7.931,424614.59,438789.52,455751.84,429030.4366666667,433834.4100000001,434392.54916666663,5,20,2,2011,False,False,False,False,False,False,False,False,False,False,False,False,False,False,False,False,False,False,False,False,False,False,False,False,False,False,False,False,False,True,False,False,False,False,False,False,False,False,False,False,False,False,False,False,False,False,False,False,False,429305.82
30,2011-05-27,429305.82,N/A,76.86,3.786,215.1544822,7.931,435102.2,424614.59,462474.16,432835.4366666667,432369.8599999999,434593.73500000004,5,21,2,2011,False,False,False,False,False,False,False,False,False,False,False,False,False,False,False,False,False,False,False,False,False,False,False,False,False,False,False,False,False,True,False,False,False,False,False,False,False,False,False,False,False,False,False,False,False,False,False,False,False,432808.48
30,2011-06-03,432808.48,N/A,83.82,3.699,214.9254865,7.931,429305.82,435102.2,458343.7,429674.20333333337,432809.6766666667,433424.6608333334,6,22,2,2011,False,False,False,False,False,False,False,False,False,False,False,False,False,False,False,False,False,False,False,False,False,False,False,False,False,False,False,False,False,True,False,False,False,False,False,False,False,False,False,False,False,False,False,False,False,False,False,False,False,424697.05
30,2011-06-10,424697.05,N/A,84.71,3.648,214.6964908,7.931,432808.48,429305.82,445530.16,432405.5,430717.9683333333,432947.8833333333,6,23,2,2011,False,False,False,False,False,False,False,False,False,False,False,False,False,False,False,False,False,False,False,False,False,False,False,False,False,False,False,False,False,True,False,False,False,False,False,False,False,False,False,False,False,False,False,False,False,False,False,False,False,435481.03
30,2011-06-17,435481.03,N/A,87.54,3.637,214.6513538,7.931,424697.05,432808.48,447727.52,428937.1166666667,430886.2766666667,432883.4008333334,6,24,2,2011,False,False,False,False,False,False,False,False,False,False,False,False,False,False,False,False,False,False,False,False,False,False,False,False,False,False,False,False,False,True,False,False,False,False,False,False,False,False,False,False,False,False,False,False,False,False,False,False,False,422715.74
30,2011-06-24,422715.74,N/A,85.72,3.594,214.7441108,7.931,435481.03,424697.05,453210.24,430995.52,430334.86166666663,433193.98583333334,6,25,2,2011,False,False,False,False,False,False,False,False,False,False,False,False,False,False,False,False,False,False,False,False,False,False,False,False,False,False,False,False,False,True,False,False,False,False,False,False,False,False,False,False,False,False,False,False,False,False,False,False,False,428782.38
30,2011-07-01,428782.38,N/A,87.57,3.524,214.8368678,7.852,422715.74,435481.03,450337.47,427631.27333333326,430018.38666666666,431926.3983333334,7,26,3,2011,False,False,False,False,False,False,False,False,False,False,False,False,False,False,False,False,False,False,False,False,False,False,False,False,False,False,False,False,False,True,False,False,False,False,False,False,False,False,False,False,False,False,False,False,False,False,False,False,False,419764.37
30,2011-07-08,419764.37,N/A,89.16,3.48,214.9296249,7.852,428782.38,422715.74,436293.4,428993.05,428965.0833333333,430667.4716666667,7,27,3,2011,False,False,False,False,False,False,False,False,False,False,False,False,False,False,False,False,False,False,False,False,False,False,False,False,False,False,False,False,False,True,False,False,False,False,False,False,False,False,False,False,False,False,False,False,False,False,False,False,False,420515.63
30,2011-07-15,420515.63,N/A,91.05,3.575,215.0134426,7.852,419764.37,428782.38,438068.71,423754.16333333333,427374.8416666666,430092.2591666667,7,28,3,2011,False,False,False,False,False,False,False,False,False,False,False,False,False,False,False,False,False,False,False,False,False,False,False,False,False,False,False,False,False,True,False,False,False,False,False,False,False,False,False,False,False,False,False,False,False,False,False,False,False,423441.76
30,2011-07-22,423441.76,N/A,90.27,3.651,215.0749122,7.852,420515.63,419764.37,440491.33,423020.7933333333,425326.03333333327,428022.0008333333,7,29,3,2011,False,False,False,False,False,False,False,False,False,False,False,False,False,False,False,False,False,False,False,False,False,False,False,False,False,False,False,False,False,True,False,False,False,False,False,False,False,False,False,False,False,False,False,False,False,False,False,False,False,414245.96
30,2011-07-29,414245.96,N/A,91.56,3.682,215.1363819,7.852,423441.76,420515.63,437893.76,421240.58666666667,425116.81833333336,428001.5474999999,7,30,3,2011,False,False,False,False,False,False,False,False,False,False,False,False,False,False,False,False,False,False,False,False,False,False,False,False,False,False,False,False,False,True,False,False,False,False,False,False,False,False,False,False,False,False,False,False,False,False,False,False,False,431798.64
30,2011-08-05,431798.64,N/A,94.22,3.684,215.1978515,7.852,414245.96,423441.76,441407.06,419401.1166666667,421577.63999999996,425956.2508333333,8,31,3,2011,False,False,False,False,False,False,False,False,False,False,False,False,False,False,False,False,False,False,False,False,False,False,False,False,False,False,False,False,False,True,False,False,False,False,False,False,False,False,False,False,False,False,False,False,False,False,False,False,False,412224.67
30,2011-08-12,412224.67,N/A,92.32,3.638,215.2593211,7.852,431798.64,414245.96,444160.07,423162.12000000005,423091.4566666667,426554.9216666667,8,32,3,2011,False,False,False,False,False,False,False,False,False,False,False,False,False,False,False,False,False,False,False,False,False,False,False,False,False,False,False,False,False,True,False,False,False,False,False,False,False,False,False,False,False,False,False,False,False,False,False,False,False,414450.61
30,2011-08-19,414450.61,N/A,90.11,3.554,215.3229307,7.852,412224.67,431798.64,447139.8,419423.09,420331.8383333334,424648.4608333334,8,33,3,2011,False,False,False,False,False,False,False,False,False,False,False,False,False,False,False,False,False,False,False,False,False,False,False,False,False,False,False,False,False,True,False,False,False,False,False,False,False,False,False,False,False,False,False,False,False,False,False,False,False,387944.83
30,2011-08-26,387944.83,N/A,92.07,3.523,215.386897,7.852,414450.61,412224.67,443810.78,419491.30666666664,419446.21166666667,423410.5266666667,8,34,3,2011,False,False,False,False,False,False,False,False,False,False,False,False,False,False,False,False,False,False,False,False,False,False,False,False,False,False,False,False,False,True,False,False,False,False,False,False,False,False,False,False,False,False,False,False,False,False,False,False,False,369722.32
30,2011-09-02,369722.32,N/A,91.94,3.533,215.4508632,7.852,387944.83,414450.61,461548.98,404873.36999999994,414017.74500000005,419671.88916666666,9,35,3,2011,False,False,False,False,False,False,False,False,False,False,False,False,False,False,False,False,False,False,False,False,False,False,False,False,False,False,False,False,False,True,False,False,False,False,False,False,False,False,False,False,False,False,False,False,False,False,False,False,False,370897.82
30,2011-09-09,370897.82,Labor Day,78.87,3.546,215.5148295,7.852,369722.32,387944.83,455162.92,390705.92,405064.50499999995,415090.6616666666,9,36,3,2011,False,False,False,False,False,False,False,False,False,False,False,False,False,False,False,False,False,False,False,False,False,False,False,False,False,False,False,False,False,True,False,False,False,False,False,False,False,False,False,False,False,False,False,False,False,False,False,True,False,382914.66
30,2011-09-16,382914.66,N/A,80.62,3.526,215.6944378,7.852,370897.82,369722.32,462058.19,376188.3233333333,397839.815,409708.72750000004,9,37,3,2011,False,False,False,False,False,False,False,False,False,False,False,False,False,False,False,False,False,False,False,False,False,False,False,False,False,False,False,False,False,True,False,False,False,False,False,False,False,False,False,False,False,False,False,False,False,False,False,False,False,391837.56
30,2011-09-23,391837.56,N/A,75.68,3.467,216.0282356,7.852,382914.66,370897.82,448392.17,374511.5999999999,389692.48500000004,406391.9708333334,9,38,3,2011,False,False,False,False,False,False,False,False,False,False,False,False,False,False,False,False,False,False,False,False,False,False,False,False,False,False,False,False,False,True,False,False,False,False,False,False,False,False,False,False,False,False,False,False,False,False,False,False,False,387001.13
30,2011-09-30,387001.13,N/A,78.91,3.355,216.3620333,7.852,391837.56,382914.66,445475.3,381883.3466666667,386294.63333333336,403313.23583333334,9,39,3,2011,False,False,False,False,False,False,False,False,False,False,False,False,False,False,False,False,False,False,False,False,False,False,False,False,False,False,False,False,False,True,False,False,False,False,False,False,False,False,False,False,False,False,False,False,False,False,False,False,False,417528.26
30,2011-10-07,417528.26,N/A,71.64,3.285,216.6958311,7.441,387001.13,391837.56,462080.47,387251.11666666664,381719.72,400582.9658333333,10,40,4,2011,False,False,False,False,False,False,False,False,False,False,False,False,False,False,False,False,False,False,False,False,False,False,False,False,False,False,False,False,False,True,False,False,False,False,False,False,False,False,False,False,False,False,False,False,False,False,False,False,False,410711.99
30,2011-10-14,410711.99,N/A,69.79,3.274,217.0048261,7.441,417528.26,387001.13,453943.89,398788.98333333334,386650.2916666667,400334.0183333333,10,41,4,2011,False,False,False,False,False,False,False,False,False,False,False,False,False,False,False,False,False,False,False,False,False,False,False,False,False,False,False,False,False,True,False,False,False,False,False,False,False,False,False,False,False,False,False,False,False,False,False,False,False,428958.53
30,2011-10-21,428958.53,N/A,65.16,3.353,217.1650042,7.441,410711.99,417528.26,459631.74,405080.45999999996,393481.9033333333,399273.20416666666,10,42,4,2011,False,False,False,False,False,False,False,False,False,False,False,False,False,False,False,False,False,False,False,False,False,False,False,False,False,False,False,False,False,True,False,False,False,False,False,False,False,False,False,False,False,False,False,False,False,False,False,False,False,426151.88
31,2011-02-04,1443206.46,N/A,36.33,2.989,212.2240646,8.028,1254955.68,1344167.13,1469252.05,1316617.7066666665,1421475.76,1469059.8683333334,2,5,1,2011,False,False,False,False,False,False,False,False,False,False,False,False,False,False,False,False,False,False,False,False,False,False,False,False,False,False,False,False,False,False,True,False,False,False,False,False,False,False,False,False,False,False,False,False,False,False,False,False,False,1539230.32
31,2011-02-11,1539230.32,Super Bowl,34.61,3.022,212.5928624,8.028,1443206.46,1254955.68,1543947.23,1347443.0899999999,1317186.3416666668,1476595.3433333335,2,6,1,2011,False,False,False,False,False,False,False,False,False,False,False,False,False,False,False,False,False,False,False,False,False,False,False,False,False,False,False,False,False,False,True,False,False,False,False,False,False,False,False,False,False,False,False,False,False,False,False,False,True,1539063.91
31,2011-02-18,1539063.91,N/A,59.87,3.045,212.9033115,8.028,1539230.32,1443206.46,1473386.75,1412464.1533333333,1374046.1283333332,1491601.3225,2,7,1,2011,False,False,False,False,False,False,False,False,False,False,False,False,False,False,False,False,False,False,False,False,False,False,False,False,False,False,False,False,False,False,True,False,False,False,False,False,False,False,False,False,False,False,False,False,False,False,False,False,False,1365678.22
31,2011-02-25,1365678.22,N/A,61.27,3.065,213.190421,8.028,1539063.91,1539230.32,1344354.41,1507166.8966666665,1411892.3016666665,1464951.9766666666,2,8,1,2011,False,False,False,False,False,False,False,False,False,False,False,False,False,False,False,False,False,False,False,False,False,False,False,False,False,False,False,False,False,False,True,False,False,False,False,False,False,False,False,False,False,False,False,False,False,False,False,False,False,1412721.18
31,2011-03-04,1412721.18,N/A,59.52,3.288,213.4775305,8.028,1365678.22,1539063.91,1384870.51,1481324.1500000001,1414383.62,1467198.7975,3,9,1,2011,False,False,False,False,False,False,False,False,False,False,False,False,False,False,False,False,False,False,False,False,False,False,False,False,False,False,False,False,False,False,True,False,False,False,False,False,False,False,False,False,False,False,False,False,False,False,False,False,False,1405572.93
31,2011-03-11,1405572.93,N/A,54.69,3.459,213.7646401,8.028,1412721.18,1365678.22,1366193.35,1439154.4366666665,1425809.295,1461951.8041666665,3,10,1,2011,False,False,False,False,False,False,False,False,False,False,False,False,False,False,False,False,False,False,False,False,False,False,False,False,False,False,False,False,False,False,True,False,False,False,False,False,False,False,False,False,False,False,False,False,False,False,False,False,False,1425559.02
31,2011-03-18,1425559.02,N/A,63.26,3.488,214.0156238,8.028,1405572.93,1412721.18,1332261.01,1394657.4433333334,1450912.17,1436193.9649999999,3,11,1,2011,False,False,False,False,False,False,False,False,False,False,False,False,False,False,False,False,False,False,False,False,False,False,False,False,False,False,False,False,False,False,True,False,False,False,False,False,False,False,False,False,False,False,False,False,False,False,False,False,False,1357036.1
31,2011-03-25,1357036.1,N/A,70.33,3.473,214.2521573,8.028,1425559.02,1405572.93,1229635.7,1414617.71,1447970.93,1382578.6358333335,3,12,1,2011,False,False,False,False,False,False,False,False,False,False,False,False,False,False,False,False,False,False,False,False,False,False,False,False,False,False,False,False,False,False,True,False,False,False,False,False,False,False,False,False,False,False,False,False,False,False,False,False,False,1344890.73
31,2011-04-01,1344890.73,N/A,56.36,3.524,214.4886908,7.931,1357036.1,1425559.02,1357600.68,1396056.0166666666,1417605.2266666666,1395825.6775,4,13,2,2011,False,False,False,False,False,False,False,False,False,False,False,False,False,False,False,False,False,False,False,False,False,False,False,False,False,False,False,False,False,False,True,False,False,False,False,False,False,False,False,False,False,False,False,False,False,False,False,False,False,1416790.17
31,2011-04-08,1416790.17,N/A,68.62,3.622,214.7252242,7.931,1344890.73,1357036.1,1395710.09,1375828.616666667,1385243.03,1398567.6658333333,4,14,2,2011,False,False,False,False,False,False,False,False,False,False,False,False,False,False,False,False,False,False,False,False,False,False,False,False,False,False,False,False,False,False,True,False,False,False,False,False,False,False,False,False,False,False,False,False,False,False,False,False,False,1408464.08
31,2011-04-15,1408464.08,N/A,71.01,3.743,214.9420631,7.931,1416790.17,1344890.73,1367448.28,1372905.6666666667,1393761.6883333332,1404072.6541666666,4,15,2,2011,False,False,False,False,False,False,False,False,False,False,False,False,False,False,False,False,False,False,False,False,False,False,False,False,False,False,False,False,False,False,True,False,False,False,False,False,False,False,False,False,False,False,False,False,False,False,False,False,False,1461393.91
31,2011-04-22,1461393.91,N/A,70.79,3.807,215.1096657,7.931,1408464.08,1416790.17,1280465.8,1390048.326666667,1393052.1716666666,1409430.7333333334,4,16,2,2011,False,False,False,False,False,False,False,False,False,False,False,False,False,False,False,False,False,False,False,False,False,False,False,False,False,False,False,False,False,False,True,False,False,False,False,False,False,False,False,False,False,False,False,False,False,False,False,False,False,1331137.96
31,2011-04-29,1331137.96,N/A,70.19,3.81,215.2772683,7.931,1461393.91,1408464.08,1243200.24,1428882.72,1402355.6683333332,1426633.9191666667,4,17,2,2011,False,False,False,False,False,False,False,False,False,False,False,False,False,False,False,False,False,False,False,False,False,False,False,False,False,False,False,False,False,False,True,False,False,False,False,False,False,False,False,False,False,False,False,False,False,False,False,False,False,1388755.61
31,2011-05-06,1388755.61,N/A,61.87,3.906,215.4448709,7.931,1331137.96,1461393.91,1381796.8,1400331.9833333332,1386618.825,1417294.8775000002,5,18,2,2011,False,False,False,False,False,False,False,False,False,False,False,False,False,False,False,False,False,False,False,False,False,False,False,False,False,False,False,False,False,False,True,False,False,False,False,False,False,False,False,False,False,False,False,False,False,False,False,False,False,1408118.22
31,2011-05-13,1408118.22,N/A,75.04,3.899,215.6124735,7.931,1388755.61,1331137.96,1287288.59,1393762.4933333332,1391905.41,1404755.3183333334,5,19,2,2011,False,False,False,False,False,False,False,False,False,False,False,False,False,False,False,False,False,False,False,False,False,False,False,False,False,False,False,False,False,False,True,False,False,False,False,False,False,False,False,False,False,False,False,False,False,False,False,False,False,1387365.19
31,2011-05-20,1387365.19,N/A,68.36,3.907,215.3834778,7.931,1408118.22,1388755.61,1337405.6,1376003.93,1402443.325,1393843.1775,5,20,2,2011,False,False,False,False,False,False,False,False,False,False,False,False,False,False,False,False,False,False,False,False,False,False,False,False,False,False,False,False,False,False,True,False,False,False,False,False,False,False,False,False,False,False,False,False,False,False,False,False,False,1342273.64
31,2011-05-27,1342273.64,N/A,76.86,3.786,215.1544822,7.931,1387365.19,1408118.22,1309437.17,1394746.34,1397539.1616666669,1395650.425,5,21,2,2011,False,False,False,False,False,False,False,False,False,False,False,False,False,False,False,False,False,False,False,False,False,False,False,False,False,False,False,False,False,False,True,False,False,False,False,False,False,False,False,False,False,False,False,False,False,False,False,False,False,1430348.1
31,2011-06-03,1430348.1,N/A,83.82,3.699,214.9254865,7.931,1342273.64,1387365.19,1427624.5,1379252.3499999999,1386507.4216666666,1389779.7966666666,6,22,2,2011,False,False,False,False,False,False,False,False,False,False,False,False,False,False,False,False,False,False,False,False,False,False,False,False,False,False,False,False,False,False,True,False,False,False,False,False,False,False,False,False,False,False,False,False,False,False,False,False,False,1425299.37
31,2011-06-10,1425299.37,N/A,84.71,3.648,214.6964908,7.931,1430348.1,1342273.64,1377092.33,1386662.3099999998,1381333.1199999999,1391844.3941666668,6,23,2,2011,False,False,False,False,False,False,False,False,False,False,False,False,False,False,False,False,False,False,False,False,False,False,False,False,False,False,False,False,False,False,True,False,False,False,False,False,False,False,False,False,False,False,False,False,False,False,False,False,False,1491039.14
31,2011-06-17,1491039.14,N/A,87.54,3.637,214.6513538,7.931,1425299.37,1430348.1,1368090.08,1399307.0366666669,1397026.6883333332,1391822.7566666666,6,24,2,2011,False,False,False,False,False,False,False,False,False,False,False,False,False,False,False,False,False,False,False,False,False,False,False,False,False,False,False,False,False,False,True,False,False,False,False,False,False,False,False,False,False,False,False,False,False,False,False,False,False,1375962.46
31,2011-06-24,1375962.46,N/A,85.72,3.594,214.7441108,7.931,1491039.14,1425299.37,1303523.73,1448895.5366666669,1414073.9433333334,1402989.6766666668,6,25,2,2011,False,False,False,False,False,False,False,False,False,False,False,False,False,False,False,False,False,False,False,False,False,False,False,False,False,False,False,False,False,False,True,False,False,False,False,False,False,False,False,False,False,False,False,False,False,False,False,False,False,1371889.27
31,2011-07-01,1371889.27,N/A,87.57,3.524,214.8368678,7.852,1375962.46,1491039.14,1311704.92,1430766.99,1408714.6500000001,1405578.9874999998,7,26,3,2011,False,False,False,False,False,False,False,False,False,False,False,False,False,False,False,False,False,False,False,False,False,False,False,False,False,False,False,False,False,False,True,False,False,False,False,False,False,False,False,False,False,False,False,False,False,False,False,False,False,1423144.47
31,2011-07-08,1423144.47,N/A,89.16,3.48,214.9296249,7.852,1371889.27,1375962.46,1315118.4,1412963.623333333,1406135.33,1401837.2458333333,7,27,3,2011,False,False,False,False,False,False,False,False,False,False,False,False,False,False,False,False,False,False,False,False,False,False,False,False,False,False,False,False,False,False,True,False,False,False,False,False,False,False,False,False,False,False,False,False,False,False,False,False,False,1415473.91
31,2011-07-15,1415473.91,N/A,91.05,3.575,215.0134426,7.852,1423144.47,1371889.27,1335433.72,1390332.0666666667,1419613.8016666668,1403060.6116666666,7,28,3,2011,False,False,False,False,False,False,False,False,False,False,False,False,False,False,False,False,False,False,False,False,False,False,False,False,False,False,False,False,False,False,True,False,False,False,False,False,False,False,False,False,False,False,False,False,False,False,False,False,False,1401944.8
31,2011-07-22,1401944.8,N/A,90.27,3.651,215.0749122,7.852,1415473.91,1423144.47,1276031.84,1403502.55,1417134.7700000003,1399233.945,7,29,3,2011,False,False,False,False,False,False,False,False,False,False,False,False,False,False,False,False,False,False,False,False,False,False,False,False,False,False,False,False,False,False,True,False,False,False,False,False,False,False,False,False,False,False,False,False,False,False,False,False,False,1308122.15
31,2011-07-29,1308122.15,N/A,91.56,3.682,215.1363819,7.852,1401944.8,1415473.91,1231993.14,1413521.0599999998,1413242.3416666668,1405134.515,7,30,3,2011,False,False,False,False,False,False,False,False,False,False,False,False,False,False,False,False,False,False,False,False,False,False,False,False,False,False,False,False,False,False,True,False,False,False,False,False,False,False,False,False,False,False,False,False,False,False,False,False,False,1428993.33
31,2011-08-05,1428993.33,N/A,94.22,3.684,215.1978515,7.852,1308122.15,1401944.8,1352401.08,1375180.2866666669,1382756.1766666665,1398415.0599999998,8,31,3,2011,False,False,False,False,False,False,False,False,False,False,False,False,False,False,False,False,False,False,False,False,False,False,False,False,False,False,False,False,False,False,True,False,False,False,False,False,False,False,False,False,False,False,False,False,False,False,False,False,False,1443311.49
31,2011-08-12,1443311.49,N/A,92.32,3.638,215.2593211,7.852,1428993.33,1308122.15,1327719.34,1379686.76,1391594.655,1400154.6524999999,8,32,3,2011,False,False,False,False,False,False,False,False,False,False,False,False,False,False,False,False,False,False,False,False,False,False,False,False,False,False,False,False,False,False,True,False,False,False,False,False,False,False,False,False,False,False,False,False,False,False,False,False,False,1487542.53
31,2011-08-19,1487542.53,N/A,90.11,3.554,215.3229307,7.852,1443311.49,1428993.33,1376571.21,1393475.6566666667,1403498.3583333334,1404816.8441666665,8,33,3,2011,False,False,False,False,False,False,False,False,False,False,False,False,False,False,False,False,False,False,False,False,False,False,False,False,False,False,False,False,False,False,True,False,False,False,False,False,False,False,False,False,False,False,False,False,False,False,False,False,False,1417267.07
31,2011-08-26,1417267.07,N/A,92.07,3.523,215.386897,7.852,1487542.53,1443311.49,1326621.98,1453282.4500000002,1414231.3683333334,1416922.585,8,34,3,2011,False,False,False,False,False,False,False,False,False,False,False,False,False,False,False,False,False,False,False,False,False,False,False,False,False,False,False,False,False,False,True,False,False,False,False,False,False,False,False,False,False,False,False,False,False,False,False,False,False,1385769.03
31,2011-09-02,1385769.03,N/A,91.94,3.533,215.4508632,7.852,1417267.07,1487542.53,1302047.48,1449373.6966666665,1414530.2283333335,1415832.4991666668,9,35,3,2011,False,False,False,False,False,False,False,False,False,False,False,False,False,False,False,False,False,False,False,False,False,False,False,False,False,False,False,False,False,False,True,False,False,False,False,False,False,False,False,False,False,False,False,False,False,False,False,False,False,1376670.27
31,2011-09-09,1376670.27,Labor Day,78.87,3.546,215.5148295,7.852,1385769.03,1417267.07,1308179.02,1430192.8766666667,1411834.2666666666,1412538.3041666665,9,36,3,2011,False,False,False,False,False,False,False,False,False,False,False,False,False,False,False,False,False,False,False,False,False,False,False,False,False,False,False,False,False,False,True,False,False,False,False,False,False,False,False,False,False,False,False,False,False,False,False,True,False,1363460.86
31,2011-09-16,1363460.86,N/A,80.62,3.526,215.6944378,7.852,1376670.27,1385769.03,1294105.01,1393235.4566666668,1423258.9533333334,1403007.5650000002,9,37,3,2011,False,False,False,False,False,False,False,False,False,False,False,False,False,False,False,False,False,False,False,False,False,False,False,False,False,False,False,False,False,False,True,False,False,False,False,False,False,False,False,False,False,False,False,False,False,False,False,False,False,1347607.74
31,2011-09-23,1347607.74,N/A,75.68,3.467,216.0282356,7.852,1363460.86,1376670.27,1230250.25,1375300.0533333335,1412336.875,1401965.765,9,38,3,2011,False,False,False,False,False,False,False,False,False,False,False,False,False,False,False,False,False,False,False,False,False,False,False,False,False,False,False,False,False,False,True,False,False,False,False,False,False,False,False,False,False,False,False,False,False,False,False,False,False,1285534.74
31,2011-09-30,1285534.74,N/A,78.91,3.355,216.3620333,7.852,1347607.74,1363460.86,1213981.64,1362579.6233333333,1396386.25,1399942.3041666665,9,39,3,2011,False,False,False,False,False,False,False,False,False,False,False,False,False,False,False,False,False,False,False,False,False,False,False,False,False,False,False,False,False,False,True,False,False,False,False,False,False,False,False,False,False,False,False,False,False,False,False,False,False,1427383.24
31,2011-10-07,1427383.24,N/A,71.64,3.285,216.6958311,7.441,1285534.74,1347607.74,1300131.68,1332201.1133333335,1362718.2850000001,1388474.8266666667,10,40,4,2011,False,False,False,False,False,False,False,False,False,False,False,False,False,False,False,False,False,False,False,False,False,False,False,False,False,False,False,False,False,False,True,False,False,False,False,False,False,False,False,False,False,False,False,False,False,False,False,False,False,1378340.18
31,2011-10-14,1378340.18,N/A,69.79,3.274,217.0048261,7.441,1427383.24,1285534.74,1265852.43,1353508.5733333332,1364404.3133333332,1389467.2708333335,10,41,4,2011,False,False,False,False,False,False,False,False,False,False,False,False,False,False,False,False,False,False,False,False,False,False,False,False,False,False,False,False,False,False,True,False,False,False,False,False,False,False,False,False,False,False,False,False,False,False,False,False,False,1409310.4
31,2011-10-21,1409310.4,N/A,65.16,3.353,217.1650042,7.441,1378340.18,1427383.24,1262289.29,1363752.72,1363166.1716666666,1387500.2191666667,10,42,4,2011,False,False,False,False,False,False,False,False,False,False,False,False,False,False,False,False,False,False,False,False,False,False,False,False,False,False,False,False,False,False,True,False,False,False,False,False,False,False,False,False,False,False,False,False,False,False,False,False,False,1346862.72
32,2011-02-04,1070457.8,N/A,15.47,3.011,191.7625895,8.818,1006814.85,1078348.91,1087616.19,1037790.09,1177405.57,1260567.4725,2,5,1,2011,False,False,False,False,False,False,False,False,False,False,False,False,False,False,False,False,False,False,False,False,False,False,False,False,False,False,False,False,False,False,False,True,False,False,False,False,False,False,False,False,False,False,False,False,False,False,False,False,False,1124357.2
32,2011-02-11,1124357.2,Super Bowl,18.51,3.037,191.8572881,8.818,1070457.8,1006814.85,1123566.12,1051873.8533333333,1030951.3466666667,1254687.3633333333,2,6,1,2011,False,False,False,False,False,False,False,False,False,False,False,False,False,False,False,False,False,False,False,False,False,False,False,False,False,False,False,False,False,False,False,True,False,False,False,False,False,False,False,False,False,False,False,False,False,False,False,False,True,1183528.58
32,2011-02-18,1183528.58,N/A,42.09,3.051,191.9178331,8.818,1124357.2,1070457.8,1082559.06,1067209.95,1059100.24,1252489.6391666667,2,7,1,2011,False,False,False,False,False,False,False,False,False,False,False,False,False,False,False,False,False,False,False,False,False,False,False,False,False,False,False,False,False,False,False,True,False,False,False,False,False,False,False,False,False,False,False,False,False,False,False,False,False,1054754.67
32,2011-02-25,1054754.67,N/A,33.0,3.101,191.9647167,8.818,1183528.58,1124357.2,1053247.1,1126114.5266666666,1081952.3083333333,1214897.3658333335,2,8,1,2011,False,False,False,False,False,False,False,False,False,False,False,False,False,False,False,False,False,False,False,False,False,False,False,False,False,False,False,False,False,False,False,True,False,False,False,False,False,False,False,False,False,False,False,False,False,False,False,False,False,1106847.62
32,2011-03-04,1106847.62,N/A,39.17,3.232,192.0116004,8.818,1054754.67,1183528.58,1066566.74,1120880.1500000001,1086377.0016666667,1202719.2083333333,3,9,1,2011,False,False,False,False,False,False,False,False,False,False,False,False,False,False,False,False,False,False,False,False,False,False,False,False,False,False,False,False,False,False,False,True,False,False,False,False,False,False,False,False,False,False,False,False,False,False,False,False,False,1101458.21
32,2011-03-11,1101458.21,N/A,36.51,3.372,192.058484,8.818,1106847.62,1054754.67,1093319.37,1115043.6233333333,1091126.7866666669,1180179.6158333332,3,10,1,2011,False,False,False,False,False,False,False,False,False,False,False,False,False,False,False,False,False,False,False,False,False,False,False,False,False,False,False,False,False,False,False,True,False,False,False,False,False,False,False,False,False,False,False,False,False,False,False,False,False,1100765.5
32,2011-03-18,1100765.5,N/A,45.25,3.406,192.1237981,8.818,1101458.21,1106847.62,1059781.78,1087686.8333333333,1106900.68,1142153.125,3,11,1,2011,False,False,False,False,False,False,False,False,False,False,False,False,False,False,False,False,False,False,False,False,False,False,False,False,False,False,False,False,False,False,False,True,False,False,False,False,False,False,False,False,False,False,False,False,False,False,False,False,False,1068719.22
32,2011-03-25,1068719.22,N/A,46.7,3.414,192.1964844,8.818,1100765.5,1101458.21,1076021.58,1103023.7766666666,1111951.9633333334,1071451.655,3,12,1,2011,False,False,False,False,False,False,False,False,False,False,False,False,False,False,False,False,False,False,False,False,False,False,False,False,False,False,False,False,False,False,False,True,False,False,False,False,False,False,False,False,False,False,False,False,False,False,False,False,False,1051121.02
32,2011-04-01,1051121.02,N/A,44.83,3.461,192.2691707,8.595,1068719.22,1100765.5,1131732.94,1090314.3099999998,1102678.9666666666,1080889.6033333333,4,13,2,2011,False,False,False,False,False,False,False,False,False,False,False,False,False,False,False,False,False,False,False,False,False,False,False,False,False,False,False,False,False,False,False,True,False,False,False,False,False,False,False,False,False,False,False,False,False,False,False,False,False,1102975.59
32,2011-04-08,1102975.59,N/A,48.81,3.532,192.3418571,8.595,1051121.02,1068719.22,1095889.22,1073535.2466666668,1080611.04,1081281.6741666666,4,14,2,2011,False,False,False,False,False,False,False,False,False,False,False,False,False,False,False,False,False,False,False,False,False,False,False,False,False,False,False,False,False,False,False,True,False,False,False,False,False,False,False,False,False,False,False,False,False,False,False,False,False,1120508.14
32,2011-04-15,1120508.14,N/A,45.97,3.611,192.4225954,8.595,1102975.59,1051121.02,1082763.27,1074271.9433333334,1088647.86,1087512.4308333334,4,15,2,2011,False,False,False,False,False,False,False,False,False,False,False,False,False,False,False,False,False,False,False,False,False,False,False,False,False,False,False,False,False,False,False,True,False,False,False,False,False,False,False,False,False,False,False,False,False,False,False,False,False,1210602.91
32,2011-04-22,1210602.91,N/A,48.69,3.636,192.5234638,8.595,1120508.14,1102975.59,1072474.8,1091534.9166666667,1090924.6133333333,1091025.7,4,16,2,2011,False,False,False,False,False,False,False,False,False,False,False,False,False,False,False,False,False,False,False,False,False,False,False,False,False,False,False,False,False,False,False,True,False,False,False,False,False,False,False,False,False,False,False,False,False,False,False,False,False,1107494.55
32,2011-04-29,1107494.55,N/A,44.86,3.663,192.6243322,8.595,1210602.91,1120508.14,1066792.63,1144695.5466666666,1109115.3966666667,1108008.0383333333,4,17,2,2011,False,False,False,False,False,False,False,False,False,False,False,False,False,False,False,False,False,False,False,False,False,False,False,False,False,False,False,False,False,False,False,True,False,False,False,False,False,False,False,False,False,False,False,False,False,False,False,False,False,1181793.55
32,2011-05-06,1181793.55,N/A,46.65,3.735,192.7252006,8.595,1107494.55,1210602.91,1133657.58,1146201.8666666665,1110236.905,1111094.4341666668,5,18,2,2011,False,False,False,False,False,False,False,False,False,False,False,False,False,False,False,False,False,False,False,False,False,False,False,False,False,False,False,False,False,False,False,True,False,False,False,False,False,False,False,False,False,False,False,False,False,False,False,False,False,1138162.76
32,2011-05-13,1138162.76,N/A,56.09,3.767,192.826069,8.595,1181793.55,1107494.55,1079314.52,1166630.3366666667,1129082.6266666667,1115880.7966666666,5,19,2,2011,False,False,False,False,False,False,False,False,False,False,False,False,False,False,False,False,False,False,False,False,False,False,False,False,False,False,False,False,False,False,False,True,False,False,False,False,False,False,False,False,False,False,False,False,False,False,False,False,False,1145084.76
32,2011-05-20,1145084.76,N/A,45.71,3.828,192.831317,8.595,1138162.76,1181793.55,1143819.35,1142483.62,1143589.5833333333,1112100.3116666668,5,20,2,2011,False,False,False,False,False,False,False,False,False,False,False,False,False,False,False,False,False,False,False,False,False,False,False,False,False,False,False,False,False,False,False,True,False,False,False,False,False,False,False,False,False,False,False,False,False,False,False,False,False,1175447.49
32,2011-05-27,1175447.49,N/A,55.13,3.795,192.8365651,8.595,1145084.76,1138162.76,1205662.85,1155013.6900000002,1150607.7783333333,1119627.8191666666,5,21,2,2011,False,False,False,False,False,False,False,False,False,False,False,False,False,False,False,False,False,False,False,False,False,False,False,False,False,False,False,False,False,False,False,True,False,False,False,False,False,False,False,False,False,False,False,False,False,False,False,False,False,1167757.0
32,2011-06-03,1167757.0,N/A,61.25,3.763,192.8418131,8.595,1175447.49,1145084.76,1149234.96,1152898.336666667,1159764.3366666667,1125344.475,6,22,2,2011,False,False,False,False,False,False,False,False,False,False,False,False,False,False,False,False,False,False,False,False,False,False,False,False,False,False,False,False,False,False,False,True,False,False,False,False,False,False,False,False,False,False,False,False,False,False,False,False,False,1239741.34
32,2011-06-10,1239741.34,N/A,65.49,3.735,192.8470612,8.595,1167757.0,1175447.49,1192074.09,1162763.0833333333,1152623.3516666666,1130869.3741666668,6,23,2,2011,False,False,False,False,False,False,False,False,False,False,False,False,False,False,False,False,False,False,False,False,False,False,False,False,False,False,False,False,False,False,False,True,False,False,False,False,False,False,False,False,False,False,False,False,False,False,False,False,False,1192031.38
32,2011-06-17,1192031.38,N/A,67.38,3.697,192.9034759,8.595,1239741.34,1167757.0,1150191.72,1194315.2766666668,1174664.4833333334,1142450.6941666666,6,24,2,2011,False,False,False,False,False,False,False,False,False,False,False,False,False,False,False,False,False,False,False,False,False,False,False,False,False,False,False,False,False,False,False,True,False,False,False,False,False,False,False,False,False,False,False,False,False,False,False,False,False,1163869.52
32,2011-06-24,1163869.52,N/A,65.06,3.661,192.9982655,8.595,1192031.38,1239741.34,1124763.74,1199843.24,1176370.7883333333,1152726.7074999998,6,25,2,2011,False,False,False,False,False,False,False,False,False,False,False,False,False,False,False,False,False,False,False,False,False,False,False,False,False,False,False,False,False,False,False,True,False,False,False,False,False,False,False,False,False,False,False,False,False,False,False,False,False,1199845.29
32,2011-07-01,1199845.29,N/A,72.86,3.597,193.0930552,8.622,1163869.52,1192031.38,1187988.64,1198547.4133333333,1180655.2483333333,1162122.4158333333,7,26,3,2011,False,False,False,False,False,False,False,False,False,False,False,False,False,False,False,False,False,False,False,False,False,False,False,False,False,False,False,False,False,False,False,True,False,False,False,False,False,False,False,False,False,False,False,False,False,False,False,False,False,1110244.52
32,2011-07-08,1110244.52,N/A,72.56,3.54,193.1878448,8.622,1199845.29,1163869.52,1077253.67,1185248.7300000002,1189782.0033333332,1170194.8908333334,7,27,3,2011,False,False,False,False,False,False,False,False,False,False,False,False,False,False,False,False,False,False,False,False,False,False,False,False,False,False,False,False,False,False,False,True,False,False,False,False,False,False,False,False,False,False,False,False,False,False,False,False,False,1144254.26
32,2011-07-15,1144254.26,N/A,70.55,3.532,193.3125484,8.622,1110244.52,1199845.29,1120172.24,1157986.4433333336,1178914.8416666666,1169339.5891666666,7,28,3,2011,False,False,False,False,False,False,False,False,False,False,False,False,False,False,False,False,False,False,False,False,False,False,False,False,False,False,False,False,False,False,False,True,False,False,False,False,False,False,False,False,False,False,False,False,False,False,False,False,False,1185674.48
32,2011-07-22,1185674.48,N/A,76.0,3.545,193.5120367,8.622,1144254.26,1110244.52,1109574.11,1151448.0233333334,1174997.7183333335,1163810.5350000001,7,29,3,2011,False,False,False,False,False,False,False,False,False,False,False,False,False,False,False,False,False,False,False,False,False,False,False,False,False,False,False,False,False,False,False,True,False,False,False,False,False,False,False,False,False,False,False,False,False,False,False,False,False,1169988.62
32,2011-07-29,1169988.62,N/A,75.91,3.547,193.711525,8.622,1185674.48,1144254.26,1065350.56,1146724.4200000002,1165986.575,1170325.5291666666,7,30,3,2011,False,False,False,False,False,False,False,False,False,False,False,False,False,False,False,False,False,False,False,False,False,False,False,False,False,False,False,False,False,False,False,True,False,False,False,False,False,False,False,False,False,False,False,False,False,False,False,False,False,1201694.14
32,2011-08-05,1201694.14,N/A,74.83,3.554,193.9110133,8.622,1169988.62,1185674.48,1144552.09,1166639.12,1162312.7816666665,1169341.785,8,31,3,2011,False,False,False,False,False,False,False,False,False,False,False,False,False,False,False,False,False,False,False,False,False,False,False,False,False,False,False,False,False,False,False,True,False,False,False,False,False,False,False,False,False,False,False,False,False,False,False,False,False,1206795.74
32,2011-08-12,1206795.74,N/A,74.2,3.542,194.1105017,8.622,1201694.14,1169988.62,1157975.68,1185785.7466666668,1168616.885,1174636.0666666667,8,32,3,2011,False,False,False,False,False,False,False,False,False,False,False,False,False,False,False,False,False,False,False,False,False,False,False,False,False,False,False,False,False,False,False,True,False,False,False,False,False,False,False,False,False,False,False,False,False,False,False,False,False,1221318.17
32,2011-08-19,1221318.17,N/A,73.72,3.499,194.2500634,8.622,1206795.74,1201694.14,1189887.86,1192826.1666666667,1169775.2933333332,1179778.6483333332,8,33,3,2011,False,False,False,False,False,False,False,False,False,False,False,False,False,False,False,False,False,False,False,False,False,False,False,False,False,False,False,False,False,False,False,True,False,False,False,False,False,False,False,False,False,False,False,False,False,False,False,False,False,1183740.91
32,2011-08-26,1183740.91,N/A,75.64,3.485,194.3796374,8.622,1221318.17,1206795.74,1140501.03,1209936.0166666666,1188287.5683333334,1183601.2049999998,8,34,3,2011,False,False,False,False,False,False,False,False,False,False,False,False,False,False,False,False,False,False,False,False,False,False,False,False,False,False,False,False,False,False,False,True,False,False,False,False,False,False,False,False,False,False,False,False,False,False,False,False,False,1152117.5
32,2011-09-02,1152117.5,N/A,74.6,3.511,194.5092113,8.622,1183740.91,1221318.17,1095932.51,1203951.6066666667,1194868.6766666665,1184933.1975,9,35,3,2011,False,False,False,False,False,False,False,False,False,False,False,False,False,False,False,False,False,False,False,False,False,False,False,False,False,False,False,False,False,False,False,True,False,False,False,False,False,False,False,False,False,False,False,False,False,False,False,False,False,1128237.3
32,2011-09-09,1128237.3,Labor Day,61.24,3.566,194.6387853,8.622,1152117.5,1183740.91,1028635.39,1185725.5266666666,1189275.8466666667,1177631.2108333332,9,36,3,2011,False,False,False,False,False,False,False,False,False,False,False,False,False,False,False,False,False,False,False,False,False,False,False,False,False,False,False,False,False,False,False,True,False,False,False,False,False,False,False,False,False,False,False,False,False,False,False,True,False,1142499.25
32,2011-09-16,1142499.25,N/A,60.88,3.596,194.7419707,8.622,1128237.3,1152117.5,1043962.36,1154698.57,1182317.2933333332,1172315.0375,9,37,3,2011,False,False,False,False,False,False,False,False,False,False,False,False,False,False,False,False,False,False,False,False,False,False,False,False,False,False,False,False,False,False,False,True,False,False,False,False,False,False,False,False,False,False,False,False,False,False,False,False,False,1116140.29
32,2011-09-23,1116140.29,N/A,58.66,3.581,194.8099713,8.622,1142499.25,1128237.3,1067432.1,1140951.3499999999,1172451.4783333333,1170534.1816666666,9,38,3,2011,False,False,False,False,False,False,False,False,False,False,False,False,False,False,False,False,False,False,False,False,False,False,False,False,False,False,False,False,False,False,False,True,False,False,False,False,False,False,False,False,False,False,False,False,False,False,False,False,False,1088943.98
32,2011-09-30,1088943.98,N/A,65.04,3.538,194.8779718,8.622,1116140.29,1142499.25,1061089.56,1128958.9466666665,1157342.2366666666,1163558.765,9,39,3,2011,False,False,False,False,False,False,False,False,False,False,False,False,False,False,False,False,False,False,False,False,False,False,False,False,False,False,False,False,False,False,False,True,False,False,False,False,False,False,False,False,False,False,False,False,False,False,False,False,False,1149448.02
32,2011-10-07,1149448.02,N/A,62.62,3.498,194.9459724,8.513,1088943.98,1116140.29,1085483.44,1115861.1733333336,1135279.8716666666,1161783.72,10,40,4,2011,False,False,False,False,False,False,False,False,False,False,False,False,False,False,False,False,False,False,False,False,False,False,False,False,False,False,False,False,False,False,False,True,False,False,False,False,False,False,False,False,False,False,False,False,False,False,False,False,False,1175420.26
32,2011-10-14,1175420.26,N/A,50.15,3.491,195.0261012,8.513,1149448.02,1088943.98,1096692.88,1118177.43,1129564.39,1162216.5333333332,10,41,4,2011,False,False,False,False,False,False,False,False,False,False,False,False,False,False,False,False,False,False,False,False,False,False,False,False,False,False,False,False,False,False,False,True,False,False,False,False,False,False,False,False,False,False,False,False,False,False,False,False,False,1151258.74
32,2011-10-21,1151258.74,N/A,48.87,3.548,195.1789994,8.513,1175420.26,1149448.02,1102185.0,1137937.4200000002,1133448.1833333333,1161362.015,10,42,4,2011,False,False,False,False,False,False,False,False,False,False,False,False,False,False,False,False,False,False,False,False,False,False,False,False,False,False,False,False,False,False,False,True,False,False,False,False,False,False,False,False,False,False,False,False,False,False,False,False,False,1185391.96
33,2011-02-04,234218.03,N/A,49.26,3.348,127.7195806,8.951,231155.9,244856.44,274593.43,245180.03000000003,241423.42666666664,240661.70333333334,2,5,1,2011,False,False,False,False,False,False,False,False,False,False,False,False,False,False,False,False,False,False,False,False,False,False,False,False,False,False,False,False,False,False,False,False,True,False,False,False,False,False,False,False,False,False,False,False,False,False,False,False,False,276198.74
33,2011-02-11,276198.74,Super Bowl,53.35,3.381,127.859129,8.951,234218.03,231155.9,294882.83,236743.4566666667,238918.63166666668,237446.21083333332,2,6,1,2011,False,False,False,False,False,False,False,False,False,False,False,False,False,False,False,False,False,False,False,False,False,False,False,False,False,False,False,False,False,False,False,False,True,False,False,False,False,False,False,False,False,False,False,False,False,False,False,False,True,252349.6
33,2011-02-18,252349.6,N/A,62.03,3.43,127.99525,8.951,276198.74,234218.03,296850.83,247190.89,248317.6133333333,241742.7925,2,7,1,2011,False,False,False,False,False,False,False,False,False,False,False,False,False,False,False,False,False,False,False,False,False,False,False,False,False,False,False,False,False,False,False,False,True,False,False,False,False,False,False,False,False,False,False,False,False,False,False,False,False,242901.21
33,2011-02-25,242901.21,N/A,54.89,3.398,128.13,8.951,252349.6,276198.74,284052.77,254255.45666666667,249717.74333333332,242768.21166666667,2,8,1,2011,False,False,False,False,False,False,False,False,False,False,False,False,False,False,False,False,False,False,False,False,False,False,False,False,False,False,False,False,False,False,False,False,True,False,False,False,False,False,False,False,False,False,False,False,False,False,False,False,False,245435.8
33,2011-03-04,245435.8,N/A,59.51,3.674,128.26475,8.951,242901.21,252349.6,291484.89,257149.85,246946.65333333332,245511.125,3,9,1,2011,False,False,False,False,False,False,False,False,False,False,False,False,False,False,False,False,False,False,False,False,False,False,False,False,False,False,False,False,False,False,False,False,True,False,False,False,False,False,False,False,False,False,False,False,False,False,False,False,False,270921.44
33,2011-03-11,270921.44,N/A,66.51,3.63,128.3995,8.951,245435.8,242901.21,312161.0,246895.5366666667,247043.21333333335,244876.6,3,10,1,2011,False,False,False,False,False,False,False,False,False,False,False,False,False,False,False,False,False,False,False,False,False,False,False,False,False,False,False,False,False,False,False,False,True,False,False,False,False,False,False,False,False,False,False,False,False,False,False,False,False,247234.47
33,2011-03-18,247234.47,N/A,72.72,3.892,128.5121935,8.951,270921.44,245435.8,282235.73,253086.15000000002,253670.80333333334,247547.115,3,11,1,2011,False,False,False,False,False,False,False,False,False,False,False,False,False,False,False,False,False,False,False,False,False,False,False,False,False,False,False,False,False,False,False,False,True,False,False,False,False,False,False,False,False,False,False,False,False,False,False,False,False,238084.08
33,2011-03-25,238084.08,N/A,63.34,3.716,128.6160645,8.951,247234.47,270921.44,262893.76,254530.57000000004,255840.21,247379.42083333337,3,12,1,2011,False,False,False,False,False,False,False,False,False,False,False,False,False,False,False,False,False,False,False,False,False,False,False,False,False,False,False,False,False,False,False,False,True,False,False,False,False,False,False,False,False,False,False,False,False,False,False,False,False,232769.09
33,2011-04-01,232769.09,N/A,71.41,3.772,128.7199355,8.687,238084.08,247234.47,274634.52,252079.99666666667,249487.7666666667,248902.68999999997,4,13,2,2011,False,False,False,False,False,False,False,False,False,False,False,False,False,False,False,False,False,False,False,False,False,False,False,False,False,False,False,False,False,False,False,False,True,False,False,False,False,False,False,False,False,False,False,False,False,False,False,False,False,271924.73
33,2011-04-08,271924.73,N/A,75.11,3.818,128.8238065,8.687,232769.09,238084.08,325201.05,239362.54666666666,246224.3483333333,247971.04583333337,4,14,2,2011,False,False,False,False,False,False,False,False,False,False,False,False,False,False,False,False,False,False,False,False,False,False,False,False,False,False,False,False,False,False,False,False,True,False,False,False,False,False,False,False,False,False,False,False,False,False,False,False,False,275749.56
33,2011-04-15,275749.56,N/A,64.64,4.089,128.9107333,8.687,271924.73,232769.09,307779.64,247592.63333333333,251061.60166666665,249004.12750000003,4,15,2,2011,False,False,False,False,False,False,False,False,False,False,False,False,False,False,False,False,False,False,False,False,False,False,False,False,False,False,False,False,False,False,False,False,True,False,False,False,False,False,False,False,False,False,False,False,False,False,False,False,False,248603.3
33,2011-04-22,248603.3,N/A,79.46,3.917,128.9553,8.687,275749.56,271924.73,263263.02,260147.79333333333,256113.895,251578.55416666667,4,16,2,2011,False,False,False,False,False,False,False,False,False,False,False,False,False,False,False,False,False,False,False,False,False,False,False,False,False,False,False,False,False,False,False,False,True,False,False,False,False,False,False,False,False,False,False,False,False,False,False,False,False,248561.86
33,2011-04-29,248561.86,N/A,77.44,4.151,128.9998667,8.687,248603.3,275749.56,275883.23,265425.86333333334,252394.205,253032.50416666665,4,17,2,2011,False,False,False,False,False,False,False,False,False,False,False,False,False,False,False,False,False,False,False,False,False,False,False,False,False,False,False,False,False,False,False,False,True,False,False,False,False,False,False,False,False,False,False,False,False,False,False,False,False,257031.19
33,2011-05-06,257031.19,N/A,77.92,4.193,129.0444333,8.687,248561.86,248603.3,326870.13,257638.24,252615.43666666668,254227.82333333333,5,18,2,2011,False,False,False,False,False,False,False,False,False,False,False,False,False,False,False,False,False,False,False,False,False,False,False,False,False,False,False,False,False,False,False,False,True,False,False,False,False,False,False,False,False,False,False,False,False,False,False,False,False,279466.87
33,2011-05-13,279466.87,N/A,78.24,4.202,129.089,8.687,257031.19,248561.86,331173.51,251398.78333333335,255773.28833333333,252630.52749999997,5,19,2,2011,False,False,False,False,False,False,False,False,False,False,False,False,False,False,False,False,False,False,False,False,False,False,False,False,False,False,False,False,False,False,False,False,True,False,False,False,False,False,False,False,False,False,False,False,False,False,False,False,False,239206.26
33,2011-05-20,239206.26,N/A,76.07,3.99,129.0756774,8.687,279466.87,257031.19,294264.2,261686.64,263556.25166666665,254890.30000000002,5,20,2,2011,False,False,False,False,False,False,False,False,False,False,False,False,False,False,False,False,False,False,False,False,False,False,False,False,False,False,False,False,False,False,False,False,True,False,False,False,False,False,False,False,False,False,False,False,False,False,False,False,False,239431.85
33,2011-05-27,239431.85,N/A,82.32,3.933,129.0623548,8.687,239206.26,279466.87,279246.33,258568.1066666667,258103.1733333333,254582.38749999998,5,21,2,2011,False,False,False,False,False,False,False,False,False,False,False,False,False,False,False,False,False,False,False,False,False,False,False,False,False,False,False,False,False,False,False,False,True,False,False,False,False,False,False,False,False,False,False,False,False,False,False,False,False,243477.03
33,2011-06-03,243477.03,N/A,82.93,3.893,129.0490323,8.687,239431.85,239206.26,285100.0,252701.66000000003,252050.22166666668,254082.05833333332,6,22,2,2011,False,False,False,False,False,False,False,False,False,False,False,False,False,False,False,False,False,False,False,False,False,False,False,False,False,False,False,False,False,False,False,False,True,False,False,False,False,False,False,False,False,False,False,False,False,False,False,False,False,258427.39
33,2011-06-10,258427.39,N/A,87.02,3.981,129.0357097,8.687,243477.03,239431.85,310800.79,240705.04666666672,251195.84333333335,251795.02416666667,6,23,2,2011,False,False,False,False,False,False,False,False,False,False,False,False,False,False,False,False,False,False,False,False,False,False,False,False,False,False,False,False,False,False,False,False,True,False,False,False,False,False,False,False,False,False,False,False,False,False,False,False,False,238172.66
33,2011-06-17,238172.66,N/A,91.11,3.935,129.0432,8.687,258427.39,243477.03,272399.08,247112.09,252840.09833333336,252727.7675,6,24,2,2011,False,False,False,False,False,False,False,False,False,False,False,False,False,False,False,False,False,False,False,False,False,False,False,False,False,False,False,False,False,False,False,False,True,False,False,False,False,False,False,False,False,False,False,False,False,False,False,False,False,238433.53
33,2011-06-24,238433.53,N/A,94.11,3.807,129.0663,8.687,238172.66,258427.39,259419.91,246692.36000000002,249697.01,252735.14916666667,6,25,2,2011,False,False,False,False,False,False,False,False,False,False,False,False,False,False,False,False,False,False,False,False,False,False,False,False,False,False,False,False,False,False,False,False,True,False,False,False,False,False,False,False,False,False,False,False,False,False,False,False,False,226702.36
33,2011-07-01,226702.36,N/A,98.43,3.842,129.0894,8.442,238433.53,238172.66,267495.76,245011.19333333336,242858.12000000002,253207.18583333332,7,26,3,2011,False,False,False,False,False,False,False,False,False,False,False,False,False,False,False,False,False,False,False,False,False,False,False,False,False,False,False,False,False,False,False,False,True,False,False,False,False,False,False,False,False,False,False,False,False,False,False,False,False,262717.71
33,2011-07-08,262717.71,N/A,96.44,3.793,129.1125,8.442,226702.36,238433.53,302423.93,234436.18333333335,240774.1366666667,249438.655,7,27,3,2011,False,False,False,False,False,False,False,False,False,False,False,False,False,False,False,False,False,False,False,False,False,False,False,False,False,False,False,False,False,False,False,False,True,False,False,False,False,False,False,False,False,False,False,False,False,False,False,False,False,265003.47
33,2011-07-15,265003.47,N/A,92.83,3.779,129.1338387,8.442,262717.71,226702.36,280937.84,242617.8666666667,244655.1133333333,248352.66749999998,7,28,3,2011,False,False,False,False,False,False,False,False,False,False,False,False,False,False,False,False,False,False,False,False,False,False,False,False,False,False,False,False,False,False,False,False,True,False,False,False,False,False,False,False,False,False,False,False,False,False,False,False,False,238915.05
33,2011-07-22,238915.05,N/A,97.17,3.697,129.1507742,8.442,265003.47,262717.71,252734.31,251474.51333333334,248242.8533333333,249719.34833333336,7,29,3,2011,False,False,False,False,False,False,False,False,False,False,False,False,False,False,False,False,False,False,False,False,False,False,False,False,False,False,False,False,False,False,False,False,True,False,False,False,False,False,False,False,False,False,False,False,False,False,False,False,False,224806.96
33,2011-07-29,224806.96,N/A,95.28,3.694,129.1677097,8.442,238915.05,265003.47,242047.03,255545.41,244990.79666666666,248915.4475,7,30,3,2011,False,False,False,False,False,False,False,False,False,False,False,False,False,False,False,False,False,False,False,False,False,False,False,False,False,False,False,False,False,False,False,False,True,False,False,False,False,False,False,False,False,False,False,False,False,False,False,False,False,242456.39
33,2011-08-05,242456.39,N/A,96.93,3.803,129.1846452,8.442,224806.96,238915.05,262789.95,242908.49333333332,242763.17999999996,246230.095,8,31,3,2011,False,False,False,False,False,False,False,False,False,False,False,False,False,False,False,False,False,False,False,False,False,False,False,False,False,False,False,False,False,False,False,False,True,False,False,False,False,False,False,False,False,False,False,False,False,False,False,False,False,274721.85
33,2011-08-12,274721.85,N/A,96.0,3.794,129.2015806,8.442,242456.39,224806.96,265367.51,235392.80000000002,243433.65666666665,243145.88833333334,8,32,3,2011,False,False,False,False,False,False,False,False,False,False,False,False,False,False,False,False,False,False,False,False,False,False,False,False,False,False,False,False,False,False,False,False,True,False,False,False,False,False,False,False,False,False,False,False,False,False,False,False,False,242771.37
33,2011-08-19,242771.37,N/A,95.89,3.743,129.2405806,8.442,274721.85,242456.39,230519.49,247328.4,251436.905,246105.52083333334,8,33,3,2011,False,False,False,False,False,False,False,False,False,False,False,False,False,False,False,False,False,False,False,False,False,False,False,False,False,False,False,False,False,False,False,False,True,False,False,False,False,False,False,False,False,False,False,False,False,False,False,False,False,237095.82
33,2011-08-26,237095.82,N/A,99.66,3.663,129.2832581,8.442,242771.37,274721.85,224031.19,253316.5366666667,248112.51499999998,246383.81416666668,8,34,3,2011,False,False,False,False,False,False,False,False,False,False,False,False,False,False,False,False,False,False,False,False,False,False,False,False,False,False,False,False,False,False,False,False,True,False,False,False,False,False,False,False,False,False,False,False,False,False,False,False,False,239198.36
33,2011-09-02,239198.36,N/A,99.2,3.798,129.3259355,8.442,237095.82,242771.37,237405.82,251529.68000000002,243461.24,245852.04666666666,9,35,3,2011,False,False,False,False,False,False,False,False,False,False,False,False,False,False,False,False,False,False,False,False,False,False,False,False,False,False,False,False,False,False,False,False,True,False,False,False,False,False,False,False,False,False,False,False,False,False,False,False,False,281842.28
33,2011-09-09,281842.28,Labor Day,96.22,3.771,129.3686129,8.442,239198.36,237095.82,272834.88,239688.5166666667,243508.45833333334,244249.62749999997,9,36,3,2011,False,False,False,False,False,False,False,False,False,False,False,False,False,False,False,False,False,False,False,False,False,False,False,False,False,False,False,False,False,False,False,False,True,False,False,False,False,False,False,False,False,False,False,False,False,False,False,True,False,262407.57
33,2011-09-16,262407.57,N/A,85.79,3.784,129.4306,8.442,281842.28,239198.36,246277.18,252712.15333333335,253014.345,247888.76249999998,9,37,3,2011,False,False,False,False,False,False,False,False,False,False,False,False,False,False,False,False,False,False,False,False,False,False,False,False,False,False,False,False,False,False,False,False,True,False,False,False,False,False,False,False,False,False,False,False,False,False,False,False,False,234793.12
33,2011-09-23,234793.12,N/A,88.93,3.789,129.5183333,8.442,262407.57,281842.28,231976.84,261149.40333333335,256339.54166666666,249886.59916666665,9,38,3,2011,False,False,False,False,False,False,False,False,False,False,False,False,False,False,False,False,False,False,False,False,False,False,False,False,False,False,False,False,False,False,False,False,True,False,False,False,False,False,False,False,False,False,False,False,False,False,False,False,False,229731.98
33,2011-09-30,229731.98,N/A,89.1,3.877,129.6060667,8.442,234793.12,262407.57,224294.39,259680.99000000002,249684.75333333333,250560.8291666667,9,39,3,2011,False,False,False,False,False,False,False,False,False,False,False,False,False,False,False,False,False,False,False,False,False,False,False,False,False,False,False,False,False,False,False,False,True,False,False,False,False,False,False,False,False,False,False,False,False,False,False,False,False,262159.13
33,2011-10-07,262159.13,N/A,81.16,3.827,129.6938,8.01,229731.98,234793.12,266484.19,242310.89,247511.52166666664,247812.01833333334,10,40,4,2011,False,False,False,False,False,False,False,False,False,False,False,False,False,False,False,False,False,False,False,False,False,False,False,False,False,False,False,False,False,False,False,False,True,False,False,False,False,False,False,False,False,False,False,False,False,False,False,False,False,272487.33
33,2011-10-14,272487.33,N/A,76.49,3.698,129.7706452,8.01,262159.13,229731.98,251732.92,242228.07666666666,251688.74,247574.99,10,41,4,2011,False,False,False,False,False,False,False,False,False,False,False,False,False,False,False,False,False,False,False,False,False,False,False,False,False,False,False,False,False,False,False,False,True,False,False,False,False,False,False,False,False,False,False,False,False,False,False,False,False,233543.08
33,2011-10-21,233543.08,N/A,81.74,3.842,129.7821613,8.01,272487.33,262159.13,234175.92,254792.81333333335,257236.90166666664,250372.68000000002,10,42,4,2011,False,False,False,False,False,False,False,False,False,False,False,False,False,False,False,False,False,False,False,False,False,False,False,False,False,False,False,False,False,False,False,False,True,False,False,False,False,False,False,False,False,False,False,False,False,False,False,False,False,231319.96
34,2011-02-04,971932.87,N/A,23.82,2.996,127.7195806,10.398,836717.75,891025.39,956228.96,875451.1566666666,1008309.725,1050846.125,2,5,1,2011,False,False,False,False,False,False,False,False,False,False,False,False,False,False,False,False,False,False,False,False,False,False,False,False,False,False,False,False,False,False,False,False,False,True,False,False,False,False,False,False,False,False,False,False,False,False,False,False,False,1015654.6
34,2011-02-11,1015654.6,Super Bowl,28.66,3.033,127.859129,10.398,971932.87,836717.75,994610.99,899892.0033333333,900173.8283333333,1050196.2991666666,2,6,1,2011,False,False,False,False,False,False,False,False,False,False,False,False,False,False,False,False,False,False,False,False,False,False,False,False,False,False,False,False,False,False,False,False,False,True,False,False,False,False,False,False,False,False,False,False,False,False,False,False,True,1062629.3
34,2011-02-18,1062629.3,N/A,45.12,3.058,127.99525,10.398,1015654.6,971932.87,983963.07,941435.0733333332,919097.9799999999,1055186.9883333333,2,7,1,2011,False,False,False,False,False,False,False,False,False,False,False,False,False,False,False,False,False,False,False,False,False,False,False,False,False,False,False,False,False,False,False,False,False,True,False,False,False,False,False,False,False,False,False,False,False,False,False,False,False,953331.45
34,2011-02-25,953331.45,N/A,44.57,3.087,128.13,10.398,1062629.3,1015654.6,905756.13,1016738.9233333333,946095.04,1034616.3733333332,2,8,1,2011,False,False,False,False,False,False,False,False,False,False,False,False,False,False,False,False,False,False,False,False,False,False,False,False,False,False,False,False,False,False,False,False,False,True,False,False,False,False,False,False,False,False,False,False,False,False,False,False,False,963910.81
34,2011-03-04,963910.81,N/A,46.21,3.305,128.26475,10.398,953331.45,1062629.3,918295.79,1010538.4499999998,955215.2266666666,1030601.31,3,9,1,2011,False,False,False,False,False,False,False,False,False,False,False,False,False,False,False,False,False,False,False,False,False,False,False,False,False,False,False,False,False,False,False,False,False,True,False,False,False,False,False,False,False,False,False,False,False,False,False,False,False,943951.67
34,2011-03-11,943951.67,N/A,45.87,3.461,128.3995,10.398,963910.81,953331.45,921247.88,993290.52,967362.7966666667,1020372.1258333331,3,10,1,2011,False,False,False,False,False,False,False,False,False,False,False,False,False,False,False,False,False,False,False,False,False,False,False,False,False,False,False,False,False,False,False,False,False,True,False,False,False,False,False,False,False,False,False,False,False,False,False,False,False,1014218.8
34,2011-03-18,1014218.8,N/A,55.58,3.495,128.5121935,10.398,943951.67,963910.81,892070.82,953731.31,985235.1166666667,996772.4208333334,3,11,1,2011,False,False,False,False,False,False,False,False,False,False,False,False,False,False,False,False,False,False,False,False,False,False,False,False,False,False,False,False,False,False,False,False,False,True,False,False,False,False,False,False,False,False,False,False,False,False,False,False,False,922898.38
34,2011-03-25,922898.38,N/A,53.11,3.48,128.6160645,10.398,1014218.8,943951.67,880742.35,974027.0933333334,992282.7716666666,946228.2999999999,3,12,1,2011,False,False,False,False,False,False,False,False,False,False,False,False,False,False,False,False,False,False,False,False,False,False,False,False,False,False,False,False,False,False,False,False,False,True,False,False,False,False,False,False,False,False,False,False,False,False,False,False,False,884233.67
34,2011-04-01,884233.67,N/A,55.46,3.521,128.7199355,10.581,922898.38,1014218.8,979428.66,960356.2833333333,976823.4016666667,947960.6908333334,4,13,2,2011,False,False,False,False,False,False,False,False,False,False,False,False,False,False,False,False,False,False,False,False,False,False,False,False,False,False,False,False,False,False,False,False,False,True,False,False,False,False,False,False,False,False,False,False,False,False,False,False,False,975479.83
34,2011-04-08,975479.83,N/A,58.59,3.605,128.8238065,10.581,884233.67,922898.38,950684.2,940450.2833333333,947090.7966666667,946592.9183333335,4,14,2,2011,False,False,False,False,False,False,False,False,False,False,False,False,False,False,False,False,False,False,False,False,False,False,False,False,False,False,False,False,False,False,False,False,False,True,False,False,False,False,False,False,False,False,False,False,False,False,False,False,False,941829.0
34,2011-04-15,941829.0,N/A,53.3,3.724,128.9107333,10.581,975479.83,884233.67,923344.54,927537.2933333333,950782.1933333334,952998.7100000001,4,15,2,2011,False,False,False,False,False,False,False,False,False,False,False,False,False,False,False,False,False,False,False,False,False,False,False,False,False,False,False,False,False,False,False,False,False,True,False,False,False,False,False,False,False,False,False,False,False,False,False,False,False,1051518.45
34,2011-04-22,1051518.45,N/A,63.83,3.781,128.9553,10.581,941829.0,975479.83,910240.68,933847.5,947101.8916666666,957232.3441666667,4,16,2,2011,False,False,False,False,False,False,False,False,False,False,False,False,False,False,False,False,False,False,False,False,False,False,False,False,False,False,False,False,False,False,False,False,False,True,False,False,False,False,False,False,False,False,False,False,False,False,False,False,False,895973.02
34,2011-04-29,895973.02,N/A,57.73,3.781,128.9998667,10.581,1051518.45,941829.0,859922.19,989609.0933333334,965029.6883333334,975132.4025,4,17,2,2011,False,False,False,False,False,False,False,False,False,False,False,False,False,False,False,False,False,False,False,False,False,False,False,False,False,False,False,False,False,False,False,False,False,True,False,False,False,False,False,False,False,False,False,False,False,False,False,False,False,965853.58
34,2011-05-06,965853.58,N/A,54.4,3.866,129.0444333,10.581,895973.02,1051518.45,953495.48,963106.8233333332,945322.0583333335,968802.4149999999,5,18,2,2011,False,False,False,False,False,False,False,False,False,False,False,False,False,False,False,False,False,False,False,False,False,False,False,False,False,False,False,False,False,False,False,False,False,True,False,False,False,False,False,False,False,False,False,False,False,False,False,False,False,966232.69
34,2011-05-13,966232.69,N/A,63.05,3.872,129.089,10.581,965853.58,895973.02,933924.44,971115.0166666666,952481.2583333334,964652.33,5,19,2,2011,False,False,False,False,False,False,False,False,False,False,False,False,False,False,False,False,False,False,False,False,False,False,False,False,False,False,False,False,False,False,False,False,False,True,False,False,False,False,False,False,False,False,False,False,False,False,False,False,False,945018.83
34,2011-05-20,945018.83,N/A,61.47,3.881,129.0756774,10.581,966232.69,965853.58,913616.32,942686.43,966147.7616666666,956619.2791666668,5,20,2,2011,False,False,False,False,False,False,False,False,False,False,False,False,False,False,False,False,False,False,False,False,False,False,False,False,False,False,False,False,False,False,False,False,False,True,False,False,False,False,False,False,False,False,False,False,False,False,False,False,False,941311.83
34,2011-05-27,941311.83,N/A,65.99,3.771,129.0623548,10.581,945018.83,966232.69,942868.38,959035.0333333332,961070.9283333333,955926.5608333334,5,21,2,2011,False,False,False,False,False,False,False,False,False,False,False,False,False,False,False,False,False,False,False,False,False,False,False,False,False,False,False,False,False,False,False,False,False,True,False,False,False,False,False,False,False,False,False,False,False,False,False,False,False,947229.24
34,2011-06-03,947229.24,N/A,74.64,3.683,129.0490323,10.581,941311.83,945018.83,966187.51,950854.4499999998,960984.7333333334,954043.3125,6,22,2,2011,False,False,False,False,False,False,False,False,False,False,False,False,False,False,False,False,False,False,False,False,False,False,False,False,False,False,False,False,False,False,False,False,False,True,False,False,False,False,False,False,False,False,False,False,False,False,False,False,False,943912.77
34,2011-06-10,943912.77,N/A,74.57,3.64,129.0357097,10.581,947229.24,941311.83,954681.56,944519.9666666667,943603.1983333334,954316.4433333332,6,23,2,2011,False,False,False,False,False,False,False,False,False,False,False,False,False,False,False,False,False,False,False,False,False,False,False,False,False,False,False,False,False,False,False,False,False,True,False,False,False,False,False,False,False,False,False,False,False,False,False,False,False,968258.09
34,2011-06-17,968258.09,N/A,76.58,3.618,129.0432,10.581,943912.77,947229.24,941612.04,944151.2799999999,951593.1566666666,948457.6075,6,24,2,2011,False,False,False,False,False,False,False,False,False,False,False,False,False,False,False,False,False,False,False,False,False,False,False,False,False,False,False,False,False,False,False,False,False,True,False,False,False,False,False,False,False,False,False,False,False,False,False,False,False,923795.04
34,2011-06-24,923795.04,N/A,77.16,3.57,129.0663,10.581,968258.09,943912.77,895800.07,953133.3666666666,951993.9083333332,952237.5833333334,6,25,2,2011,False,False,False,False,False,False,False,False,False,False,False,False,False,False,False,False,False,False,False,False,False,False,False,False,False,False,False,False,False,False,False,False,False,True,False,False,False,False,False,False,False,False,False,False,False,False,False,False,False,911106.22
34,2011-07-01,911106.22,N/A,81.96,3.504,129.0894,10.641,923795.04,968258.09,919229.36,945321.9666666668,944920.9666666667,955534.3641666666,7,26,3,2011,False,False,False,False,False,False,False,False,False,False,False,False,False,False,False,False,False,False,False,False,False,False,False,False,False,False,False,False,False,False,False,False,False,True,False,False,False,False,False,False,False,False,False,False,False,False,False,False,False,926934.57
34,2011-07-08,926934.57,N/A,80.84,3.469,129.1125,10.641,911106.22,923795.04,911210.81,934386.4500000001,939268.8649999999,950169.8966666666,7,27,3,2011,False,False,False,False,False,False,False,False,False,False,False,False,False,False,False,False,False,False,False,False,False,False,False,False,False,False,False,False,False,False,False,False,False,True,False,False,False,False,False,False,False,False,False,False,False,False,False,False,False,903882.96
34,2011-07-15,903882.96,N/A,78.09,3.563,129.1338387,10.641,926934.57,911106.22,930269.79,920611.9433333334,936872.6549999999,948928.6941666667,7,28,3,2011,False,False,False,False,False,False,False,False,False,False,False,False,False,False,False,False,False,False,False,False,False,False,False,False,False,False,False,False,False,False,False,False,False,True,False,False,False,False,False,False,False,False,False,False,False,False,False,False,False,913236.62
34,2011-07-22,913236.62,N/A,80.75,3.627,129.1507742,10.641,903882.96,926934.57,902050.95,913974.5833333334,929648.2749999999,936625.7366666667,7,29,3,2011,False,False,False,False,False,False,False,False,False,False,False,False,False,False,False,False,False,False,False,False,False,False,False,False,False,False,False,False,False,False,False,False,False,True,False,False,False,False,False,False,False,False,False,False,False,False,False,False,False,851461.9
34,2011-07-29,851461.9,N/A,78.04,3.659,129.1677097,10.641,913236.62,903882.96,875976.83,914684.7166666667,924535.5833333334,938064.3700000001,7,30,3,2011,False,False,False,False,False,False,False,False,False,False,False,False,False,False,False,False,False,False,False,False,False,False,False,False,False,False,False,False,False,False,False,False,False,True,False,False,False,False,False,False,False,False,False,False,False,False,False,False,False,942236.45
34,2011-08-05,942236.45,N/A,76.71,3.662,129.1846452,10.641,851461.9,913236.62,987435.35,889527.16,905069.5516666668,928531.73,8,31,3,2011,False,False,False,False,False,False,False,False,False,False,False,False,False,False,False,False,False,False,False,False,False,False,False,False,False,False,False,False,False,False,False,False,False,True,False,False,False,False,False,False,False,False,False,False,False,False,False,False,False,956251.18
34,2011-08-12,956251.18,N/A,80.23,3.617,129.2015806,10.641,942236.45,851461.9,951208.65,902311.6566666667,908143.12,926532.0433333333,8,32,3,2011,False,False,False,False,False,False,False,False,False,False,False,False,False,False,False,False,False,False,False,False,False,False,False,False,False,False,False,False,False,False,False,False,False,True,False,False,False,False,False,False,False,False,False,False,False,False,False,False,False,960418.54
34,2011-08-19,960418.54,N/A,77.08,3.55,129.2405806,10.641,956251.18,942236.45,985152.94,916649.8433333334,915667.2800000001,927468.0725000001,8,33,3,2011,False,False,False,False,False,False,False,False,False,False,False,False,False,False,False,False,False,False,False,False,False,False,False,False,False,False,False,False,False,False,False,False,False,True,False,False,False,False,False,False,False,False,False,False,False,False,False,False,False,871404.6
34,2011-08-26,871404.6,N/A,77.27,3.523,129.2832581,10.641,960418.54,956251.18,855421.39,952968.7233333333,921247.9416666668,929060.2983333333,8,34,3,2011,False,False,False,False,False,False,False,False,False,False,False,False,False,False,False,False,False,False,False,False,False,False,False,False,False,False,False,False,False,False,False,False,False,True,False,False,False,False,False,False,False,False,False,False,False,False,False,False,False,926455.64
34,2011-09-02,926455.64,N/A,78.24,3.533,129.3259355,10.641,871404.6,960418.54,964356.74,929358.1066666666,915834.8816666667,922741.5783333335,9,35,3,2011,False,False,False,False,False,False,False,False,False,False,False,False,False,False,False,False,False,False,False,False,False,False,False,False,False,False,False,False,False,False,False,False,False,True,False,False,False,False,False,False,False,False,False,False,False,False,False,False,False,930506.14
34,2011-09-09,930506.14,Labor Day,70.05,3.554,129.3686129,10.641,926455.64,871404.6,932240.96,919426.2600000001,918038.0516666668,921286.8174999999,9,36,3,2011,False,False,False,False,False,False,False,False,False,False,False,False,False,False,False,False,False,False,False,False,False,False,False,False,False,False,False,False,False,False,False,False,False,True,False,False,False,False,False,False,False,False,False,False,False,False,False,True,False,927249.61
34,2011-09-16,927249.61,N/A,64.94,3.532,129.4306,10.641,930506.14,926455.64,885445.47,909455.46,931212.0916666667,918140.8216666667,9,37,3,2011,False,False,False,False,False,False,False,False,False,False,False,False,False,False,False,False,False,False,False,False,False,False,False,False,False,False,False,False,False,False,False,False,False,True,False,False,False,False,False,False,False,False,False,False,False,False,False,False,False,902852.73
34,2011-09-23,902852.73,N/A,66.23,3.473,129.5183333,10.641,927249.61,930506.14,867539.07,928070.4633333333,928714.2850000001,918428.7025,9,38,3,2011,False,False,False,False,False,False,False,False,False,False,False,False,False,False,False,False,False,False,False,False,False,False,False,False,False,False,False,False,False,False,False,False,False,True,False,False,False,False,False,False,False,False,False,False,False,False,False,False,False,871847.85
34,2011-09-30,871847.85,N/A,69.44,3.371,129.6060667,10.641,902852.73,927249.61,865709.11,920202.8266666667,919814.5433333333,917740.9116666666,9,39,3,2011,False,False,False,False,False,False,False,False,False,False,False,False,False,False,False,False,False,False,False,False,False,False,False,False,False,False,False,False,False,False,False,False,False,True,False,False,False,False,False,False,False,False,False,False,False,False,False,False,False,954069.45
34,2011-10-07,954069.45,N/A,60.42,3.299,129.6938,10.148,871847.85,902852.73,931710.67,900650.0633333334,905052.7616666666,913150.3516666666,10,40,4,2011,False,False,False,False,False,False,False,False,False,False,False,False,False,False,False,False,False,False,False,False,False,False,False,False,False,False,False,False,False,False,False,False,False,True,False,False,False,False,False,False,False,False,False,False,False,False,False,False,False,911788.79
34,2011-10-14,911788.79,N/A,54.72,3.283,129.7706452,10.148,954069.45,871847.85,888703.62,909590.0099999999,918830.2366666667,917332.5591666667,10,41,4,2011,False,False,False,False,False,False,False,False,False,False,False,False,False,False,False,False,False,False,False,False,False,False,False,False,False,False,False,False,False,False,False,False,False,True,False,False,False,False,False,False,False,False,False,False,False,False,False,False,False,953693.23
34,2011-10-21,953693.23,N/A,58.93,3.361,129.7821613,10.148,911788.79,954069.45,936293.6,912568.6966666667,916385.7616666666,917211.9066666666,10,42,4,2011,False,False,False,False,False,False,False,False,False,False,False,False,False,False,False,False,False,False,False,False,False,False,False,False,False,False,False,False,False,False,False,False,False,True,False,False,False,False,False,False,False,False,False,False,False,False,False,False,False,958063.87
35,2011-02-04,747577.05,N/A,28.7,3.231,137.0542431,8.549,633289.78,659902.07,1230613.5,660287.5433333335,830953.495,990959.955,2,5,1,2011,False,False,False,False,False,False,False,False,False,False,False,False,False,False,False,False,False,False,False,False,False,False,False,False,False,False,False,False,False,False,False,False,False,False,True,False,False,False,False,False,False,False,False,False,False,False,False,False,False,859258.17
35,2011-02-11,859258.17,Super Bowl,30.45,3.239,137.1378318,8.549,747577.05,633289.78,1168815.31,680256.3000000002,659010.2466666667,980681.8183333334,2,6,1,2011,False,False,False,False,False,False,False,False,False,False,False,False,False,False,False,False,False,False,False,False,False,False,False,False,False,False,False,False,False,False,False,False,False,False,True,False,False,False,False,False,False,False,False,False,False,False,False,False,True,865305.88
35,2011-02-18,865305.88,N/A,39.32,3.245,137.2511849,8.549,859258.17,747577.05,1270658.64,746708.3333333335,706164.6,981715.8033333333,2,7,1,2011,False,False,False,False,False,False,False,False,False,False,False,False,False,False,False,False,False,False,False,False,False,False,False,False,False,False,False,False,False,False,False,False,False,False,True,False,False,False,False,False,False,False,False,False,False,False,False,False,False,841129.26
35,2011-02-25,841129.26,N/A,33.05,3.274,137.3764439,8.549,865305.88,859258.17,1020651.74,824047.0333333333,742167.2883333332,905335.7116666668,2,8,1,2011,False,False,False,False,False,False,False,False,False,False,False,False,False,False,False,False,False,False,False,False,False,False,False,False,False,False,False,False,False,False,False,False,False,False,True,False,False,False,False,False,False,False,False,False,False,False,False,False,False,850448.54
35,2011-03-04,850448.54,N/A,36.99,3.433,137.5017028,8.549,841129.26,865305.88,1162610.27,855231.1033333335,767743.7016666667,893546.5766666667,3,9,1,2011,False,False,False,False,False,False,False,False,False,False,False,False,False,False,False,False,False,False,False,False,False,False,False,False,False,False,False,False,False,False,False,False,False,False,True,False,False,False,False,False,False,False,False,False,False,False,False,False,False,830601.39
35,2011-03-11,830601.39,N/A,43.64,3.582,137.6269617,8.549,850448.54,841129.26,1150344.39,852294.56,799501.4466666668,872035.6058333333,3,10,1,2011,False,False,False,False,False,False,False,False,False,False,False,False,False,False,False,False,False,False,False,False,False,False,False,False,False,False,False,False,False,False,False,False,False,False,True,False,False,False,False,False,False,False,False,False,False,False,False,False,False,800662.82
35,2011-03-18,800662.82,N/A,46.65,3.631,137.7398929,8.549,830601.39,850448.54,1117536.09,840726.3966666668,832386.715,831670.105,3,11,1,2011,False,False,False,False,False,False,False,False,False,False,False,False,False,False,False,False,False,False,False,False,False,False,False,False,False,False,False,False,False,False,False,False,False,False,True,False,False,False,False,False,False,False,False,False,False,False,False,False,False,762184.1
35,2011-03-25,762184.1,N/A,40.11,3.625,137.8478929,8.549,800662.82,830601.39,1078900.44,827237.5833333334,841234.3433333334,750122.295,3,12,1,2011,False,False,False,False,False,False,False,False,False,False,False,False,False,False,False,False,False,False,False,False,False,False,False,False,False,False,False,False,False,False,False,False,False,False,True,False,False,False,False,False,False,False,False,False,False,False,False,False,False,762620.94
35,2011-04-01,762620.94,N/A,37.27,3.638,137.9558929,8.512,762184.1,800662.82,1189556.47,797816.1033333334,825055.3316666667,765609.9658333333,4,13,2,2011,False,False,False,False,False,False,False,False,False,False,False,False,False,False,False,False,False,False,False,False,False,False,False,False,False,False,False,False,False,False,False,False,False,False,True,False,False,False,False,False,False,False,False,False,False,False,False,False,False,813352.41
35,2011-04-08,813352.41,N/A,46.87,3.72,138.0638929,8.512,762620.94,762184.1,1198014.97,775155.9533333335,807941.1749999999,775054.2316666666,4,14,2,2011,False,False,False,False,False,False,False,False,False,False,False,False,False,False,False,False,False,False,False,False,False,False,False,False,False,False,False,False,False,False,False,False,False,False,True,False,False,False,False,False,False,False,False,False,False,False,False,False,False,795157.2
35,2011-04-15,795157.2,N/A,52.24,3.821,138.1646952,8.512,813352.41,762620.94,1084487.55,779385.8166666668,803311.7000000001,785527.7008333333,4,15,2,2011,False,False,False,False,False,False,False,False,False,False,False,False,False,False,False,False,False,False,False,False,False,False,False,False,False,False,False,False,False,False,False,False,False,False,True,False,False,False,False,False,False,False,False,False,False,False,False,False,False,841778.34
35,2011-04-22,841778.34,N/A,50.02,3.892,138.2475036,8.512,795157.2,813352.41,1110827.48,790376.8500000001,794096.4766666667,796798.9616666668,4,16,2,2011,False,False,False,False,False,False,False,False,False,False,False,False,False,False,False,False,False,False,False,False,False,False,False,False,False,False,False,False,False,False,False,False,False,False,True,False,False,False,False,False,False,False,False,False,False,False,False,False,False,811824.06
35,2011-04-29,811824.06,N/A,61.71,3.962,138.3303119,8.512,841778.34,795157.2,1096930.65,816762.65,795959.3016666666,814173.0083333334,4,17,2,2011,False,False,False,False,False,False,False,False,False,False,False,False,False,False,False,False,False,False,False,False,False,False,False,False,False,False,False,False,False,False,False,False,False,False,True,False,False,False,False,False,False,False,False,False,False,False,False,False,False,835181.18
35,2011-05-06,835181.18,N/A,56.48,4.046,138.4131202,8.512,811824.06,841778.34,1182099.88,816253.2000000001,797819.5083333333,819526.9258333333,5,18,2,2011,False,False,False,False,False,False,False,False,False,False,False,False,False,False,False,False,False,False,False,False,False,False,False,False,False,False,False,False,False,False,False,False,False,False,True,False,False,False,False,False,False,False,False,False,False,False,False,False,False,826155.95
35,2011-05-13,826155.95,N/A,60.07,4.066,138.4959286,8.512,835181.18,811824.06,1104277.57,829594.5266666668,809985.6883333334,817520.5100000001,5,19,2,2011,False,False,False,False,False,False,False,False,False,False,False,False,False,False,False,False,False,False,False,False,False,False,False,False,False,False,False,False,False,False,False,False,False,False,True,False,False,False,False,False,False,False,False,False,False,False,False,False,False,776838.56
35,2011-05-20,776838.56,N/A,60.22,4.062,138.587106,8.512,826155.95,835181.18,1078182.18,824387.0633333335,820574.8566666666,814258.0158333333,5,20,2,2011,False,False,False,False,False,False,False,False,False,False,False,False,False,False,False,False,False,False,False,False,False,False,False,False,False,False,False,False,False,False,False,False,False,False,True,False,False,False,False,False,False,False,False,False,False,False,False,False,False,850708.6
35,2011-05-27,850708.6,N/A,66.43,3.985,138.6782834,8.512,776838.56,826155.95,1223777.48,812725.2300000001,814489.215,808900.4575,5,21,2,2011,False,False,False,False,False,False,False,False,False,False,False,False,False,False,False,False,False,False,False,False,False,False,False,False,False,False,False,False,False,False,False,False,False,False,True,False,False,False,False,False,False,False,False,False,False,False,False,False,False,955466.84
35,2011-06-03,955466.84,N/A,74.17,3.922,138.7694608,8.512,850708.6,776838.56,1282378.71,817901.0366666667,823747.7816666667,808922.1291666668,6,22,2,2011,False,False,False,False,False,False,False,False,False,False,False,False,False,False,False,False,False,False,False,False,False,False,False,False,False,False,False,False,False,False,False,False,False,False,True,False,False,False,False,False,False,False,False,False,False,False,False,False,False,855130.21
35,2011-06-10,855130.21,N/A,73.26,3.881,138.8606382,8.512,955466.84,850708.6,1160412.71,861004.6666666669,842695.8650000001,819327.5833333334,6,23,2,2011,False,False,False,False,False,False,False,False,False,False,False,False,False,False,False,False,False,False,False,False,False,False,False,False,False,False,False,False,False,False,False,False,False,False,True,False,False,False,False,False,False,False,False,False,False,False,False,False,False,828594.86
35,2011-06-17,828594.86,N/A,67.03,3.842,139.0028333,8.512,855130.21,955466.84,1198025.76,887101.8833333334,849913.5566666666,823866.5324999999,6,24,2,2011,False,False,False,False,False,False,False,False,False,False,False,False,False,False,False,False,False,False,False,False,False,False,False,False,False,False,False,False,False,False,False,False,False,False,True,False,False,False,False,False,False,False,False,False,False,False,False,False,False,849397.57
35,2011-06-24,849397.57,N/A,72.02,3.804,139.1832917,8.512,828594.86,855130.21,1230245.74,879730.6366666667,848815.8366666666,829400.7625000001,6,25,2,2011,False,False,False,False,False,False,False,False,False,False,False,False,False,False,False,False,False,False,False,False,False,False,False,False,False,False,False,False,False,False,False,False,False,False,True,False,False,False,False,False,False,False,False,False,False,False,False,False,False,874453.88
35,2011-07-01,874453.88,N/A,73.76,3.748,139.36375,8.684,849397.57,828594.86,1245827.08,844374.2133333334,852689.44,836632.1483333334,7,26,3,2011,False,False,False,False,False,False,False,False,False,False,False,False,False,False,False,False,False,False,False,False,False,False,False,False,False,False,False,False,False,False,False,False,False,False,True,False,False,False,False,False,False,False,False,False,False,False,False,False,False,827717.85
35,2011-07-08,827717.85,N/A,76.87,3.711,139.5442083,8.684,874453.88,849397.57,1268766.76,850815.4366666669,868958.66,841723.9375,7,27,3,2011,False,False,False,False,False,False,False,False,False,False,False,False,False,False,False,False,False,False,False,False,False,False,False,False,False,False,False,False,False,False,False,False,False,False,True,False,False,False,False,False,False,False,False,False,False,False,False,False,False,813845.5
35,2011-07-15,813845.5,N/A,77.83,3.76,139.7006325,8.684,827717.85,874453.88,1124414.87,850523.1000000001,865126.8683333333,844437.3249999998,7,28,3,2011,False,False,False,False,False,False,False,False,False,False,False,False,False,False,False,False,False,False,False,False,False,False,False,False,False,False,False,False,False,False,False,False,False,False,True,False,False,False,False,False,False,False,False,False,False,False,False,False,False,820188.42
35,2011-07-22,820188.42,N/A,82.28,3.811,139.7969712,8.684,813845.5,827717.85,1121756.43,838672.4100000001,841523.3116666666,842109.5883333333,7,29,3,2011,False,False,False,False,False,False,False,False,False,False,False,False,False,False,False,False,False,False,False,False,False,False,False,False,False,False,False,False,False,False,False,False,False,False,True,False,False,False,False,False,False,False,False,False,False,False,False,False,False,770820.27
35,2011-07-29,770820.27,N/A,79.41,3.829,139.8933099,8.684,820188.42,813845.5,1139131.78,820583.9233333335,835699.68,842806.6183333333,7,30,3,2011,False,False,False,False,False,False,False,False,False,False,False,False,False,False,False,False,False,False,False,False,False,False,False,False,False,False,False,False,False,False,False,False,False,False,True,False,False,False,False,False,False,False,False,False,False,False,False,False,False,826820.71
35,2011-08-05,826820.71,N/A,78.14,3.842,139.9896486,8.684,770820.27,820188.42,1180183.39,801618.0633333335,826070.5816666667,837443.2091666666,8,31,3,2011,False,False,False,False,False,False,False,False,False,False,False,False,False,False,False,False,False,False,False,False,False,False,False,False,False,False,False,False,False,False,False,False,False,False,True,False,False,False,False,False,False,False,False,False,False,False,False,False,False,819911.89
35,2011-08-12,819911.89,N/A,76.67,3.812,140.0859873,8.684,826820.71,770820.27,1090587.5,805943.1333333334,822307.7716666666,837498.6058333333,8,32,3,2011,False,False,False,False,False,False,False,False,False,False,False,False,False,False,False,False,False,False,False,False,False,False,False,False,False,False,False,False,False,False,False,False,False,False,True,False,False,False,False,False,False,False,False,False,False,False,False,False,False,820288.35
35,2011-08-19,820288.35,N/A,72.97,3.747,140.1289205,8.684,819911.89,826820.71,1033719.5,805850.9566666667,813217.4400000001,841088.0499999999,8,33,3,2011,False,False,False,False,False,False,False,False,False,False,False,False,False,False,False,False,False,False,False,False,False,False,False,False,False,False,False,False,False,False,False,False,False,False,True,False,False,False,False,False,False,False,False,False,False,False,False,False,False,897037.25
35,2011-08-26,897037.25,N/A,72.88,3.704,140.1629528,8.684,820288.35,819911.89,917693.06,822340.3166666668,811979.1900000001,838553.0291666667,8,34,3,2011,False,False,False,False,False,False,False,False,False,False,False,False,False,False,False,False,False,False,False,False,False,False,False,False,False,False,False,False,False,False,False,False,False,False,True,False,False,False,False,False,False,False,False,False,False,False,False,False,False,813486.55
35,2011-09-02,813486.55,N/A,71.44,3.703,140.196985,8.684,897037.25,820288.35,948660.79,845745.8300000001,825844.4816666668,833683.8966666666,9,35,3,2011,False,False,False,False,False,False,False,False,False,False,False,False,False,False,False,False,False,False,False,False,False,False,False,False,False,False,False,False,False,False,False,False,False,False,True,False,False,False,False,False,False,False,False,False,False,False,False,False,False,922440.64
35,2011-09-09,922440.64,Labor Day,70.93,3.738,140.2310173,8.684,813486.55,897037.25,961685.98,843604.0500000002,824727.5033333334,830213.5916666668,9,36,3,2011,False,False,False,False,False,False,False,False,False,False,False,False,False,False,False,False,False,False,False,False,False,False,False,False,False,False,False,False,False,False,False,False,False,False,True,False,False,False,False,False,False,False,False,False,False,False,False,True,False,738792.11
35,2011-09-16,738792.11,N/A,69.65,3.742,140.2735,8.684,922440.64,813486.55,831443.61,877654.8133333335,849997.565,838034.0733333332,9,37,3,2011,False,False,False,False,False,False,False,False,False,False,False,False,False,False,False,False,False,False,False,False,False,False,False,False,False,False,False,False,False,False,False,False,False,False,True,False,False,False,False,False,False,False,False,False,False,False,False,False,False,705802.45
35,2011-09-23,705802.45,N/A,63.61,3.711,140.32725,8.684,738792.11,922440.64,758069.78,824906.4333333335,835326.1316666667,828816.9516666667,9,38,3,2011,False,False,False,False,False,False,False,False,False,False,False,False,False,False,False,False,False,False,False,False,False,False,False,False,False,False,False,False,False,False,False,False,False,False,True,False,False,False,False,False,False,False,False,False,False,False,False,False,False,749676.95
35,2011-09-30,749676.95,N/A,70.92,3.645,140.381,8.684,705802.45,738792.11,771065.21,789011.7333333334,816307.8916666666,814762.6658333334,9,39,3,2011,False,False,False,False,False,False,False,False,False,False,False,False,False,False,False,False,False,False,False,False,False,False,False,False,False,False,False,False,False,False,False,False,False,False,True,False,False,False,False,False,False,False,False,False,False,False,False,False,False,791637.53
35,2011-10-07,791637.53,N/A,56.91,3.583,140.43475,8.745,749676.95,705802.45,874615.32,731423.8366666666,804539.3250000001,808259.2575,10,40,4,2011,False,False,False,False,False,False,False,False,False,False,False,False,False,False,False,False,False,False,False,False,False,False,False,False,False,False,False,False,False,False,False,False,False,False,True,False,False,False,False,False,False,False,False,False,False,False,False,False,False,772859.25
35,2011-10-14,772859.25,N/A,64.78,3.541,140.4784194,8.745,791637.53,749676.95,798376.99,749038.9766666667,786972.7050000001,806408.5933333334,10,41,4,2011,False,False,False,False,False,False,False,False,False,False,False,False,False,False,False,False,False,False,False,False,False,False,False,False,False,False,False,False,False,False,False,False,False,False,True,False,False,False,False,False,False,False,False,False,False,False,False,False,False,811328.4
35,2011-10-21,811328.4,N/A,59.62,3.57,140.4616048,8.745,772859.25,791637.53,827705.82,771391.2433333335,780201.4883333333,802464.4958333335,10,42,4,2011,False,False,False,False,False,False,False,False,False,False,False,False,False,False,False,False,False,False,False,False,False,False,False,False,False,False,False,False,False,False,False,False,False,False,True,False,False,False,False,False,False,False,False,False,False,False,False,False,False,808821.5
36,2011-02-04,417521.7,N/A,46.68,2.98,211.3333753,8.395,372174.12,399191.05,467546.74,393954.3,391321.165,397438.7341666667,2,5,1,2011,False,False,False,False,False,False,False,False,False,False,False,False,False,False,False,False,False,False,False,False,False,False,False,False,False,False,False,False,False,False,False,False,False,False,False,True,False,False,False,False,False,False,False,False,False,False,False,False,False,401501.2
36,2011-02-11,401501.2,Super Bowl,41.16,3.009,211.6985093,8.395,417521.7,372174.12,469563.7,396295.6233333333,390559.18333333335,396748.47583333333,2,6,1,2011,False,False,False,False,False,False,False,False,False,False,False,False,False,False,False,False,False,False,False,False,False,False,False,False,False,False,False,False,False,False,False,False,False,False,False,True,False,False,False,False,False,False,False,False,False,False,False,False,True,427175.03
36,2011-02-18,427175.03,N/A,57.48,3.017,212.0063522,8.395,401501.2,417521.7,470281.03,397065.67333333334,397590.94166666665,395905.60000000003,2,7,1,2011,False,False,False,False,False,False,False,False,False,False,False,False,False,False,False,False,False,False,False,False,False,False,False,False,False,False,False,False,False,False,False,False,False,False,False,True,False,False,False,False,False,False,False,False,False,False,False,False,False,380279.44
36,2011-02-25,380279.44,N/A,67.73,3.053,212.2912786,8.395,427175.03,401501.2,447519.44,415399.31000000006,404676.805,397429.22833333333,2,8,1,2011,False,False,False,False,False,False,False,False,False,False,False,False,False,False,False,False,False,False,False,False,False,False,False,False,False,False,False,False,False,False,False,False,False,False,False,True,False,False,False,False,False,False,False,False,False,False,False,False,False,402579.84
36,2011-03-04,402579.84,N/A,64.55,3.282,212.576205,8.395,380279.44,427175.03,480203.43,402985.2233333334,399640.42333333334,399097.00750000007,3,9,1,2011,False,False,False,False,False,False,False,False,False,False,False,False,False,False,False,False,False,False,False,False,False,False,False,False,False,False,False,False,False,False,False,False,False,False,False,True,False,False,False,False,False,False,False,False,False,False,False,False,False,407506.78
36,2011-03-11,407506.78,N/A,59.15,3.448,212.8611313,8.395,402579.84,380279.44,441434.2,403344.77,400205.2216666667,398933.2416666667,3,10,1,2011,False,False,False,False,False,False,False,False,False,False,False,False,False,False,False,False,False,False,False,False,False,False,False,False,False,False,False,False,False,False,False,False,False,False,False,True,False,False,False,False,False,False,False,False,False,False,False,False,False,431412.22
36,2011-03-18,431412.22,N/A,64.9,3.487,213.1096787,8.395,407506.78,402579.84,428851.99,396788.6866666667,406093.99833333335,398707.5816666667,3,11,1,2011,False,False,False,False,False,False,False,False,False,False,False,False,False,False,False,False,False,False,False,False,False,False,False,False,False,False,False,False,False,False,False,False,False,False,False,True,False,False,False,False,False,False,False,False,False,False,False,False,False,390732.02
36,2011-03-25,390732.02,N/A,71.07,3.488,213.3436744,8.395,431412.22,407506.78,404438.51,413832.9466666667,408409.08499999996,399484.1341666667,3,12,1,2011,False,False,False,False,False,False,False,False,False,False,False,False,False,False,False,False,False,False,False,False,False,False,False,False,False,False,False,False,False,False,False,False,False,False,False,True,False,False,False,False,False,False,False,False,False,False,False,False,False,385672.11
36,2011-04-01,385672.11,N/A,67.31,3.529,213.5776701,8.3,390732.02,431412.22,435972.82,409883.67333333334,406614.2216666667,402102.5816666666,4,13,2,2011,False,False,False,False,False,False,False,False,False,False,False,False,False,False,False,False,False,False,False,False,False,False,False,False,False,False,False,False,False,False,False,False,False,False,False,True,False,False,False,False,False,False,False,False,False,False,False,False,False,428727.61
36,2011-04-08,428727.61,N/A,69.39,3.645,213.8116658,8.3,385672.11,390732.02,453016.91,402605.45,399697.06833333336,402186.9366666667,4,14,2,2011,False,False,False,False,False,False,False,False,False,False,False,False,False,False,False,False,False,False,False,False,False,False,False,False,False,False,False,False,False,False,False,False,False,False,False,True,False,False,False,False,False,False,False,False,False,False,False,False,False,414986.54
36,2011-04-15,414986.54,N/A,73.25,3.763,214.026217,8.3,428727.61,385672.11,483699.56,401710.58,407771.76333333337,403706.09333333327,4,15,2,2011,False,False,False,False,False,False,False,False,False,False,False,False,False,False,False,False,False,False,False,False,False,False,False,False,False,False,False,False,False,False,False,False,False,False,False,True,False,False,False,False,False,False,False,False,False,False,False,False,False,374574.72
36,2011-04-22,374574.72,N/A,74.57,3.805,214.1921572,8.3,414986.54,428727.61,434116.8,409795.42,409839.54666666663,405022.3841666666,4,16,2,2011,False,False,False,False,False,False,False,False,False,False,False,False,False,False,False,False,False,False,False,False,False,False,False,False,False,False,False,False,False,False,False,False,False,False,False,True,False,False,False,False,False,False,False,False,False,False,False,False,False,340708.78
36,2011-04-29,340708.78,N/A,76.1,3.837,214.3580974,8.3,374574.72,414986.54,457899.64,406096.29,404350.86999999994,405222.43416666664,4,17,2,2011,False,False,False,False,False,False,False,False,False,False,False,False,False,False,False,False,False,False,False,False,False,False,False,False,False,False,False,False,False,False,False,False,False,False,False,True,False,False,False,False,False,False,False,False,False,False,False,False,False,393401.4
36,2011-05-06,393401.4,N/A,69.56,3.917,214.5240376,8.3,340708.78,374574.72,489372.02,376756.68,389233.62999999995,398821.3575,5,18,2,2011,False,False,False,False,False,False,False,False,False,False,False,False,False,False,False,False,False,False,False,False,False,False,False,False,False,False,False,False,False,False,False,False,False,False,False,True,False,False,False,False,False,False,False,False,False,False,False,False,False,395316.65
36,2011-05-13,395316.65,N/A,76.73,3.92,214.6899778,8.3,393401.4,340708.78,476733.74,369561.6333333333,389678.5266666667,398146.3741666667,5,19,2,2011,False,False,False,False,False,False,False,False,False,False,False,False,False,False,False,False,False,False,False,False,False,False,False,False,False,False,False,False,False,False,False,False,False,False,False,True,False,False,False,False,False,False,False,False,False,False,False,False,False,376183.44
36,2011-05-20,376183.44,N/A,73.02,3.925,214.465412,8.3,395316.65,393401.4,474917.98,376475.61000000004,391285.95,395491.5091666667,5,20,2,2011,False,False,False,False,False,False,False,False,False,False,False,False,False,False,False,False,False,False,False,False,False,False,False,False,False,False,False,False,False,False,False,False,False,False,False,True,False,False,False,False,False,False,False,False,False,False,False,False,False,348655.2
36,2011-05-27,348655.2,N/A,81.28,3.786,214.2408462,8.3,376183.44,395316.65,447050.42,388300.49666666664,382528.5883333334,395150.1758333333,5,21,2,2011,False,False,False,False,False,False,False,False,False,False,False,False,False,False,False,False,False,False,False,False,False,False,False,False,False,False,False,False,False,False,False,False,False,False,False,True,False,False,False,False,False,False,False,False,False,False,False,False,False,373703.95
36,2011-06-03,373703.95,N/A,82.96,3.69,214.0162805,8.3,348655.2,376183.44,471088.88,373385.0966666667,371473.365,390656.4558333333,6,22,2,2011,False,False,False,False,False,False,False,False,False,False,False,False,False,False,False,False,False,False,False,False,False,False,False,False,False,False,False,False,False,False,False,False,False,False,False,True,False,False,False,False,False,False,False,False,False,False,False,False,False,374182.04
36,2011-06-10,374182.04,N/A,82.41,3.633,213.7917147,8.3,373703.95,348655.2,467711.18,366180.8633333333,371328.23666666663,387839.5533333333,6,23,2,2011,False,False,False,False,False,False,False,False,False,False,False,False,False,False,False,False,False,False,False,False,False,False,False,False,False,False,False,False,False,False,False,False,False,False,False,True,False,False,False,False,False,False,False,False,False,False,False,False,False,394645.25
36,2011-06-17,394645.25,N/A,84.43,3.599,213.7481256,8.3,374182.04,373703.95,485694.72,365513.73,376907.11333333334,383070.37166666664,6,24,2,2011,False,False,False,False,False,False,False,False,False,False,False,False,False,False,False,False,False,False,False,False,False,False,False,False,False,False,False,False,False,False,False,False,False,False,False,True,False,False,False,False,False,False,False,False,False,False,False,False,False,360009.94
36,2011-06-24,360009.94,N/A,83.95,3.569,213.8402689,8.3,394645.25,374182.04,434879.87,380843.74666666664,377114.4216666667,383396.4741666667,6,25,2,2011,False,False,False,False,False,False,False,False,False,False,False,False,False,False,False,False,False,False,False,False,False,False,False,False,False,False,False,False,False,False,False,False,False,False,False,True,False,False,False,False,False,False,False,False,False,False,False,False,False,354270.77
36,2011-07-01,354270.77,N/A,85.33,3.502,213.9324122,8.177,360009.94,394645.25,434252.15,376279.07666666666,371229.97,381257.95999999996,7,26,3,2011,False,False,False,False,False,False,False,False,False,False,False,False,False,False,False,False,False,False,False,False,False,False,False,False,False,False,False,False,False,False,False,False,False,False,False,True,False,False,False,False,False,False,False,False,False,False,False,False,False,377464.62
36,2011-07-08,377464.62,N/A,84.71,3.44,214.0245556,8.177,354270.77,360009.94,471713.59,369641.98666666663,367577.85833333334,375053.2233333333,7,27,3,2011,False,False,False,False,False,False,False,False,False,False,False,False,False,False,False,False,False,False,False,False,False,False,False,False,False,False,False,False,False,False,False,False,False,False,False,True,False,False,False,False,False,False,False,False,False,False,False,False,False,385631.48
36,2011-07-15,385631.48,N/A,85.63,3.55,214.1083654,8.177,377464.62,354270.77,466962.04,363915.11000000004,372379.4283333334,371926.39666666667,7,28,3,2011,False,False,False,False,False,False,False,False,False,False,False,False,False,False,False,False,False,False,False,False,False,False,False,False,False,False,False,False,False,False,False,False,False,False,False,True,False,False,False,False,False,False,False,False,False,False,False,False,False,361311.41
36,2011-07-22,361311.41,N/A,83.31,3.637,214.1713416,8.177,385631.48,377464.62,452021.2,372455.62333333335,374367.3499999999,372847.7933333334,7,29,3,2011,False,False,False,False,False,False,False,False,False,False,False,False,False,False,False,False,False,False,False,False,False,False,False,False,False,False,False,False,False,False,False,False,False,False,False,True,False,False,False,False,False,False,False,False,False,False,False,False,False,354361.08
36,2011-07-29,354361.08,N/A,84.99,3.66,214.2343177,8.177,361311.41,385631.48,432451.91,374802.50333333336,372222.24500000005,374564.6791666667,7,30,3,2011,False,False,False,False,False,False,False,False,False,False,False,False,False,False,False,False,False,False,False,False,False,False,False,False,False,False,False,False,False,False,False,False,False,False,False,True,False,False,False,False,False,False,False,False,False,False,False,False,False,381017.75
36,2011-08-05,381017.75,N/A,86.71,3.652,214.2972939,8.177,354361.08,361311.41,467442.94,367101.3233333333,365508.2166666666,371311.31916666665,8,31,3,2011,False,False,False,False,False,False,False,False,False,False,False,False,False,False,False,False,False,False,False,False,False,False,False,False,False,False,False,False,False,False,False,False,False,False,False,True,False,False,False,False,False,False,False,False,False,False,False,False,False,380188.69
36,2011-08-12,380188.69,N/A,87.64,3.608,214.3602701,8.177,381017.75,354361.08,470436.8,365563.41333333333,369009.51833333337,370119.74416666664,8,32,3,2011,False,False,False,False,False,False,False,False,False,False,False,False,False,False,False,False,False,False,False,False,False,False,False,False,False,False,False,False,False,False,False,False,False,False,False,True,False,False,False,False,False,False,False,False,False,False,False,False,False,373267.58
36,2011-08-19,373267.58,N/A,87.24,3.534,214.4239935,8.177,380188.69,381017.75,437949.9,371855.84,373329.1716666667,370453.51499999996,8,33,3,2011,False,False,False,False,False,False,False,False,False,False,False,False,False,False,False,False,False,False,False,False,False,False,False,False,False,False,False,False,False,False,False,False,False,False,False,True,False,False,False,False,False,False,False,False,False,False,False,False,False,344964.2
36,2011-08-26,344964.2,N/A,86.02,3.501,214.4878416,8.177,373267.58,380188.69,412050.73,378158.00666666665,372629.66500000004,372504.5466666667,8,34,3,2011,False,False,False,False,False,False,False,False,False,False,False,False,False,False,False,False,False,False,False,False,False,False,False,False,False,False,False,False,False,False,False,False,False,False,False,True,False,False,False,False,False,False,False,False,False,False,False,False,False,350276.29
36,2011-09-02,350276.29,N/A,87.5,3.481,214.5516896,8.177,344964.2,373267.58,431294.45,366140.1566666667,365851.785,370109.56749999995,9,35,3,2011,False,False,False,False,False,False,False,False,False,False,False,False,False,False,False,False,False,False,False,False,False,False,False,False,False,False,False,False,False,False,False,False,False,False,False,True,False,False,False,False,False,False,False,False,False,False,False,False,False,352960.64
36,2011-09-09,352960.64,Labor Day,77.94,3.499,214.6155376,8.177,350276.29,344964.2,434471.38,356169.3566666667,364012.5983333333,368117.42166666663,9,36,3,2011,False,False,False,False,False,False,False,False,False,False,False,False,False,False,False,False,False,False,False,False,False,False,False,False,False,False,False,False,False,False,False,False,False,False,False,True,False,False,False,False,False,False,False,False,False,False,False,True,False,343108.12
36,2011-09-16,343108.12,N/A,82.06,3.473,214.7934111,8.177,352960.64,350276.29,454694.21,349400.37666666665,363779.19166666665,364643.70416666666,9,37,3,2011,False,False,False,False,False,False,False,False,False,False,False,False,False,False,False,False,False,False,False,False,False,False,False,False,False,False,False,False,False,False,False,False,False,False,False,True,False,False,False,False,False,False,False,False,False,False,False,False,False,322405.13
36,2011-09-23,322405.13,N/A,78.35,3.441,215.1233185,8.177,343108.12,352960.64,419348.59,348781.6833333333,357460.92,363235.2191666667,9,38,3,2011,False,False,False,False,False,False,False,False,False,False,False,False,False,False,False,False,False,False,False,False,False,False,False,False,False,False,False,False,False,False,False,False,False,False,False,True,False,False,False,False,False,False,False,False,False,False,False,False,False,314910.37
36,2011-09-30,314910.37,N/A,81.52,3.328,215.4532259,8.177,322405.13,343108.12,422169.47,339491.2966666667,347830.32666666666,360579.7491666667,9,39,3,2011,False,False,False,False,False,False,False,False,False,False,False,False,False,False,False,False,False,False,False,False,False,False,False,False,False,False,False,False,False,False,False,False,False,False,False,True,False,False,False,False,False,False,False,False,False,False,False,False,False,346137.87
36,2011-10-07,346137.87,N/A,71.2,3.262,215.7831333,7.716,314910.37,322405.13,444351.61,326807.87333333335,338104.125,355366.895,10,40,4,2011,False,False,False,False,False,False,False,False,False,False,False,False,False,False,False,False,False,False,False,False,False,False,False,False,False,False,False,False,False,False,False,False,False,False,False,True,False,False,False,False,False,False,False,False,False,False,False,False,False,342076.99
36,2011-10-14,342076.99,N/A,74.16,3.234,216.0885258,7.716,346137.87,314910.37,453308.15,327817.79,338299.73666666663,352075.7608333333,10,41,4,2011,False,False,False,False,False,False,False,False,False,False,False,False,False,False,False,False,False,False,False,False,False,False,False,False,False,False,False,False,False,False,False,False,False,False,False,True,False,False,False,False,False,False,False,False,False,False,False,False,False,328633.34
36,2011-10-21,328633.34,N/A,67.89,3.308,216.2468287,7.716,342076.99,346137.87,424956.3,334375.07666666666,336933.1866666667,350472.8925,10,42,4,2011,False,False,False,False,False,False,False,False,False,False,False,False,False,False,False,False,False,False,False,False,False,False,False,False,False,False,False,False,False,False,False,False,False,False,False,True,False,False,False,False,False,False,False,False,False,False,False,False,False,306193.81
37,2011-02-04,583835.18,N/A,46.68,2.989,211.3333753,8.395,513672.36,526486.82,536006.73,521925.36000000004,524230.2866666666,521081.5966666667,2,5,1,2011,False,False,False,False,False,False,False,False,False,False,False,False,False,False,False,False,False,False,False,False,False,False,False,False,False,False,False,False,False,False,False,False,False,False,False,False,True,False,False,False,False,False,False,False,False,False,False,False,False,522514.32
37,2011-02-11,522514.32,Super Bowl,41.16,3.022,211.6985093,8.395,583835.18,513672.36,529852.7,541331.4533333334,525401.1633333333,526605.6375000001,2,6,1,2011,False,False,False,False,False,False,False,False,False,False,False,False,False,False,False,False,False,False,False,False,False,False,False,False,False,False,False,False,False,False,False,False,False,False,False,False,True,False,False,False,False,False,False,False,False,False,False,False,True,536840.69
37,2011-02-18,536840.69,N/A,57.48,3.045,212.0063522,8.395,522514.32,583835.18,510382.5,540007.2866666667,535764.9333333332,526971.4841666666,2,7,1,2011,False,False,False,False,False,False,False,False,False,False,False,False,False,False,False,False,False,False,False,False,False,False,False,False,False,False,False,False,False,False,False,False,False,False,False,False,True,False,False,False,False,False,False,False,False,False,False,False,False,514758.19
37,2011-02-25,514758.19,N/A,67.73,3.065,212.2912786,8.395,536840.69,522514.32,513615.82,547730.0633333334,534827.7116666668,528523.1483333333,2,8,1,2011,False,False,False,False,False,False,False,False,False,False,False,False,False,False,False,False,False,False,False,False,False,False,False,False,False,False,False,False,False,False,False,False,False,False,False,False,True,False,False,False,False,False,False,False,False,False,False,False,False,527572.25
37,2011-03-04,527572.25,N/A,64.55,3.288,212.576205,8.395,514758.19,536840.69,519255.68,524704.4,533017.9266666666,529068.5691666667,3,9,1,2011,False,False,False,False,False,False,False,False,False,False,False,False,False,False,False,False,False,False,False,False,False,False,False,False,False,False,False,False,False,False,False,False,False,False,False,False,True,False,False,False,False,False,False,False,False,False,False,False,False,505610.4
37,2011-03-11,505610.4,N/A,59.15,3.459,212.8611313,8.395,527572.25,514758.19,513015.35,526390.3766666667,533198.8316666667,530432.2966666666,3,10,1,2011,False,False,False,False,False,False,False,False,False,False,False,False,False,False,False,False,False,False,False,False,False,False,False,False,False,False,False,False,False,False,False,False,False,False,False,False,True,False,False,False,False,False,False,False,False,False,False,False,False,478503.06
37,2011-03-18,478503.06,N/A,64.9,3.488,213.1096787,8.395,505610.4,527572.25,460020.74,515980.2800000001,531855.1716666667,528042.7291666666,3,11,1,2011,False,False,False,False,False,False,False,False,False,False,False,False,False,False,False,False,False,False,False,False,False,False,False,False,False,False,False,False,False,False,False,False,False,False,False,False,True,False,False,False,False,False,False,False,False,False,False,False,False,522105.93
37,2011-03-25,522105.93,N/A,71.07,3.473,213.3436744,8.395,478503.06,505610.4,515777.97,503895.23666666675,514299.81833333336,519850.4908333333,3,12,1,2011,False,False,False,False,False,False,False,False,False,False,False,False,False,False,False,False,False,False,False,False,False,False,False,False,False,False,False,False,False,False,False,False,False,False,False,False,True,False,False,False,False,False,False,False,False,False,False,False,False,534578.78
37,2011-04-01,534578.78,N/A,67.31,3.524,213.5776701,8.3,522105.93,478503.06,540189.7,502073.13000000006,514231.75333333336,524998.3433333334,4,13,2,2011,False,False,False,False,False,False,False,False,False,False,False,False,False,False,False,False,False,False,False,False,False,False,False,False,False,False,False,False,False,False,False,False,False,False,False,False,True,False,False,False,False,False,False,False,False,False,False,False,False,543703.16
37,2011-04-08,543703.16,N/A,69.39,3.622,213.8116658,8.3,534578.78,522105.93,513327.55,511729.25666666677,513854.76833333337,524341.24,4,14,2,2011,False,False,False,False,False,False,False,False,False,False,False,False,False,False,False,False,False,False,False,False,False,False,False,False,False,False,False,False,False,False,False,False,False,False,False,False,True,False,False,False,False,False,False,False,False,False,False,False,False,543775.87
37,2011-04-15,543775.87,N/A,73.25,3.743,214.026217,8.3,543703.16,534578.78,524544.83,533462.6233333334,518678.93,525848.4283333333,4,15,2,2011,False,False,False,False,False,False,False,False,False,False,False,False,False,False,False,False,False,False,False,False,False,False,False,False,False,False,False,False,False,False,False,False,False,False,False,False,True,False,False,False,False,False,False,False,False,False,False,False,False,526434.37
37,2011-04-22,526434.37,N/A,74.57,3.807,214.1921572,8.3,543775.87,543703.16,527019.78,540685.9366666668,521379.53333333327,527289.1825,4,16,2,2011,False,False,False,False,False,False,False,False,False,False,False,False,False,False,False,False,False,False,False,False,False,False,False,False,False,False,False,False,False,False,False,False,False,False,False,False,True,False,False,False,False,False,False,False,False,False,False,False,False,502918.18
37,2011-04-29,502918.18,N/A,76.1,3.81,214.3580974,8.3,526434.37,543775.87,517850.83,537971.1333333334,524850.195,528352.6833333333,4,17,2,2011,False,False,False,False,False,False,False,False,False,False,False,False,False,False,False,False,False,False,False,False,False,False,False,False,False,False,False,False,False,False,False,False,False,False,False,False,True,False,False,False,False,False,False,False,False,False,False,False,False,547513.3
37,2011-05-06,547513.3,N/A,69.56,3.906,214.5240376,8.3,502918.18,526434.37,543234.77,524376.14,528919.3816666667,521609.5999999999,5,18,2,2011,False,False,False,False,False,False,False,False,False,False,False,False,False,False,False,False,False,False,False,False,False,False,False,False,False,False,False,False,False,False,False,False,False,False,False,False,True,False,False,False,False,False,False,False,False,False,False,False,False,511871.63
37,2011-05-13,511871.63,N/A,76.73,3.899,214.6899778,8.3,547513.3,502918.18,505196.08,525621.9500000001,533153.9433333334,523692.8483333333,5,19,2,2011,False,False,False,False,False,False,False,False,False,False,False,False,False,False,False,False,False,False,False,False,False,False,False,False,False,False,False,False,False,False,False,False,False,False,False,False,True,False,False,False,False,False,False,False,False,False,False,False,False,533564.42
37,2011-05-20,533564.42,N/A,73.02,3.907,214.465412,8.3,511871.63,547513.3,510494.7,520767.7033333334,529369.4183333333,521612.0933333333,5,20,2,2011,False,False,False,False,False,False,False,False,False,False,False,False,False,False,False,False,False,False,False,False,False,False,False,False,False,False,False,False,False,False,False,False,False,False,False,False,True,False,False,False,False,False,False,False,False,False,False,False,False,507086.75
37,2011-05-27,507086.75,N/A,81.28,3.786,214.2408462,8.3,533564.42,511871.63,532241.22,530983.1166666668,527679.6283333333,523179.27916666673,5,21,2,2011,False,False,False,False,False,False,False,False,False,False,False,False,False,False,False,False,False,False,False,False,False,False,False,False,False,False,False,False,False,False,False,False,False,False,False,False,True,False,False,False,False,False,False,False,False,False,False,False,False,500381.23
37,2011-06-03,500381.23,N/A,82.96,3.699,214.0162805,8.3,507086.75,533564.42,479195.02,517507.6000000001,521564.7750000001,521472.15416666673,6,22,2,2011,False,False,False,False,False,False,False,False,False,False,False,False,False,False,False,False,False,False,False,False,False,False,False,False,False,False,False,False,False,False,False,False,False,False,False,False,True,False,False,False,False,False,False,False,False,False,False,False,False,509647.25
37,2011-06-10,509647.25,N/A,82.41,3.648,213.7917147,8.3,500381.23,507086.75,481915.11,513677.4666666668,517222.58499999996,521036.38999999996,6,23,2,2011,False,False,False,False,False,False,False,False,False,False,False,False,False,False,False,False,False,False,False,False,False,False,False,False,False,False,False,False,False,False,False,False,False,False,False,False,True,False,False,False,False,False,False,False,False,False,False,False,False,525132.36
37,2011-06-17,525132.36,N/A,84.43,3.637,213.7481256,8.3,509647.25,500381.23,505761.62,505705.0766666667,518344.0966666667,523631.7391666667,6,24,2,2011,False,False,False,False,False,False,False,False,False,False,False,False,False,False,False,False,False,False,False,False,False,False,False,False,False,False,False,False,False,False,False,False,False,False,False,False,True,False,False,False,False,False,False,False,False,False,False,False,False,509276.22
37,2011-06-24,509276.22,N/A,83.95,3.594,213.8402689,8.3,525132.36,509647.25,485419.39,511720.2800000001,514613.94,523883.94166666665,6,25,2,2011,False,False,False,False,False,False,False,False,False,False,False,False,False,False,False,False,False,False,False,False,False,False,False,False,False,False,False,False,False,False,False,False,False,False,False,False,True,False,False,False,False,False,False,False,False,False,False,False,False,517021.3
37,2011-07-01,517021.3,N/A,85.33,3.524,213.9324122,8.177,509276.22,525132.36,498292.53,514685.2766666667,514181.37166666664,521775.395,7,26,3,2011,False,False,False,False,False,False,False,False,False,False,False,False,False,False,False,False,False,False,False,False,False,False,False,False,False,False,False,False,False,False,False,False,False,False,False,False,True,False,False,False,False,False,False,False,False,False,False,False,False,489059.93
37,2011-07-08,489059.93,N/A,84.71,3.48,214.0245556,8.177,517021.3,509276.22,502456.04,517143.2933333334,511424.185,519551.9066666667,7,27,3,2011,False,False,False,False,False,False,False,False,False,False,False,False,False,False,False,False,False,False,False,False,False,False,False,False,False,False,False,False,False,False,False,False,False,False,False,False,True,False,False,False,False,False,False,False,False,False,False,False,False,498749.62
37,2011-07-15,498749.62,N/A,85.63,3.575,214.1083654,8.177,489059.93,517021.3,485150.01,505119.1500000001,508419.715,514992.24500000005,7,28,3,2011,False,False,False,False,False,False,False,False,False,False,False,False,False,False,False,False,False,False,False,False,False,False,False,False,False,False,False,False,False,False,False,False,False,False,False,False,True,False,False,False,False,False,False,False,False,False,False,False,False,505543.53
37,2011-07-22,505543.53,N/A,83.31,3.651,214.1713416,8.177,498749.62,489059.93,491998.12,501610.2833333334,508147.77999999997,512685.18249999994,7,29,3,2011,False,False,False,False,False,False,False,False,False,False,False,False,False,False,False,False,False,False,False,False,False,False,False,False,False,False,False,False,False,False,False,False,False,False,False,False,True,False,False,False,False,False,False,False,False,False,False,False,False,504974.95
37,2011-07-29,504974.95,N/A,84.99,3.682,214.2343177,8.177,505543.53,498749.62,487912.95,497784.36000000004,507463.82666666666,512903.96166666667,7,30,3,2011,False,False,False,False,False,False,False,False,False,False,False,False,False,False,False,False,False,False,False,False,False,False,False,False,False,False,False,False,False,False,False,False,False,False,False,False,True,False,False,False,False,False,False,False,False,False,False,False,False,510787.46
37,2011-08-05,510787.46,N/A,86.71,3.684,214.2972939,8.177,504974.95,505543.53,508576.62,503089.36666666676,504104.2583333333,509359.0991666667,8,31,3,2011,False,False,False,False,False,False,False,False,False,False,False,False,False,False,False,False,False,False,False,False,False,False,False,False,False,False,False,False,False,False,False,False,False,False,False,False,True,False,False,False,False,False,False,False,False,False,False,False,False,502504.39
37,2011-08-12,502504.39,N/A,87.64,3.638,214.3602701,8.177,510787.46,504974.95,491815.83,507101.98000000016,504356.13166666665,509268.75166666665,8,32,3,2011,False,False,False,False,False,False,False,False,False,False,False,False,False,False,False,False,False,False,False,False,False,False,False,False,False,False,False,False,False,False,False,False,False,False,False,False,True,False,False,False,False,False,False,False,False,False,False,False,False,506897.98
37,2011-08-19,506897.98,N/A,87.24,3.554,214.4239935,8.177,502504.39,510787.46,486930.72,506088.9333333334,501936.64666666667,506680.41583333333,8,33,3,2011,False,False,False,False,False,False,False,False,False,False,False,False,False,False,False,False,False,False,False,False,False,False,False,False,False,False,False,False,False,False,False,False,False,False,False,False,True,False,False,False,False,False,False,False,False,False,False,False,False,527947.21
37,2011-08-26,527947.21,N/A,86.02,3.523,214.4878416,8.177,506897.98,502504.39,512157.25,506729.9433333334,504909.655,506664.685,8,34,3,2011,False,False,False,False,False,False,False,False,False,False,False,False,False,False,False,False,False,False,False,False,False,False,False,False,False,False,False,False,False,False,False,False,False,False,False,False,True,False,False,False,False,False,False,False,False,False,False,False,False,530367.83
37,2011-09-02,530367.83,N/A,87.5,3.533,214.5516896,8.177,527947.21,506897.98,510427.53,512449.86000000004,509775.92,508961.85000000003,9,35,3,2011,False,False,False,False,False,False,False,False,False,False,False,False,False,False,False,False,False,False,False,False,False,False,False,False,False,False,False,False,False,False,False,False,False,False,False,False,True,False,False,False,False,False,False,False,False,False,False,False,False,506273.74
37,2011-09-09,506273.74,Labor Day,77.94,3.546,214.6155376,8.177,530367.83,527947.21,510296.07,521737.67333333334,513913.3033333334,510688.565,9,36,3,2011,False,False,False,False,False,False,False,False,False,False,False,False,False,False,False,False,False,False,False,False,False,False,False,False,False,False,False,False,False,False,False,False,False,False,False,False,True,False,False,False,False,False,False,False,False,False,False,True,False,513341.94
37,2011-09-16,513341.94,N/A,82.06,3.526,214.7934111,8.177,506273.74,530367.83,501251.4,521529.59333333344,514129.7683333333,509117.01333333337,9,37,3,2011,False,False,False,False,False,False,False,False,False,False,False,False,False,False,False,False,False,False,False,False,False,False,False,False,False,False,False,False,False,False,False,False,False,False,False,False,True,False,False,False,False,False,False,False,False,False,False,False,False,516556.94
37,2011-09-23,516556.94,N/A,78.35,3.467,215.1233185,8.177,513341.94,506273.74,494265.48,516661.1700000001,514555.51499999996,509455.8233333333,9,38,3,2011,False,False,False,False,False,False,False,False,False,False,False,False,False,False,False,False,False,False,False,False,False,False,False,False,False,False,False,False,False,False,False,False,False,False,False,False,True,False,False,False,False,False,False,False,False,False,False,False,False,516402.1
37,2011-09-30,516402.1,N/A,81.52,3.355,215.4532259,8.177,516556.94,513341.94,529877.93,512057.54000000004,516897.60666666663,509417.1266666667,9,39,3,2011,False,False,False,False,False,False,False,False,False,False,False,False,False,False,False,False,False,False,False,False,False,False,False,False,False,False,False,False,False,False,False,False,False,False,False,False,True,False,False,False,False,False,False,False,False,False,False,False,False,522816.85
37,2011-10-07,522816.85,N/A,71.2,3.285,215.7831333,7.716,516402.1,516556.94,524483.65,515433.6600000001,518481.62666666665,511695.6408333333,10,40,4,2011,False,False,False,False,False,False,False,False,False,False,False,False,False,False,False,False,False,False,False,False,False,False,False,False,False,False,False,False,False,False,False,False,False,False,False,False,True,False,False,False,False,False,False,False,False,False,False,False,False,513636.01
37,2011-10-14,513636.01,N/A,74.16,3.274,216.0885258,7.716,522816.85,516402.1,498925.86,518591.9633333334,517626.56666666665,513701.24333333335,10,41,4,2011,False,False,False,False,False,False,False,False,False,False,False,False,False,False,False,False,False,False,False,False,False,False,False,False,False,False,False,False,False,False,False,False,False,False,False,False,True,False,False,False,False,False,False,False,False,False,False,False,False,522784.33
37,2011-10-21,522784.33,N/A,67.89,3.353,216.2468287,7.716,513636.01,522816.85,510425.4,517618.32000000007,514837.93,514375.6166666667,10,42,4,2011,False,False,False,False,False,False,False,False,False,False,False,False,False,False,False,False,False,False,False,False,False,False,False,False,False,False,False,False,False,False,False,False,False,False,False,False,True,False,False,False,False,False,False,False,False,False,False,False,False,517355.44
38,2011-02-04,402341.76,N/A,45.14,3.348,127.7195806,14.021,357557.16,341098.08,358496.14,351598.01,352359.01666666666,350507.08416666667,2,5,1,2011,False,False,False,False,False,False,False,False,False,False,False,False,False,False,False,False,False,False,False,False,False,False,False,False,False,False,False,False,False,False,False,False,False,False,False,False,False,True,False,False,False,False,False,False,False,False,False,False,False,377672.46
38,2011-02-11,377672.46,Super Bowl,51.3,3.381,127.859129,14.021,402341.76,357557.16,342214.9,366999.0,357898.19,355689.9641666666,2,6,1,2011,False,False,False,False,False,False,False,False,False,False,False,False,False,False,False,False,False,False,False,False,False,False,False,False,False,False,False,False,False,False,False,False,False,False,False,False,False,True,False,False,False,False,False,False,False,False,False,False,True,364606.7
38,2011-02-18,364606.7,N/A,53.35,3.43,127.99525,14.021,377672.46,402341.76,327237.92,379190.45999999996,370192.13166666665,358113.17,2,7,1,2011,False,False,False,False,False,False,False,False,False,False,False,False,False,False,False,False,False,False,False,False,False,False,False,False,False,False,False,False,False,False,False,False,False,False,False,False,False,True,False,False,False,False,False,False,False,False,False,False,False,354232.34
38,2011-02-25,354232.34,N/A,48.45,3.53,128.13,14.021,364606.7,377672.46,334222.73,381540.3066666667,366569.15833333327,358425.5633333333,2,8,1,2011,False,False,False,False,False,False,False,False,False,False,False,False,False,False,False,False,False,False,False,False,False,False,False,False,False,False,False,False,False,False,False,False,False,False,False,False,False,True,False,False,False,False,False,False,False,False,False,False,False,405429.43
38,2011-03-04,405429.43,N/A,51.72,3.674,128.26475,14.021,354232.34,364606.7,372239.89,365503.8333333333,366251.4166666667,358617.8116666667,3,9,1,2011,False,False,False,False,False,False,False,False,False,False,False,False,False,False,False,False,False,False,False,False,False,False,False,False,False,False,False,False,False,False,False,False,False,False,False,False,False,True,False,False,False,False,False,False,False,False,False,False,False,357897.18
38,2011-03-11,357897.18,N/A,57.75,3.818,128.3995,14.021,405429.43,354232.34,342023.92,374756.1566666667,376973.30833333335,362739.82833333337,3,10,1,2011,False,False,False,False,False,False,False,False,False,False,False,False,False,False,False,False,False,False,False,False,False,False,False,False,False,False,False,False,False,False,False,False,False,False,False,False,False,True,False,False,False,False,False,False,False,False,False,False,False,349459.95
38,2011-03-18,349459.95,N/A,64.21,3.692,128.5121935,14.021,357897.18,405429.43,333025.47,372519.6500000001,377029.97833333333,364694.4975,3,11,1,2011,False,False,False,False,False,False,False,False,False,False,False,False,False,False,False,False,False,False,False,False,False,False,False,False,False,False,False,False,False,False,False,False,False,False,False,False,False,True,False,False,False,False,False,False,False,False,False,False,False,351541.62
38,2011-03-25,351541.62,N/A,54.4,3.909,128.6160645,14.021,349459.95,357897.18,335858.11,370928.85333333333,368216.3433333333,363057.26666666666,3,12,1,2011,False,False,False,False,False,False,False,False,False,False,False,False,False,False,False,False,False,False,False,False,False,False,False,False,False,False,False,False,False,False,False,False,False,False,False,False,False,True,False,False,False,False,False,False,False,False,False,False,False,382098.13
38,2011-04-01,382098.13,N/A,63.63,3.772,128.7199355,13.736,351541.62,349459.95,368929.55,352966.25,363861.20333333337,367026.6675,4,13,2,2011,False,False,False,False,False,False,False,False,False,False,False,False,False,False,False,False,False,False,False,False,False,False,False,False,False,False,False,False,False,False,False,False,False,False,False,False,False,True,False,False,False,False,False,False,False,False,False,False,False,392152.3
38,2011-04-08,392152.3,N/A,64.47,4.003,128.8238065,13.736,382098.13,351541.62,341630.46,361033.23333333334,366776.44166666665,366672.8,4,14,2,2011,False,False,False,False,False,False,False,False,False,False,False,False,False,False,False,False,False,False,False,False,False,False,False,False,False,False,False,False,False,False,False,False,False,False,False,False,False,True,False,False,False,False,False,False,False,False,False,False,False,362758.94
38,2011-04-15,362758.94,N/A,57.63,3.868,128.9107333,13.736,392152.3,382098.13,337723.49,375264.01666666666,373096.43500000006,369673.9258333333,4,15,2,2011,False,False,False,False,False,False,False,False,False,False,False,False,False,False,False,False,False,False,False,False,False,False,False,False,False,False,False,False,False,False,False,False,False,False,False,False,False,True,False,False,False,False,False,False,False,False,False,False,False,362952.34
38,2011-04-22,362952.34,N/A,72.12,4.134,128.9553,13.736,362758.94,392152.3,335121.82,379003.1233333333,365984.6866666667,371478.9975,4,16,2,2011,False,False,False,False,False,False,False,False,False,False,False,False,False,False,False,False,False,False,False,False,False,False,False,False,False,False,False,False,False,False,False,False,False,False,False,False,False,True,False,False,False,False,False,False,False,False,False,False,False,344225.99
38,2011-04-29,344225.99,N/A,68.27,4.151,128.9998667,13.736,362952.34,362758.94,337979.65,372621.19333333336,366827.2133333334,371928.5958333334,4,17,2,2011,False,False,False,False,False,False,False,False,False,False,False,False,False,False,False,False,False,False,False,False,False,False,False,False,False,False,False,False,False,False,False,False,False,False,False,False,False,True,False,False,False,False,False,False,False,False,False,False,False,422186.65
38,2011-05-06,422186.65,N/A,68.4,4.193,129.0444333,13.736,344225.99,362952.34,383657.44,356645.75666666665,365954.8866666667,367085.615,5,18,2,2011,False,False,False,False,False,False,False,False,False,False,False,False,False,False,False,False,False,False,False,False,False,False,False,False,False,False,False,False,False,False,False,False,False,False,False,False,False,True,False,False,False,False,False,False,False,False,False,False,False,366977.79
38,2011-05-13,366977.79,N/A,70.93,4.202,129.089,13.736,422186.65,344225.99,346174.3,376454.99333333335,377729.05833333335,370795.13083333336,5,19,2,2011,False,False,False,False,False,False,False,False,False,False,False,False,False,False,False,False,False,False,False,False,False,False,False,False,False,False,False,False,False,False,False,False,False,False,False,False,False,True,False,False,False,False,False,False,False,False,False,False,False,365730.76
38,2011-05-20,365730.76,N/A,66.59,4.169,129.0756774,13.736,366977.79,422186.65,340497.08,377796.81,375209.0016666667,370992.7216666667,5,20,2,2011,False,False,False,False,False,False,False,False,False,False,False,False,False,False,False,False,False,False,False,False,False,False,False,False,False,False,False,False,False,False,False,False,False,False,False,False,False,True,False,False,False,False,False,False,False,False,False,False,False,356886.1
38,2011-05-27,356886.1,N/A,76.67,4.087,129.0623548,13.736,365730.76,366977.79,326469.43,384965.06666666665,370805.4116666667,371950.92333333334,5,21,2,2011,False,False,False,False,False,False,False,False,False,False,False,False,False,False,False,False,False,False,False,False,False,False,False,False,False,False,False,False,False,False,False,False,False,False,False,False,False,True,False,False,False,False,False,False,False,False,False,False,False,396826.06
38,2011-06-03,396826.06,N/A,71.81,4.031,129.0490323,13.736,356886.1,365730.76,376184.88,363198.2166666666,369826.605,367905.6458333333,6,22,2,2011,False,False,False,False,False,False,False,False,False,False,False,False,False,False,False,False,False,False,False,False,False,False,False,False,False,False,False,False,False,False,False,False,False,False,False,False,False,True,False,False,False,False,False,False,False,False,False,False,False,381763.02
38,2011-06-10,381763.02,N/A,78.72,3.981,129.0357097,13.736,396826.06,356886.1,354828.65,373147.63999999996,375472.22500000003,371149.7191666667,6,23,2,2011,False,False,False,False,False,False,False,False,False,False,False,False,False,False,False,False,False,False,False,False,False,False,False,False,False,False,False,False,False,False,False,False,False,False,False,False,False,True,False,False,False,False,False,False,False,False,False,False,False,356797.0
38,2011-06-17,356797.0,N/A,86.84,3.935,129.0432,13.736,381763.02,396826.06,335691.85,378491.7266666666,381728.39666666667,373841.64166666666,6,24,2,2011,False,False,False,False,False,False,False,False,False,False,False,False,False,False,False,False,False,False,False,False,False,False,False,False,False,False,False,False,False,False,False,False,False,False,False,False,False,True,False,False,False,False,False,False,False,False,False,False,False,354078.95
38,2011-06-24,354078.95,N/A,88.95,3.898,129.0663,13.736,356797.0,381763.02,322046.76,378462.0266666667,370830.12166666664,374279.59,6,25,2,2011,False,False,False,False,False,False,False,False,False,False,False,False,False,False,False,False,False,False,False,False,False,False,False,False,False,False,False,False,False,False,False,False,False,False,False,False,False,True,False,False,False,False,False,False,False,False,False,False,False,387334.04
38,2011-07-01,387334.04,N/A,89.85,3.842,129.0894,13.503,354078.95,356797.0,361181.48,364212.99,368680.315,371944.65833333327,7,26,3,2011,False,False,False,False,False,False,False,False,False,False,False,False,False,False,False,False,False,False,False,False,False,False,False,False,False,False,False,False,False,False,False,False,False,False,False,False,False,True,False,False,False,False,False,False,False,False,False,False,False,399699.17
38,2011-07-08,399699.17,N/A,89.9,3.705,129.1125,13.503,387334.04,354078.95,343850.34,366069.99666666664,372280.86166666663,371543.13666666666,7,27,3,2011,False,False,False,False,False,False,False,False,False,False,False,False,False,False,False,False,False,False,False,False,False,False,False,False,False,False,False,False,False,False,False,False,False,False,False,False,False,True,False,False,False,False,False,False,False,False,False,False,False,367181.71
38,2011-07-15,367181.71,N/A,88.1,3.692,129.1338387,13.503,399699.17,387334.04,338277.71,380370.72,379416.3733333333,374621.4891666667,7,28,3,2011,False,False,False,False,False,False,False,False,False,False,False,False,False,False,False,False,False,False,False,False,False,False,False,False,False,False,False,False,False,False,False,False,False,False,False,False,False,True,False,False,False,False,False,False,False,False,False,False,False,365562.67
38,2011-07-22,365562.67,N/A,91.17,3.794,129.1507742,13.503,367181.71,399699.17,328336.85,384738.30666666664,374475.64833333326,374973.9366666667,7,29,3,2011,False,False,False,False,False,False,False,False,False,False,False,False,False,False,False,False,False,False,False,False,False,False,False,False,False,False,False,False,False,False,False,False,False,False,False,False,False,True,False,False,False,False,False,False,False,False,False,False,False,355131.33
38,2011-07-29,355131.33,N/A,93.29,3.805,129.1677097,13.503,365562.67,367181.71,336378.38,377481.18333333335,371775.59,376751.99333333335,7,30,3,2011,False,False,False,False,False,False,False,False,False,False,False,False,False,False,False,False,False,False,False,False,False,False,False,False,False,False,False,False,False,False,False,False,False,False,False,False,False,True,False,False,False,False,False,False,False,False,False,False,False,437631.44
38,2011-08-05,437631.44,N/A,90.61,3.803,129.1846452,13.503,355131.33,365562.67,378574.44,362625.23666666663,371497.97833333333,371164.05,8,31,3,2011,False,False,False,False,False,False,False,False,False,False,False,False,False,False,False,False,False,False,False,False,False,False,False,False,False,False,False,False,False,False,False,False,False,False,False,False,False,True,False,False,False,False,False,False,False,False,False,False,False,387844.05
38,2011-08-12,387844.05,N/A,91.04,3.701,129.2015806,13.503,437631.44,355131.33,341400.72,386108.48,385423.3933333333,377051.8541666667,8,32,3,2011,False,False,False,False,False,False,False,False,False,False,False,False,False,False,False,False,False,False,False,False,False,False,False,False,False,False,False,False,False,False,False,False,False,False,False,False,False,True,False,False,False,False,False,False,False,False,False,False,False,362224.7
38,2011-08-19,362224.7,N/A,91.74,3.743,129.2405806,13.503,387844.05,437631.44,329139.73,393535.6066666667,385508.395,378894.62833333336,8,33,3,2011,False,False,False,False,False,False,False,False,False,False,False,False,False,False,False,False,False,False,False,False,False,False,False,False,False,False,False,False,False,False,False,False,False,False,False,False,False,True,False,False,False,False,False,False,False,False,False,False,False,365672.55
38,2011-08-26,365672.55,N/A,94.61,3.74,129.2832581,13.503,362224.7,387844.05,322868.56,395900.0633333333,379262.64999999997,379339.5116666667,8,34,3,2011,False,False,False,False,False,False,False,False,False,False,False,False,False,False,False,False,False,False,False,False,False,False,False,False,False,False,False,False,False,False,False,False,False,False,False,False,False,True,False,False,False,False,False,False,False,False,False,False,False,416953.51
38,2011-09-02,416953.51,N/A,93.66,3.798,129.3259355,13.503,365672.55,362224.7,377096.55,371913.76666666666,379011.12333333335,376743.3858333333,9,35,3,2011,False,False,False,False,False,False,False,False,False,False,False,False,False,False,False,False,False,False,False,False,False,False,False,False,False,False,False,False,False,False,False,False,False,False,False,False,False,True,False,False,False,False,False,False,False,False,False,False,False,397771.68
38,2011-09-09,397771.68,Labor Day,88.0,3.913,129.3686129,13.503,416953.51,365672.55,336227.69,381616.92,387576.26333333337,379675.9266666667,9,36,3,2011,False,False,False,False,False,False,False,False,False,False,False,False,False,False,False,False,False,False,False,False,False,False,False,False,False,False,False,False,False,False,False,False,False,False,False,False,False,True,False,False,False,False,False,False,False,False,False,True,False,408188.88
38,2011-09-16,408188.88,N/A,76.36,3.918,129.4306,13.503,397771.68,416953.51,336253.19,393465.91333333333,394682.98833333334,383090.48333333334,9,37,3,2011,False,False,False,False,False,False,False,False,False,False,False,False,False,False,False,False,False,False,False,False,False,False,False,False,False,False,False,False,False,False,False,False,False,False,False,False,False,True,False,False,False,False,False,False,False,False,False,False,False,394665.28
38,2011-09-23,394665.28,N/A,82.95,3.789,129.5183333,13.503,408188.88,397771.68,330604.9,407638.0233333334,389775.895,387599.6441666666,9,38,3,2011,False,False,False,False,False,False,False,False,False,False,False,False,False,False,False,False,False,False,False,False,False,False,False,False,False,False,False,False,False,False,False,False,False,False,False,False,False,True,False,False,False,False,False,False,False,False,False,False,False,366819.84
38,2011-09-30,366819.84,N/A,83.26,3.877,129.6060667,13.503,394665.28,408188.88,360256.58,400208.61333333334,390912.76666666666,388210.5808333333,9,39,3,2011,False,False,False,False,False,False,False,False,False,False,False,False,False,False,False,False,False,False,False,False,False,False,False,False,False,False,False,False,False,False,False,False,False,False,False,False,False,True,False,False,False,False,False,False,False,False,False,False,False,449516.29
38,2011-10-07,449516.29,N/A,70.44,3.827,129.6938,12.89,366819.84,394665.28,351271.36,389891.3333333333,391678.62333333335,385470.63666666666,10,40,4,2011,False,False,False,False,False,False,False,False,False,False,False,False,False,False,False,False,False,False,False,False,False,False,False,False,False,False,False,False,False,False,False,False,False,False,False,False,False,True,False,False,False,False,False,False,False,False,False,False,False,400430.78
38,2011-10-14,400430.78,N/A,67.31,3.805,129.7706452,12.89,449516.29,366819.84,337743.26,403667.13666666666,405652.58,392331.8516666666,10,41,4,2011,False,False,False,False,False,False,False,False,False,False,False,False,False,False,False,False,False,False,False,False,False,False,False,False,False,False,False,False,False,False,False,False,False,False,False,False,False,True,False,False,False,False,False,False,False,False,False,False,False,402709.17
38,2011-10-21,402709.17,N/A,73.05,3.842,129.7821613,12.89,400430.78,449516.29,339042.18,405588.97,402898.7916666667,395237.5275,10,42,4,2011,False,False,False,False,False,False,False,False,False,False,False,False,False,False,False,False,False,False,False,False,False,False,False,False,False,False,False,False,False,False,False,False,False,False,False,False,False,True,False,False,False,False,False,False,False,False,False,False,False,378539.17
39,2011-02-04,1343773.94,N/A,45.96,2.989,211.3333753,8.395,1158698.44,1243370.74,1230596.8,1198422.8566666665,1424207.5166666666,1521775.5391666666,2,5,1,2011,False,False,False,False,False,False,False,False,False,False,False,False,False,False,False,False,False,False,False,False,False,False,False,False,False,False,False,False,False,False,False,False,False,False,False,False,False,False,True,False,False,False,False,False,False,False,False,False,False,1227893.89
39,2011-02-11,1227893.89,Super Bowl,40.34,3.022,211.6985093,8.395,1343773.94,1158698.44,1266229.07,1248614.3733333333,1232254.965,1526140.1416666666,2,6,1,2011,False,False,False,False,False,False,False,False,False,False,False,False,False,False,False,False,False,False,False,False,False,False,False,False,False,False,False,False,False,False,False,False,False,False,False,False,False,False,True,False,False,False,False,False,False,False,False,False,True,1335233.74
39,2011-02-18,1335233.74,N/A,58.2,3.045,212.0063522,8.395,1227893.89,1343773.94,1230591.97,1243455.423333333,1231901.92,1514243.0041666664,2,7,1,2011,False,False,False,False,False,False,False,False,False,False,False,False,False,False,False,False,False,False,False,False,False,False,False,False,False,False,False,False,False,False,False,False,False,False,False,False,False,False,True,False,False,False,False,False,False,False,False,False,False,1240921.19
39,2011-02-25,1240921.19,N/A,67.77,3.065,212.2912786,8.395,1335233.74,1227893.89,1168582.02,1302300.5233333334,1250361.69,1446399.5491666666,2,8,1,2011,False,False,False,False,False,False,False,False,False,False,False,False,False,False,False,False,False,False,False,False,False,False,False,False,False,False,False,False,False,False,False,False,False,False,False,False,False,False,True,False,False,False,False,False,False,False,False,False,False,1316385.43
39,2011-03-04,1316385.43,N/A,63.56,3.288,212.576205,8.395,1240921.19,1335233.74,1266254.21,1268016.2733333332,1258315.3233333332,1430483.7333333334,3,9,1,2011,False,False,False,False,False,False,False,False,False,False,False,False,False,False,False,False,False,False,False,False,False,False,False,False,False,False,False,False,False,False,False,False,False,False,False,False,False,False,True,False,False,False,False,False,False,False,False,False,False,1283716.81
39,2011-03-11,1283716.81,N/A,58.35,3.459,212.8611313,8.395,1316385.43,1240921.19,1244391.83,1297513.4533333334,1270484.4383333332,1404302.1458333333,3,10,1,2011,False,False,False,False,False,False,False,False,False,False,False,False,False,False,False,False,False,False,False,False,False,False,False,False,False,False,False,False,False,False,False,False,False,False,False,False,False,False,True,False,False,False,False,False,False,False,False,False,False,1348410.05
39,2011-03-18,1348410.05,N/A,65.28,3.488,213.1096787,8.395,1283716.81,1316385.43,1301590.13,1280341.1433333333,1291320.8333333333,1357764.175,3,11,1,2011,False,False,False,False,False,False,False,False,False,False,False,False,False,False,False,False,False,False,False,False,False,False,False,False,False,False,False,False,False,False,False,False,False,False,False,False,False,False,True,False,False,False,False,False,False,False,False,False,False,1284334.79
39,2011-03-25,1284334.79,N/A,71.17,3.473,213.3436744,8.395,1348410.05,1283716.81,1235094.66,1316170.7633333334,1292093.5183333333,1262174.2416666667,3,12,1,2011,False,False,False,False,False,False,False,False,False,False,False,False,False,False,False,False,False,False,False,False,False,False,False,False,False,False,False,False,False,False,False,False,False,False,False,False,False,False,True,False,False,False,False,False,False,False,False,False,False,1316849.36
39,2011-04-01,1316849.36,N/A,66.57,3.524,213.5776701,8.3,1284334.79,1348410.05,1463942.62,1305487.2166666668,1301500.335,1266701.1275,4,13,2,2011,False,False,False,False,False,False,False,False,False,False,False,False,False,False,False,False,False,False,False,False,False,False,False,False,False,False,False,False,False,False,False,False,False,False,False,False,False,False,True,False,False,False,False,False,False,False,False,False,False,1350646.16
39,2011-04-08,1350646.16,N/A,69.45,3.622,213.8116658,8.3,1316849.36,1284334.79,1327035.27,1316531.4000000001,1298436.2716666667,1274398.9808333332,4,14,2,2011,False,False,False,False,False,False,False,False,False,False,False,False,False,False,False,False,False,False,False,False,False,False,False,False,False,False,False,False,False,False,False,False,False,False,False,False,False,False,True,False,False,False,False,False,False,False,False,False,False,1348031.55
39,2011-04-15,1348031.55,N/A,73.19,3.743,214.026217,8.3,1350646.16,1316849.36,1242874.98,1317276.7700000003,1316723.7666666668,1287519.545,4,15,2,2011,False,False,False,False,False,False,False,False,False,False,False,False,False,False,False,False,False,False,False,False,False,False,False,False,False,False,False,False,False,False,False,False,False,False,False,False,False,False,True,False,False,False,False,False,False,False,False,False,False,1563140.85
39,2011-04-22,1563140.85,N/A,74.98,3.807,214.1921572,8.3,1348031.55,1350646.16,1280231.85,1338509.0233333334,1321998.1199999999,1296241.2791666666,4,16,2,2011,False,False,False,False,False,False,False,False,False,False,False,False,False,False,False,False,False,False,False,False,False,False,False,False,False,False,False,False,False,False,False,False,False,False,False,False,False,False,True,False,False,False,False,False,False,False,False,False,False,1379651.87
39,2011-04-29,1379651.87,N/A,76.47,3.81,214.3580974,8.3,1563140.85,1348031.55,1263836.59,1420606.1866666668,1368568.7933333332,1329944.8133333332,4,17,2,2011,False,False,False,False,False,False,False,False,False,False,False,False,False,False,False,False,False,False,False,False,False,False,False,False,False,False,False,False,False,False,False,False,False,False,False,False,False,False,True,False,False,False,False,False,False,False,False,False,False,1370920.87
39,2011-05-06,1370920.87,N/A,68.75,3.906,214.5240376,8.3,1379651.87,1563140.85,1355704.21,1430274.7566666666,1373775.7633333334,1332934.6408333334,5,18,2,2011,False,False,False,False,False,False,False,False,False,False,False,False,False,False,False,False,False,False,False,False,False,False,False,False,False,False,False,False,False,False,False,False,False,False,False,False,False,False,True,False,False,False,False,False,False,False,False,False,False,1325022.77
39,2011-05-13,1325022.77,N/A,77.39,3.899,214.6899778,8.3,1370920.87,1379651.87,1226997.7,1437904.53,1388206.7766666666,1344853.5558333334,5,19,2,2011,False,False,False,False,False,False,False,False,False,False,False,False,False,False,False,False,False,False,False,False,False,False,False,False,False,False,False,False,False,False,False,False,False,False,False,False,False,False,True,False,False,False,False,False,False,False,False,False,False,1373907.21
39,2011-05-20,1373907.21,N/A,73.31,3.907,214.465412,8.3,1325022.77,1370920.87,1350673.98,1358531.8366666667,1389569.0116666667,1344002.6416666666,5,20,2,2011,False,False,False,False,False,False,False,False,False,False,False,False,False,False,False,False,False,False,False,False,False,False,False,False,False,False,False,False,False,False,False,False,False,False,False,False,False,False,True,False,False,False,False,False,False,False,False,False,False,1406124.14
39,2011-05-27,1406124.14,N/A,82.1,3.786,214.2408462,8.3,1373907.21,1325022.77,1365541.59,1356616.95,1393445.8533333333,1355084.81,5,21,2,2011,False,False,False,False,False,False,False,False,False,False,False,False,False,False,False,False,False,False,False,False,False,False,False,False,False,False,False,False,False,False,False,False,False,False,False,False,False,False,True,False,False,False,False,False,False,False,False,False,False,1541745.59
39,2011-06-03,1541745.59,N/A,83.59,3.699,214.0162805,8.3,1406124.14,1373907.21,1512207.95,1368351.3733333333,1403127.951666667,1362563.0358333334,6,22,2,2011,False,False,False,False,False,False,False,False,False,False,False,False,False,False,False,False,False,False,False,False,False,False,False,False,False,False,False,False,False,False,False,False,False,False,False,False,False,False,True,False,False,False,False,False,False,False,False,False,False,1442092.08
39,2011-06-10,1442092.08,N/A,82.75,3.648,213.7917147,8.3,1541745.59,1406124.14,1371405.33,1440592.3133333332,1399562.0750000002,1384065.4341666668,6,23,2,2011,False,False,False,False,False,False,False,False,False,False,False,False,False,False,False,False,False,False,False,False,False,False,False,False,False,False,False,False,False,False,False,False,False,False,False,False,False,False,True,False,False,False,False,False,False,False,False,False,False,1451392.67
39,2011-06-17,1451392.67,N/A,85.21,3.637,213.7481256,8.3,1442092.08,1541745.59,1368312.45,1463320.6033333335,1409968.7766666666,1391872.27,6,24,2,2011,False,False,False,False,False,False,False,False,False,False,False,False,False,False,False,False,False,False,False,False,False,False,False,False,False,False,False,False,False,False,False,False,False,False,False,False,False,False,True,False,False,False,False,False,False,False,False,False,False,1363167.95
39,2011-06-24,1363167.95,N/A,84.06,3.594,213.8402689,8.3,1451392.67,1442092.08,1280414.8,1478410.1133333333,1423380.7433333334,1405793.76,6,25,2,2011,False,False,False,False,False,False,False,False,False,False,False,False,False,False,False,False,False,False,False,False,False,False,False,False,False,False,False,False,False,False,False,False,False,False,False,False,False,False,True,False,False,False,False,False,False,False,False,False,False,1429829.36
39,2011-07-01,1429829.36,N/A,84.93,3.524,213.9324122,8.177,1363167.95,1451392.67,1352547.7,1418884.2333333334,1429738.2733333334,1409653.6425,7,26,3,2011,False,False,False,False,False,False,False,False,False,False,False,False,False,False,False,False,False,False,False,False,False,False,False,False,False,False,False,False,False,False,False,False,False,False,False,False,False,False,True,False,False,False,False,False,False,False,False,False,False,1414564.53
39,2011-07-08,1414564.53,N/A,84.33,3.48,214.0245556,8.177,1429829.36,1363167.95,1330473.47,1414796.6600000001,1439058.6316666666,1416252.2425,7,27,3,2011,False,False,False,False,False,False,False,False,False,False,False,False,False,False,False,False,False,False,False,False,False,False,False,False,False,False,False,False,False,False,False,False,False,False,False,False,False,False,True,False,False,False,False,False,False,False,False,False,False,1380257.12
39,2011-07-15,1380257.12,N/A,85.96,3.575,214.1083654,8.177,1414564.53,1429829.36,1339811.68,1402520.6133333333,1440465.3633333333,1421796.6575,7,28,3,2011,False,False,False,False,False,False,False,False,False,False,False,False,False,False,False,False,False,False,False,False,False,False,False,False,False,False,False,False,False,False,False,False,False,False,False,False,False,False,True,False,False,False,False,False,False,False,False,False,False,1416005.59
39,2011-07-22,1416005.59,N/A,84.6,3.651,214.1713416,8.177,1380257.12,1414564.53,1314651.83,1408217.0033333332,1413550.6183333334,1406556.3466666667,7,29,3,2011,False,False,False,False,False,False,False,False,False,False,False,False,False,False,False,False,False,False,False,False,False,False,False,False,False,False,False,False,False,False,False,False,False,False,False,False,False,False,True,False,False,False,False,False,False,False,False,False,False,1426418.53
39,2011-07-29,1426418.53,N/A,86.24,3.682,214.2343177,8.177,1416005.59,1380257.12,1308222.24,1403609.08,1409202.87,1409585.8233333332,7,30,3,2011,False,False,False,False,False,False,False,False,False,False,False,False,False,False,False,False,False,False,False,False,False,False,False,False,False,False,False,False,False,False,False,False,False,False,False,False,False,False,True,False,False,False,False,False,False,False,False,False,False,1518790.89
39,2011-08-05,1518790.89,N/A,87.73,3.684,214.2972939,8.177,1426418.53,1416005.59,1409989.67,1407560.4133333333,1405040.5133333334,1414210.6283333332,8,31,3,2011,False,False,False,False,False,False,False,False,False,False,False,False,False,False,False,False,False,False,False,False,False,False,False,False,False,False,False,False,False,False,False,False,False,False,False,False,False,False,True,False,False,False,False,False,False,False,False,False,False,1514055.97
39,2011-08-12,1514055.97,N/A,88.27,3.638,214.3602701,8.177,1518790.89,1426418.53,1371465.66,1453738.3366666667,1430977.67,1430357.9716666667,8,32,3,2011,False,False,False,False,False,False,False,False,False,False,False,False,False,False,False,False,False,False,False,False,False,False,False,False,False,False,False,False,False,False,False,False,False,False,False,False,False,False,True,False,False,False,False,False,False,False,False,False,False,1629066.9
39,2011-08-19,1629066.9,N/A,87.93,3.554,214.4239935,8.177,1514055.97,1518790.89,1471816.52,1486421.7966666666,1445015.4383333335,1442037.0350000001,8,33,3,2011,False,False,False,False,False,False,False,False,False,False,False,False,False,False,False,False,False,False,False,False,False,False,False,False,False,False,False,False,False,False,False,False,False,False,False,False,False,False,True,False,False,False,False,False,False,False,False,False,False,1573898.63
39,2011-08-26,1573898.63,N/A,86.49,3.523,214.4878416,8.177,1629066.9,1514055.97,1417515.93,1553971.2533333332,1480765.8333333333,1460615.5983333334,8,34,3,2011,False,False,False,False,False,False,False,False,False,False,False,False,False,False,False,False,False,False,False,False,False,False,False,False,False,False,False,False,False,False,False,False,False,False,False,False,False,False,True,False,False,False,False,False,False,False,False,False,False,1465089.85
39,2011-09-02,1465089.85,N/A,88.65,3.533,214.5516896,8.177,1573898.63,1629066.9,1345167.61,1572340.5,1513039.4183333332,1463295.0183333333,9,35,3,2011,False,False,False,False,False,False,False,False,False,False,False,False,False,False,False,False,False,False,False,False,False,False,False,False,False,False,False,False,False,False,False,False,False,False,False,False,False,False,True,False,False,False,False,False,False,False,False,False,False,1429345.86
39,2011-09-09,1429345.86,Labor Day,79.15,3.546,214.6155376,8.177,1465089.85,1573898.63,1279666.47,1556018.46,1521220.1283333332,1465211.4991666665,9,36,3,2011,False,False,False,False,False,False,False,False,False,False,False,False,False,False,False,False,False,False,False,False,False,False,False,False,False,False,False,False,False,False,False,False,False,False,False,False,False,False,True,False,False,False,False,False,False,False,False,True,False,1372500.63
39,2011-09-16,1372500.63,N/A,83.11,3.526,214.7934111,8.177,1429345.86,1465089.85,1252915.43,1489444.78,1521708.0166666666,1463374.265,9,37,3,2011,False,False,False,False,False,False,False,False,False,False,False,False,False,False,False,False,False,False,False,False,False,False,False,False,False,False,False,False,False,False,False,False,False,False,False,False,False,False,True,False,False,False,False,False,False,False,False,False,False,1338657.95
39,2011-09-23,1338657.95,N/A,78.75,3.467,215.1233185,8.177,1372500.63,1429345.86,1199449.54,1422312.1133333333,1497326.3066666666,1464151.9883333333,9,38,3,2011,False,False,False,False,False,False,False,False,False,False,False,False,False,False,False,False,False,False,False,False,False,False,False,False,False,False,False,False,False,False,False,False,False,False,False,False,False,False,True,False,False,False,False,False,False,False,False,False,False,1311775.83
39,2011-09-30,1311775.83,N/A,81.51,3.355,215.4532259,8.177,1338657.95,1372500.63,1219583.91,1380168.1466666667,1468093.3033333335,1456554.3708333333,9,39,3,2011,False,False,False,False,False,False,False,False,False,False,False,False,False,False,False,False,False,False,False,False,False,False,False,False,False,False,False,False,False,False,False,False,False,False,False,False,False,False,True,False,False,False,False,False,False,False,False,False,False,1443884.39
39,2011-10-07,1443884.39,N/A,71.68,3.285,215.7831333,7.716,1311775.83,1338657.95,1286598.59,1340978.1366666667,1415211.4583333333,1447988.6458333333,10,40,4,2011,False,False,False,False,False,False,False,False,False,False,False,False,False,False,False,False,False,False,False,False,False,False,False,False,False,False,False,False,False,False,False,False,False,False,False,False,False,False,True,False,False,False,False,False,False,False,False,False,False,1384721.84
39,2011-10-14,1384721.84,N/A,73.79,3.274,216.0885258,7.716,1443884.39,1311775.83,1238742.0,1364772.7233333334,1393542.4183333332,1453290.9183333332,10,41,4,2011,False,False,False,False,False,False,False,False,False,False,False,False,False,False,False,False,False,False,False,False,False,False,False,False,False,False,False,False,False,False,False,False,False,False,False,False,False,False,True,False,False,False,False,False,False,False,False,False,False,1465283.29
39,2011-10-21,1465283.29,N/A,67.65,3.353,216.2468287,7.716,1384721.84,1443884.39,1261109.01,1380127.3533333333,1380147.75,1450683.9391666667,10,42,4,2011,False,False,False,False,False,False,False,False,False,False,False,False,False,False,False,False,False,False,False,False,False,False,False,False,False,False,False,False,False,False,False,False,False,False,False,False,False,False,True,False,False,False,False,False,False,False,False,False,False,1472663.1
40,2011-02-04,904261.65,N/A,13.29,3.24,133.1834194,5.114,775910.43,764014.75,1001943.8,770413.6,944278.0783333335,992548.3041666667,2,5,1,2011,False,False,False,False,False,False,False,False,False,False,False,False,False,False,False,False,False,False,False,False,False,False,False,False,False,False,False,False,False,False,False,False,False,False,False,False,False,False,False,True,False,False,False,False,False,False,False,False,False,931939.52
40,2011-02-11,931939.52,Super Bowl,16.87,3.255,133.260871,5.114,904261.65,775910.43,955338.29,814728.9433333334,820183.4900000001,989946.665,2,6,1,2011,False,False,False,False,False,False,False,False,False,False,False,False,False,False,False,False,False,False,False,False,False,False,False,False,False,False,False,False,False,False,False,False,False,False,False,False,False,False,False,True,False,False,False,False,False,False,False,False,True,968694.45
40,2011-02-18,968694.45,N/A,21.82,3.263,133.3701429,5.114,931939.52,904261.65,916289.2,870703.8666666667,840287.0266666667,996570.5475,2,7,1,2011,False,False,False,False,False,False,False,False,False,False,False,False,False,False,False,False,False,False,False,False,False,False,False,False,False,False,False,False,False,False,False,False,False,False,False,False,False,False,False,True,False,False,False,False,False,False,False,False,False,888869.27
40,2011-02-25,888869.27,N/A,16.5,3.281,133.4921429,5.114,968694.45,931939.52,863917.41,934965.2066666667,852689.4033333333,980116.5141666667,2,8,1,2011,False,False,False,False,False,False,False,False,False,False,False,False,False,False,False,False,False,False,False,False,False,False,False,False,False,False,False,False,False,False,False,False,False,False,False,False,False,False,False,True,False,False,False,False,False,False,False,False,False,977070.62
40,2011-03-04,977070.62,N/A,18.49,3.437,133.6141429,5.114,888869.27,968694.45,990152.28,929834.4133333334,872281.6783333332,970807.1150000001,3,9,1,2011,False,False,False,False,False,False,False,False,False,False,False,False,False,False,False,False,False,False,False,False,False,False,False,False,False,False,False,False,False,False,False,False,False,False,False,False,False,False,False,True,False,False,False,False,False,False,False,False,False,860255.58
40,2011-03-11,860255.58,N/A,30.53,3.6,133.7361429,5.114,977070.62,888869.27,899352.4,944878.1133333333,907790.9899999999,959628.3566666666,3,10,1,2011,False,False,False,False,False,False,False,False,False,False,False,False,False,False,False,False,False,False,False,False,False,False,False,False,False,False,False,False,False,False,False,False,False,False,False,False,False,False,False,True,False,False,False,False,False,False,False,False,False,871024.26
40,2011-03-18,871024.26,N/A,35.76,3.634,133.8492258,5.114,860255.58,977070.62,894865.3,908731.8233333332,921848.515,933063.2966666665,3,11,1,2011,False,False,False,False,False,False,False,False,False,False,False,False,False,False,False,False,False,False,False,False,False,False,False,False,False,False,False,False,False,False,False,False,False,False,False,False,False,False,False,True,False,False,False,False,False,False,False,False,False,834621.39
40,2011-03-25,834621.39,N/A,28.89,3.624,133.9587419,5.114,871024.26,860255.58,873354.58,902783.4866666667,916308.9499999998,868246.2199999999,3,12,1,2011,False,False,False,False,False,False,False,False,False,False,False,False,False,False,False,False,False,False,False,False,False,False,False,False,False,False,False,False,False,False,False,False,False,False,False,False,False,False,False,True,False,False,False,False,False,False,False,False,False,841889.08
40,2011-04-01,841889.08,N/A,28.6,3.638,134.0682581,4.781,834621.39,871024.26,1041202.13,855300.41,900089.2616666667,870188.1441666667,4,13,2,2011,False,False,False,False,False,False,False,False,False,False,False,False,False,False,False,False,False,False,False,False,False,False,False,False,False,False,False,False,False,False,False,False,False,False,False,False,False,False,False,True,False,False,False,False,False,False,False,False,False,947753.32
40,2011-04-08,947753.32,N/A,34.77,3.72,134.1777742,4.781,841889.08,834621.39,919839.19,849178.2433333333,878955.0333333333,865822.2183333333,4,14,2,2011,False,False,False,False,False,False,False,False,False,False,False,False,False,False,False,False,False,False,False,False,False,False,False,False,False,False,False,False,False,False,False,False,False,False,False,False,False,False,False,True,False,False,False,False,False,False,False,False,False,874446.32
40,2011-04-15,874446.32,N/A,43.69,3.823,134.2784667,4.781,947753.32,841889.08,882636.96,874754.5966666667,888769.0416666666,880525.36,4,15,2,2011,False,False,False,False,False,False,False,False,False,False,False,False,False,False,False,False,False,False,False,False,False,False,False,False,False,False,False,False,False,False,False,False,False,False,False,False,False,False,False,True,False,False,False,False,False,False,False,False,False,965056.4
40,2011-04-22,965056.4,N/A,39.32,3.919,134.3571,4.781,874446.32,947753.32,844958.49,888029.5733333332,871664.9916666667,889727.9908333333,4,16,2,2011,False,False,False,False,False,False,False,False,False,False,False,False,False,False,False,False,False,False,False,False,False,False,False,False,False,False,False,False,False,False,False,False,False,False,False,False,False,False,False,True,False,False,False,False,False,False,False,False,False,847246.5
40,2011-04-29,847246.5,N/A,52.68,3.988,134.4357333,4.781,965056.4,874446.32,816838.31,929085.3466666667,889131.7949999999,905490.1549999999,4,17,2,2011,False,False,False,False,False,False,False,False,False,False,False,False,False,False,False,False,False,False,False,False,False,False,False,False,False,False,False,False,False,False,False,False,False,False,False,False,False,False,False,True,False,False,False,False,False,False,False,False,False,1016752.55
40,2011-05-06,1016752.55,N/A,50.81,4.078,134.5143667,4.781,847246.5,965056.4,1009797.06,895583.0733333332,885168.835,900738.8925000001,5,18,2,2011,False,False,False,False,False,False,False,False,False,False,False,False,False,False,False,False,False,False,False,False,False,False,False,False,False,False,False,False,False,False,False,False,False,False,False,False,False,False,False,True,False,False,False,False,False,False,False,False,False,903864.02
40,2011-05-13,903864.02,N/A,54.09,4.095,134.593,4.781,1016752.55,847246.5,907262.47,943018.4833333334,915524.0283333333,907806.645,5,19,2,2011,False,False,False,False,False,False,False,False,False,False,False,False,False,False,False,False,False,False,False,False,False,False,False,False,False,False,False,False,False,False,False,False,False,False,False,False,False,False,False,True,False,False,False,False,False,False,False,False,False,907110.83
40,2011-05-20,907110.83,N/A,56.38,4.101,134.6803871,4.781,903864.02,1016752.55,885613.91,922621.0233333334,925853.1849999999,902404.1091666665,5,20,2,2011,False,False,False,False,False,False,False,False,False,False,False,False,False,False,False,False,False,False,False,False,False,False,False,False,False,False,False,False,False,False,False,False,False,False,False,False,False,False,False,True,False,False,False,False,False,False,False,False,False,972373.81
40,2011-05-27,972373.81,N/A,63.11,4.034,134.7677742,4.781,907110.83,903864.02,1008483.07,942575.7999999999,919079.4366666666,903924.2391666666,5,21,2,2011,False,False,False,False,False,False,False,False,False,False,False,False,False,False,False,False,False,False,False,False,False,False,False,False,False,False,False,False,False,False,False,False,False,False,False,False,False,False,False,True,False,False,False,False,False,False,False,False,False,1075687.74
40,2011-06-03,1075687.74,N/A,66.16,3.973,134.8551613,4.781,972373.81,907110.83,1052429.03,927782.8866666667,935400.685,903532.8383333334,6,22,2,2011,False,False,False,False,False,False,False,False,False,False,False,False,False,False,False,False,False,False,False,False,False,False,False,False,False,False,False,False,False,False,False,False,False,False,False,False,False,False,False,True,False,False,False,False,False,False,False,False,False,984336.04
40,2011-06-10,984336.04,N/A,64.19,3.924,134.9425484,4.781,1075687.74,972373.81,1007574.67,985057.46,953839.2416666668,921485.5183333334,6,23,2,2011,False,False,False,False,False,False,False,False,False,False,False,False,False,False,False,False,False,False,False,False,False,False,False,False,False,False,False,False,False,False,False,False,False,False,False,False,False,False,False,True,False,False,False,False,False,False,False,False,False,971422.67
40,2011-06-17,971422.67,N/A,59.16,3.873,135.0837333,4.781,984336.04,1075687.74,973105.3,1010799.1966666667,976687.4983333334,930928.1666666666,6,24,2,2011,False,False,False,False,False,False,False,False,False,False,False,False,False,False,False,False,False,False,False,False,False,False,False,False,False,False,False,False,False,False,False,False,False,False,False,False,False,False,False,True,False,False,False,False,False,False,False,False,False,977103.64
40,2011-06-24,977103.64,N/A,62.59,3.851,135.2652667,4.781,971422.67,984336.04,940405.03,1010482.1499999999,969132.5183333334,942328.2733333334,6,25,2,2011,False,False,False,False,False,False,False,False,False,False,False,False,False,False,False,False,False,False,False,False,False,False,False,False,False,False,False,False,False,False,False,False,False,False,False,False,False,False,False,True,False,False,False,False,False,False,False,False,False,1048866.3
40,2011-07-01,1048866.3,N/A,65.25,3.815,135.4468,4.584,977103.64,971422.67,1087578.78,977620.7833333333,981339.1216666667,953596.1533333333,7,26,3,2011,False,False,False,False,False,False,False,False,False,False,False,False,False,False,False,False,False,False,False,False,False,False,False,False,False,False,False,False,False,False,False,False,False,False,False,False,False,False,False,True,False,False,False,False,False,False,False,False,False,1107366.06
40,2011-07-08,1107366.06,N/A,67.86,3.784,135.6283333,4.584,1048866.3,977103.64,1058250.91,999130.8700000001,1004965.0333333333,962022.235,7,27,3,2011,False,False,False,False,False,False,False,False,False,False,False,False,False,False,False,False,False,False,False,False,False,False,False,False,False,False,False,False,False,False,False,False,False,False,False,False,False,False,False,True,False,False,False,False,False,False,False,False,False,953252.14
40,2011-07-15,953252.14,N/A,68.9,3.827,135.7837419,4.584,1107366.06,1048866.3,959229.09,1044445.3333333334,1027463.7416666667,981432.2133333334,7,28,3,2011,False,False,False,False,False,False,False,False,False,False,False,False,False,False,False,False,False,False,False,False,False,False,False,False,False,False,False,False,False,False,False,False,False,False,False,False,False,False,False,True,False,False,False,False,False,False,False,False,False,980642.1
40,2011-07-22,980642.1,N/A,73.34,3.882,135.8738387,4.584,953252.14,1107366.06,922341.82,1036494.8333333334,1007057.8083333335,980448.5249999999,7,29,3,2011,False,False,False,False,False,False,False,False,False,False,False,False,False,False,False,False,False,False,False,False,False,False,False,False,False,False,False,False,False,False,False,False,False,False,False,False,False,False,False,True,False,False,False,False,False,False,False,False,False,929096.9
40,2011-07-29,929096.9,N/A,67.45,3.898,135.9639355,4.584,980642.1,953252.14,953393.02,1013753.4333333332,1006442.1516666667,991564.8250000002,7,30,3,2011,False,False,False,False,False,False,False,False,False,False,False,False,False,False,False,False,False,False,False,False,False,False,False,False,False,False,False,False,False,False,False,False,False,False,False,False,False,False,False,True,False,False,False,False,False,False,False,False,False,1063818.2
40,2011-08-05,1063818.2,N/A,68.1,3.903,136.0540323,4.584,929096.9,980642.1,1057295.87,954330.38,999387.8566666666,984260.1875,8,31,3,2011,False,False,False,False,False,False,False,False,False,False,False,False,False,False,False,False,False,False,False,False,False,False,False,False,False,False,False,False,False,False,False,False,False,False,False,False,False,False,False,True,False,False,False,False,False,False,False,False,False,955506.95
40,2011-08-12,955506.95,N/A,68.3,3.88,136.144129,4.584,1063818.2,929096.9,924011.76,991185.7333333333,1013840.2833333333,997589.7025000001,8,32,3,2011,False,False,False,False,False,False,False,False,False,False,False,False,False,False,False,False,False,False,False,False,False,False,False,False,False,False,False,False,False,False,False,False,False,False,False,False,False,False,False,True,False,False,False,False,False,False,False,False,False,943237.12
40,2011-08-19,943237.12,N/A,64.05,3.82,136.183129,4.584,955506.95,1063818.2,932397.0,982807.35,998280.3916666667,1001622.7125,8,33,3,2011,False,False,False,False,False,False,False,False,False,False,False,False,False,False,False,False,False,False,False,False,False,False,False,False,False,False,False,False,False,False,False,False,False,False,False,False,False,False,False,True,False,False,False,False,False,False,False,False,False,969611.3
40,2011-08-26,969611.3,N/A,65.01,3.796,136.2136129,4.584,943237.12,955506.95,922328.02,987520.7566666667,970925.5683333334,999194.6550000001,8,34,3,2011,False,False,False,False,False,False,False,False,False,False,False,False,False,False,False,False,False,False,False,False,False,False,False,False,False,False,False,False,False,False,False,False,False,False,False,False,False,False,False,True,False,False,False,False,False,False,False,False,False,957298.26
40,2011-09-02,957298.26,N/A,63.79,3.784,136.2440968,4.584,969611.3,943237.12,976453.34,956118.4566666665,973652.0950000001,990354.9516666667,9,35,3,2011,False,False,False,False,False,False,False,False,False,False,False,False,False,False,False,False,False,False,False,False,False,False,False,False,False,False,False,False,False,False,False,False,False,False,False,False,False,False,False,True,False,False,False,False,False,False,False,False,False,1021391.99
40,2011-09-09,1021391.99,Labor Day,64.83,3.809,136.2745806,4.584,957298.26,969611.3,967310.82,956715.5599999999,969761.4550000001,988101.8033333332,9,36,3,2011,False,False,False,False,False,False,False,False,False,False,False,False,False,False,False,False,False,False,False,False,False,False,False,False,False,False,False,False,False,False,False,False,False,False,False,False,False,False,False,True,False,False,False,False,False,False,False,True,False,890661.79
40,2011-09-16,890661.79,N/A,58.28,3.809,136.3145,4.584,1021391.99,957298.26,855046.95,982767.1833333332,985143.9700000001,992265.9133333332,9,37,3,2011,False,False,False,False,False,False,False,False,False,False,False,False,False,False,False,False,False,False,False,False,False,False,False,False,False,False,False,False,False,False,False,False,False,False,False,False,False,False,False,True,False,False,False,False,False,False,False,False,False,876583.98
40,2011-09-23,876583.98,N/A,54.09,3.758,136.367,4.584,890661.79,1021391.99,844373.31,956450.68,956284.5683333334,985062.4258333334,9,38,3,2011,False,False,False,False,False,False,False,False,False,False,False,False,False,False,False,False,False,False,False,False,False,False,False,False,False,False,False,False,False,False,False,False,False,False,False,False,False,False,False,True,False,False,False,False,False,False,False,False,False,912857.1
40,2011-09-30,912857.1,N/A,63.45,3.684,136.4195,4.584,876583.98,890661.79,891152.33,929545.9199999999,943130.7399999999,970705.5658333333,9,39,3,2011,False,False,False,False,False,False,False,False,False,False,False,False,False,False,False,False,False,False,False,False,False,False,False,False,False,False,False,False,False,False,False,False,False,False,False,False,False,False,False,True,False,False,False,False,False,False,False,False,False,1070389.98
40,2011-10-07,1070389.98,N/A,50.21,3.633,136.472,4.42,912857.1,876583.98,972405.38,893367.6233333334,938067.4033333333,954496.4858333333,10,40,4,2011,False,False,False,False,False,False,False,False,False,False,False,False,False,False,False,False,False,False,False,False,False,False,False,False,False,False,False,False,False,False,False,False,False,False,False,False,False,False,False,True,False,False,False,False,False,False,False,False,False,936751.68
40,2011-10-14,936751.68,N/A,53.9,3.583,136.5150968,4.42,1070389.98,912857.1,917883.17,953277.0199999999,954863.85,964257.9725,10,41,4,2011,False,False,False,False,False,False,False,False,False,False,False,False,False,False,False,False,False,False,False,False,False,False,False,False,False,False,False,False,False,False,False,False,False,False,False,False,False,False,False,True,False,False,False,False,False,False,False,False,False,942319.65
40,2011-10-21,942319.65,N/A,51.61,3.618,136.5017742,4.42,936751.68,1070389.98,882180.91,973332.9199999999,951439.42,960600.4375000001,10,42,4,2011,False,False,False,False,False,False,False,False,False,False,False,False,False,False,False,False,False,False,False,False,False,False,False,False,False,False,False,False,False,False,False,False,False,False,False,False,False,False,False,True,False,False,False,False,False,False,False,False,False,941675.95
41,2011-02-04,1179420.5,N/A,14.56,3.011,191.7625895,7.241,1026439.93,1088025.8,1086533.18,1055691.6300000001,1257913.0516666665,1337047.4958333333,2,5,1,2011,False,False,False,False,False,False,False,False,False,False,False,False,False,False,False,False,False,False,False,False,False,False,False,False,False,False,False,False,False,False,False,False,False,False,False,False,False,False,False,False,True,False,False,False,False,False,False,False,False,1150003.36
41,2011-02-11,1150003.36,Super Bowl,16.81,3.037,191.8572881,7.241,1179420.5,1026439.93,1075656.34,1097962.076666667,1083647.0133333334,1337388.685,2,6,1,2011,False,False,False,False,False,False,False,False,False,False,False,False,False,False,False,False,False,False,False,False,False,False,False,False,False,False,False,False,False,False,False,False,False,False,False,False,False,False,False,False,True,False,False,False,False,False,False,False,True,1203399.64
41,2011-02-18,1203399.64,N/A,39.39,3.051,191.9178331,7.241,1150003.36,1179420.5,1052034.74,1118621.2633333334,1108349.2133333334,1335542.6916666667,2,7,1,2011,False,False,False,False,False,False,False,False,False,False,False,False,False,False,False,False,False,False,False,False,False,False,False,False,False,False,False,False,False,False,False,False,False,False,False,False,False,False,False,False,True,False,False,False,False,False,False,False,False,1099714.93
41,2011-02-25,1099714.93,N/A,26.1,3.101,191.9647167,7.241,1203399.64,1150003.36,991941.73,1177607.8333333333,1116649.7316666667,1280269.1975,2,8,1,2011,False,False,False,False,False,False,False,False,False,False,False,False,False,False,False,False,False,False,False,False,False,False,False,False,False,False,False,False,False,False,False,False,False,False,False,False,False,False,False,False,True,False,False,False,False,False,False,False,False,1229257.7
41,2011-03-04,1229257.7,N/A,34.99,3.232,192.0116004,7.241,1099714.93,1203399.64,1063557.49,1151039.3099999998,1124500.6933333334,1270235.7958333334,3,9,1,2011,False,False,False,False,False,False,False,False,False,False,False,False,False,False,False,False,False,False,False,False,False,False,False,False,False,False,False,False,False,False,False,False,False,False,False,False,False,False,False,False,True,False,False,False,False,False,False,False,False,1159089.6
41,2011-03-11,1159089.6,N/A,31.6,3.372,192.058484,7.241,1229257.7,1099714.93,1023997.71,1177457.423333333,1148039.3433333335,1253098.26,3,10,1,2011,False,False,False,False,False,False,False,False,False,False,False,False,False,False,False,False,False,False,False,False,False,False,False,False,False,False,False,False,False,False,False,False,False,False,False,False,False,False,False,False,True,False,False,False,False,False,False,False,False,1115504.26
41,2011-03-18,1115504.26,N/A,40.19,3.406,192.1237981,7.241,1159089.6,1229257.7,1006597.69,1162687.41,1170147.6216666668,1214030.3366666667,3,11,1,2011,False,False,False,False,False,False,False,False,False,False,False,False,False,False,False,False,False,False,False,False,False,False,False,False,False,False,False,False,False,False,False,False,False,False,False,False,False,False,False,False,True,False,False,False,False,False,False,False,False,1140578.16
41,2011-03-25,1140578.16,N/A,41.11,3.414,192.1964844,7.241,1115504.26,1159089.6,1015196.46,1167950.5199999998,1159494.915,1121570.9641666666,3,12,1,2011,False,False,False,False,False,False,False,False,False,False,False,False,False,False,False,False,False,False,False,False,False,False,False,False,False,False,False,False,False,False,False,False,False,False,False,False,False,False,False,False,True,False,False,False,False,False,False,False,False,1179125.48
41,2011-04-01,1179125.48,N/A,38.16,3.461,192.2691707,6.934,1140578.16,1115504.26,1168826.39,1138390.6733333333,1157924.0483333333,1133136.6308333334,4,13,2,2011,False,False,False,False,False,False,False,False,False,False,False,False,False,False,False,False,False,False,False,False,False,False,False,False,False,False,False,False,False,False,False,False,False,False,False,False,False,False,False,False,True,False,False,False,False,False,False,False,False,1206252.12
41,2011-04-08,1206252.12,N/A,42.87,3.532,192.3418571,6.934,1179125.48,1140578.16,1082158.21,1145069.3,1153878.3550000002,1135264.0433333332,4,14,2,2011,False,False,False,False,False,False,False,False,False,False,False,False,False,False,False,False,False,False,False,False,False,False,False,False,False,False,False,False,False,False,False,False,False,False,False,False,False,False,False,False,True,False,False,False,False,False,False,False,False,1192982.07
41,2011-04-15,1192982.07,N/A,39.94,3.611,192.4225954,6.934,1206252.12,1179125.48,1043388.79,1175318.5866666667,1171634.5533333335,1148067.6233333333,4,15,2,2011,False,False,False,False,False,False,False,False,False,False,False,False,False,False,False,False,False,False,False,False,False,False,False,False,False,False,False,False,False,False,False,False,False,False,False,False,False,False,False,False,True,False,False,False,False,False,False,False,False,1304481.75
41,2011-04-22,1304481.75,N/A,42.86,3.636,192.5234638,6.934,1192982.07,1206252.12,1067340.74,1192786.5566666666,1165588.615,1156813.9791666667,4,16,2,2011,False,False,False,False,False,False,False,False,False,False,False,False,False,False,False,False,False,False,False,False,False,False,False,False,False,False,False,False,False,False,False,False,False,False,False,False,False,False,False,False,True,False,False,False,False,False,False,False,False,1178841.05
41,2011-04-29,1178841.05,N/A,39.81,3.663,192.6243322,6.934,1304481.75,1192982.07,1063960.11,1234571.9800000002,1189820.64,1179984.1308333334,4,17,2,2011,False,False,False,False,False,False,False,False,False,False,False,False,False,False,False,False,False,False,False,False,False,False,False,False,False,False,False,False,False,False,False,False,False,False,False,False,False,False,False,False,True,False,False,False,False,False,False,False,False,1244956.91
41,2011-05-06,1244956.91,N/A,41.2,3.735,192.7252006,6.934,1178841.05,1304481.75,1175738.22,1225434.9566666668,1200376.7716666667,1179935.8433333333,5,18,2,2011,False,False,False,False,False,False,False,False,False,False,False,False,False,False,False,False,False,False,False,False,False,False,False,False,False,False,False,False,False,False,False,False,False,False,False,False,False,False,False,False,True,False,False,False,False,False,False,False,False,1270025.74
41,2011-05-13,1270025.74,N/A,50.29,3.767,192.826069,6.934,1244956.91,1178841.05,1116439.02,1242759.9033333333,1217773.23,1187848.6391666667,5,19,2,2011,False,False,False,False,False,False,False,False,False,False,False,False,False,False,False,False,False,False,False,False,False,False,False,False,False,False,False,False,False,False,False,False,False,False,False,False,False,False,False,False,True,False,False,False,False,False,False,False,False,1244542.33
41,2011-05-20,1244542.33,N/A,41.11,3.828,192.831317,6.934,1270025.74,1244956.91,1163234.33,1231274.5666666667,1232923.2733333334,1193400.8141666667,5,20,2,2011,False,False,False,False,False,False,False,False,False,False,False,False,False,False,False,False,False,False,False,False,False,False,False,False,False,False,False,False,False,False,False,False,False,False,False,False,False,False,False,False,True,False,False,False,False,False,False,False,False,1278304.33
41,2011-05-27,1278304.33,N/A,50.56,3.795,192.8365651,6.934,1244542.33,1270025.74,1246654.24,1253174.9933333334,1239304.9749999999,1205469.7641666667,5,21,2,2011,False,False,False,False,False,False,False,False,False,False,False,False,False,False,False,False,False,False,False,False,False,False,False,False,False,False,False,False,False,False,False,False,False,False,False,False,False,False,False,False,True,False,False,False,False,False,False,False,False,1297584.95
41,2011-06-03,1297584.95,N/A,54.81,3.763,192.8418131,6.934,1278304.33,1244542.33,1305068.1,1264290.8,1253525.3516666668,1209556.9833333334,6,22,2,2011,False,False,False,False,False,False,False,False,False,False,False,False,False,False,False,False,False,False,False,False,False,False,False,False,False,False,False,False,False,False,False,False,False,False,False,False,False,False,False,False,True,False,False,False,False,False,False,False,False,1311690.11
41,2011-06-10,1311690.11,N/A,61.1,3.735,192.8470612,6.934,1297584.95,1278304.33,1217199.39,1273477.2033333334,1252375.885,1221098.2625,6,23,2,2011,False,False,False,False,False,False,False,False,False,False,False,False,False,False,False,False,False,False,False,False,False,False,False,False,False,False,False,False,False,False,False,False,False,False,False,False,False,False,False,False,True,False,False,False,False,False,False,False,False,1289151.84
41,2011-06-17,1289151.84,N/A,62.3,3.697,192.9034759,6.934,1311690.11,1297584.95,1202963.06,1295859.7966666666,1274517.3949999998,1237447.0833333333,6,24,2,2011,False,False,False,False,False,False,False,False,False,False,False,False,False,False,False,False,False,False,False,False,False,False,False,False,False,False,False,False,False,False,False,False,False,False,False,False,False,False,False,False,True,False,False,False,False,False,False,False,False,1244381.98
41,2011-06-24,1244381.98,N/A,59.54,3.661,192.9982655,6.934,1289151.84,1311690.11,1174209.52,1299475.6333333335,1281883.2166666668,1249828.2233333334,6,25,2,2011,False,False,False,False,False,False,False,False,False,False,False,False,False,False,False,False,False,False,False,False,False,False,False,False,False,False,False,False,False,False,False,False,False,False,False,False,False,False,False,False,True,False,False,False,False,False,False,False,False,1333347.78
41,2011-07-01,1333347.78,N/A,67.01,3.597,193.0930552,6.901,1244381.98,1289151.84,1273279.79,1281741.3099999998,1277609.2566666666,1255266.2650000001,7,26,3,2011,False,False,False,False,False,False,False,False,False,False,False,False,False,False,False,False,False,False,False,False,False,False,False,False,False,False,False,False,False,False,False,False,False,False,False,False,False,False,False,False,True,False,False,False,False,False,False,False,False,1338862.58
41,2011-07-08,1338862.58,N/A,68.49,3.54,193.1878448,6.901,1333347.78,1244381.98,1176079.59,1288960.5333333334,1292410.165,1265857.57,7,27,3,2011,False,False,False,False,False,False,False,False,False,False,False,False,False,False,False,False,False,False,False,False,False,False,False,False,False,False,False,False,False,False,False,False,False,False,False,False,False,False,False,False,True,False,False,False,False,False,False,False,False,1245772.7
41,2011-07-15,1245772.7,N/A,68.18,3.532,193.3125484,6.901,1338862.58,1333347.78,1179788.38,1305530.78,1302503.2066666668,1278014.2791666666,7,28,3,2011,False,False,False,False,False,False,False,False,False,False,False,False,False,False,False,False,False,False,False,False,False,False,False,False,False,False,False,False,False,False,False,False,False,False,False,False,False,False,False,False,True,False,False,False,False,False,False,False,False,1292830.93
41,2011-07-22,1292830.93,N/A,74.11,3.545,193.5120367,6.901,1245772.7,1338862.58,1192213.87,1305994.3533333335,1293867.8316666668,1273121.8583333332,7,29,3,2011,False,False,False,False,False,False,False,False,False,False,False,False,False,False,False,False,False,False,False,False,False,False,False,False,False,False,False,False,False,False,False,False,False,False,False,False,False,False,False,False,True,False,False,False,False,False,False,False,False,1248330.1
41,2011-07-29,1248330.1,N/A,71.3,3.547,193.711525,6.901,1292830.93,1245772.7,1211136.63,1292488.7366666666,1290724.635,1282621.015,7,30,3,2011,False,False,False,False,False,False,False,False,False,False,False,False,False,False,False,False,False,False,False,False,False,False,False,False,False,False,False,False,False,False,False,False,False,False,False,False,False,False,False,False,True,False,False,False,False,False,False,False,False,1402233.69
41,2011-08-05,1402233.69,N/A,72.19,3.554,193.9110133,6.901,1248330.1,1292830.93,1338132.72,1262311.2433333334,1283921.0116666667,1282902.1141666668,8,31,3,2011,False,False,False,False,False,False,False,False,False,False,False,False,False,False,False,False,False,False,False,False,False,False,False,False,False,False,False,False,False,False,False,False,False,False,False,False,False,False,False,False,True,False,False,False,False,False,False,False,False,1356689.88
41,2011-08-12,1356689.88,N/A,67.65,3.542,194.1105017,6.901,1402233.69,1248330.1,1285976.53,1314464.9066666667,1310229.6300000001,1293919.4433333334,8,32,3,2011,False,False,False,False,False,False,False,False,False,False,False,False,False,False,False,False,False,False,False,False,False,False,False,False,False,False,False,False,False,False,False,False,False,False,False,False,False,False,False,False,True,False,False,False,False,False,False,False,False,1412959.97
41,2011-08-19,1412959.97,N/A,70.55,3.499,194.2500634,6.901,1356689.88,1402233.69,1353838.39,1335751.2233333334,1314119.98,1303265.0725,8,33,3,2011,False,False,False,False,False,False,False,False,False,False,False,False,False,False,False,False,False,False,False,False,False,False,False,False,False,False,False,False,False,False,False,False,False,False,False,False,False,False,False,False,True,False,False,False,False,False,False,False,False,1328740.71
41,2011-08-26,1328740.71,N/A,71.61,3.485,194.3796374,6.901,1412959.97,1356689.88,1173131.63,1390627.8466666667,1326469.545,1314486.3758333332,8,34,3,2011,False,False,False,False,False,False,False,False,False,False,False,False,False,False,False,False,False,False,False,False,False,False,False,False,False,False,False,False,False,False,False,False,False,False,False,False,False,False,False,False,True,False,False,False,False,False,False,False,False,1283849.38
41,2011-09-02,1283849.38,N/A,70.37,3.511,194.5092113,6.901,1328740.71,1412959.97,1223355.5,1366130.1866666665,1340297.5466666666,1317082.6891666667,9,35,3,2011,False,False,False,False,False,False,False,False,False,False,False,False,False,False,False,False,False,False,False,False,False,False,False,False,False,False,False,False,False,False,False,False,False,False,False,False,False,False,False,False,True,False,False,False,False,False,False,False,False,1280958.97
41,2011-09-09,1280958.97,Labor Day,58.31,3.566,194.6387853,6.901,1283849.38,1328740.71,1172672.27,1341850.0199999998,1338800.6216666666,1314762.6283333332,9,36,3,2011,False,False,False,False,False,False,False,False,False,False,False,False,False,False,False,False,False,False,False,False,False,False,False,False,False,False,False,False,False,False,False,False,False,False,False,False,False,False,False,False,True,False,False,False,False,False,False,True,False,1197019.39
41,2011-09-16,1197019.39,N/A,54.82,3.596,194.7419707,6.901,1280958.97,1283849.38,1111170.91,1297849.6866666668,1344238.7666666666,1314079.8891666667,9,37,3,2011,False,False,False,False,False,False,False,False,False,False,False,False,False,False,False,False,False,False,False,False,False,False,False,False,False,False,False,False,False,False,False,False,False,False,False,False,False,False,False,False,True,False,False,False,False,False,False,False,False,1173059.79
41,2011-09-23,1173059.79,N/A,55.06,3.581,194.8099713,6.901,1197019.39,1280958.97,1110941.78,1253942.5799999998,1310036.3833333333,1310133.0066666666,9,38,3,2011,False,False,False,False,False,False,False,False,False,False,False,False,False,False,False,False,False,False,False,False,False,False,False,False,False,False,False,False,False,False,False,False,False,False,False,False,False,False,False,False,True,False,False,False,False,False,False,False,False,1160619.61
41,2011-09-30,1160619.61,N/A,61.77,3.538,194.8779718,6.901,1173059.79,1197019.39,1109216.35,1217012.7166666666,1279431.3683333334,1296775.6741666666,9,39,3,2011,False,False,False,False,False,False,False,False,False,False,False,False,False,False,False,False,False,False,False,False,False,False,False,False,False,False,False,False,False,False,False,False,False,False,False,False,False,False,False,False,True,False,False,False,False,False,False,False,False,1277882.77
41,2011-10-07,1277882.77,N/A,58.74,3.498,194.9459724,6.759,1160619.61,1173059.79,1162042.24,1176899.5966666667,1237374.6416666666,1281922.0933333333,10,40,4,2011,False,False,False,False,False,False,False,False,False,False,False,False,False,False,False,False,False,False,False,False,False,False,False,False,False,False,False,False,False,False,False,False,False,False,False,False,False,False,False,False,True,False,False,False,False,False,False,False,False,1247130.22
41,2011-10-14,1247130.22,N/A,47.43,3.491,195.0261012,6.759,1277882.77,1160619.61,1133913.33,1203854.0566666669,1228898.3183333334,1284597.9325,10,41,4,2011,False,False,False,False,False,False,False,False,False,False,False,False,False,False,False,False,False,False,False,False,False,False,False,False,False,False,False,False,False,False,False,False,False,False,False,False,False,False,False,False,True,False,False,False,False,False,False,False,False,1214944.29
41,2011-10-21,1214944.29,N/A,45.62,3.548,195.1789994,6.759,1247130.22,1277882.77,1156003.7,1228544.2,1222778.4583333333,1280789.54,10,42,4,2011,False,False,False,False,False,False,False,False,False,False,False,False,False,False,False,False,False,False,False,False,False,False,False,False,False,False,False,False,False,False,False,False,False,False,False,False,False,False,False,False,True,False,False,False,False,False,False,False,False,1274463.02
42,2011-02-04,586886.16,N/A,44.88,3.348,127.7195806,8.744,499081.79,533414.62,543384.01,548798.52,537228.6966666667,540121.6166666666,2,5,1,2011,False,False,False,False,False,False,False,False,False,False,False,False,False,False,False,False,False,False,False,False,False,False,False,False,False,False,False,False,False,False,False,False,False,False,False,False,False,False,False,False,False,True,False,False,False,False,False,False,False,628063.88
42,2011-02-11,628063.88,Super Bowl,51.51,3.381,127.859129,8.744,586886.16,499081.79,575709.96,539794.1900000001,542530.5116666667,539979.4125,2,6,1,2011,False,False,False,False,False,False,False,False,False,False,False,False,False,False,False,False,False,False,False,False,False,False,False,False,False,False,False,False,False,False,False,False,False,False,False,False,False,False,False,False,False,True,False,False,False,False,False,False,True,556485.1
42,2011-02-18,556485.1,N/A,61.77,3.43,127.99525,8.744,628063.88,586886.16,508794.87,571343.9433333334,575715.5583333333,548625.0516666666,2,7,1,2011,False,False,False,False,False,False,False,False,False,False,False,False,False,False,False,False,False,False,False,False,False,False,False,False,False,False,False,False,False,False,False,False,False,False,False,False,False,False,False,False,False,True,False,False,False,False,False,False,False,526904.08
42,2011-02-25,526904.08,N/A,53.59,3.398,128.13,8.744,556485.1,628063.88,491510.58,590478.38,569638.4500000001,551474.0841666667,2,8,1,2011,False,False,False,False,False,False,False,False,False,False,False,False,False,False,False,False,False,False,False,False,False,False,False,False,False,False,False,False,False,False,False,False,False,False,False,False,False,False,False,False,False,True,False,False,False,False,False,False,False,570879.04
42,2011-03-04,570879.04,N/A,56.96,3.674,128.26475,8.744,526904.08,556485.1,554972.42,570484.3533333334,555139.2716666666,553695.1908333333,3,9,1,2011,False,False,False,False,False,False,False,False,False,False,False,False,False,False,False,False,False,False,False,False,False,False,False,False,False,False,False,False,False,False,False,False,False,False,False,False,False,False,False,False,False,True,False,False,False,False,False,False,False,607294.56
42,2011-03-11,607294.56,N/A,64.22,3.63,128.3995,8.744,570879.04,526904.08,588363.62,551422.7400000001,561383.3416666667,552503.8408333334,3,10,1,2011,False,False,False,False,False,False,False,False,False,False,False,False,False,False,False,False,False,False,False,False,False,False,False,False,False,False,False,False,False,False,False,False,False,False,False,False,False,False,False,False,False,True,False,False,False,False,False,False,False,558239.32
42,2011-03-18,558239.32,N/A,70.12,3.892,128.5121935,8.744,607294.56,570879.04,519914.1,568359.2266666667,579418.8033333333,558323.75,3,11,1,2011,False,False,False,False,False,False,False,False,False,False,False,False,False,False,False,False,False,False,False,False,False,False,False,False,False,False,False,False,False,False,False,False,False,False,False,False,False,False,False,False,False,True,False,False,False,False,False,False,False,522673.62
42,2011-03-25,522673.62,N/A,62.53,3.716,128.6160645,8.744,558239.32,607294.56,478021.68,578804.3066666666,574644.3300000001,558587.4208333334,3,12,1,2011,False,False,False,False,False,False,False,False,False,False,False,False,False,False,False,False,False,False,False,False,False,False,False,False,False,False,False,False,False,False,False,False,False,False,False,False,False,False,False,False,False,True,False,False,False,False,False,False,False,508432.17
42,2011-04-01,508432.17,N/A,67.64,3.772,128.7199355,8.494,522673.62,558239.32,505907.41,562735.8333333334,557079.2866666666,566397.4225,4,13,2,2011,False,False,False,False,False,False,False,False,False,False,False,False,False,False,False,False,False,False,False,False,False,False,False,False,False,False,False,False,False,False,False,False,False,False,False,False,False,False,False,False,False,True,False,False,False,False,False,False,False,620087.35
42,2011-04-08,620087.35,N/A,73.03,3.818,128.8238065,8.494,508432.17,522673.62,582552.26,529781.7033333333,549070.465,559354.4575,4,14,2,2011,False,False,False,False,False,False,False,False,False,False,False,False,False,False,False,False,False,False,False,False,False,False,False,False,False,False,False,False,False,False,False,False,False,False,False,False,False,False,False,False,False,True,False,False,False,False,False,False,False,597644.02
42,2011-04-15,597644.02,N/A,61.05,4.089,128.9107333,8.494,620087.35,508432.17,549528.16,550397.7133333333,564601.01,559870.1408333333,4,15,2,2011,False,False,False,False,False,False,False,False,False,False,False,False,False,False,False,False,False,False,False,False,False,False,False,False,False,False,False,False,False,False,False,False,False,False,False,False,False,False,False,False,False,True,False,False,False,False,False,False,False,534597.69
42,2011-04-22,534597.69,N/A,75.93,3.917,128.9553,8.494,597644.02,620087.35,492364.77,575387.8466666667,569061.84,565222.5908333333,4,16,2,2011,False,False,False,False,False,False,False,False,False,False,False,False,False,False,False,False,False,False,False,False,False,False,False,False,False,False,False,False,False,False,False,False,False,False,False,False,False,False,False,False,False,True,False,False,False,False,False,False,False,496010.17
42,2011-04-29,496010.17,N/A,73.38,4.151,128.9998667,8.494,534597.69,597644.02,477615.87,584109.6866666666,556945.695,568182.2491666666,4,17,2,2011,False,False,False,False,False,False,False,False,False,False,False,False,False,False,False,False,False,False,False,False,False,False,False,False,False,False,False,False,False,False,False,False,False,False,False,False,False,False,False,False,False,True,False,False,False,False,False,False,False,612337.35
42,2011-05-06,612337.35,N/A,73.56,4.193,129.0444333,8.494,496010.17,534597.69,582846.22,542750.6266666666,546574.1699999999,560609.25,5,18,2,2011,False,False,False,False,False,False,False,False,False,False,False,False,False,False,False,False,False,False,False,False,False,False,False,False,False,False,False,False,False,False,False,False,False,False,False,False,False,False,False,False,False,True,False,False,False,False,False,False,False,603024.75
42,2011-05-13,603024.75,N/A,74.04,4.202,129.089,8.494,612337.35,496010.17,564345.55,547648.4033333333,561518.125,559298.7058333334,5,19,2,2011,False,False,False,False,False,False,False,False,False,False,False,False,False,False,False,False,False,False,False,False,False,False,False,False,False,False,False,False,False,False,False,False,False,False,False,False,False,False,False,False,False,True,False,False,False,False,False,False,False,524559.95
42,2011-05-20,524559.95,N/A,72.62,3.99,129.0756774,8.494,603024.75,612337.35,504403.16,570457.4233333333,577283.555,563177.0099999999,5,20,2,2011,False,False,False,False,False,False,False,False,False,False,False,False,False,False,False,False,False,False,False,False,False,False,False,False,False,False,False,False,False,False,False,False,False,False,False,False,False,False,False,False,False,True,False,False,False,False,False,False,False,503295.29
42,2011-05-27,503295.29,N/A,78.62,3.933,129.0623548,8.494,524559.95,603024.75,484097.03,579974.0166666667,561362.3216666667,562981.6658333333,5,21,2,2011,False,False,False,False,False,False,False,False,False,False,False,False,False,False,False,False,False,False,False,False,False,False,False,False,False,False,False,False,False,False,False,False,False,False,False,False,False,False,False,False,False,True,False,False,False,False,False,False,False,545109.3
42,2011-06-03,545109.3,N/A,81.87,3.893,129.0490323,8.494,503295.29,524559.95,556046.12,543626.6633333333,545637.5333333333,557349.6866666666,6,22,2,2011,False,False,False,False,False,False,False,False,False,False,False,False,False,False,False,False,False,False,False,False,False,False,False,False,False,False,False,False,False,False,False,False,False,False,False,False,False,False,False,False,False,True,False,False,False,False,False,False,False,616701.99
42,2011-06-10,616701.99,N/A,84.57,3.981,129.0357097,8.494,545109.3,503295.29,607218.6,524321.5133333333,547389.4683333334,552167.5816666667,6,23,2,2011,False,False,False,False,False,False,False,False,False,False,False,False,False,False,False,False,False,False,False,False,False,False,False,False,False,False,False,False,False,False,False,False,False,False,False,False,False,False,False,False,False,True,False,False,False,False,False,False,False,546675.65
42,2011-06-17,546675.65,N/A,87.96,3.935,129.0432,8.494,616701.99,545109.3,529418.64,555035.5266666667,567504.7716666666,557039.4708333333,6,24,2,2011,False,False,False,False,False,False,False,False,False,False,False,False,False,False,False,False,False,False,False,False,False,False,False,False,False,False,False,False,False,False,False,False,False,False,False,False,False,False,False,False,False,True,False,False,False,False,False,False,False,501780.66
42,2011-06-24,501780.66,N/A,90.69,3.807,129.0663,8.494,546675.65,616701.99,484327.56,569495.6466666666,556561.155,559039.64,6,25,2,2011,False,False,False,False,False,False,False,False,False,False,False,False,False,False,False,False,False,False,False,False,False,False,False,False,False,False,False,False,False,False,False,False,False,False,False,False,False,False,False,False,False,True,False,False,False,False,False,False,False,506343.83
42,2011-07-01,506343.83,N/A,95.36,3.842,129.0894,8.257,501780.66,546675.65,507168.8,555052.7666666667,539687.14,558485.3475,7,26,3,2011,False,False,False,False,False,False,False,False,False,False,False,False,False,False,False,False,False,False,False,False,False,False,False,False,False,False,False,False,False,False,False,False,False,False,False,False,False,False,False,False,False,True,False,False,False,False,False,False,False,593234.27
42,2011-07-08,593234.27,N/A,88.57,3.793,129.1125,8.257,506343.83,501780.66,570069.48,518266.7133333334,536651.12,549006.7208333333,7,27,3,2011,False,False,False,False,False,False,False,False,False,False,False,False,False,False,False,False,False,False,False,False,False,False,False,False,False,False,False,False,False,False,False,False,False,False,False,False,False,False,False,False,False,True,False,False,False,False,False,False,False,591703.82
42,2011-07-15,591703.82,N/A,86.01,3.779,129.1338387,8.257,593234.27,506343.83,558837.27,533786.2533333333,551640.9500000001,548639.2416666667,7,28,3,2011,False,False,False,False,False,False,False,False,False,False,False,False,False,False,False,False,False,False,False,False,False,False,False,False,False,False,False,False,False,False,False,False,False,False,False,False,False,False,False,False,False,True,False,False,False,False,False,False,False,511316.29
42,2011-07-22,511316.29,N/A,88.59,3.697,129.1507742,8.257,591703.82,593234.27,491115.86,563760.64,559406.7033333333,553398.0858333333,7,29,3,2011,False,False,False,False,False,False,False,False,False,False,False,False,False,False,False,False,False,False,False,False,False,False,False,False,False,False,False,False,False,False,False,False,False,False,False,False,False,False,False,False,False,True,False,False,False,False,False,False,False,479256.8
42,2011-07-29,479256.8,N/A,86.75,3.694,129.1677097,8.257,511316.29,591703.82,469598.57,565418.1266666666,541842.4199999999,554673.5958333333,7,30,3,2011,False,False,False,False,False,False,False,False,False,False,False,False,False,False,False,False,False,False,False,False,False,False,False,False,False,False,False,False,False,False,False,False,False,False,False,False,False,False,False,False,False,True,False,False,False,False,False,False,False,572603.33
42,2011-08-05,572603.33,N/A,89.8,3.803,129.1846452,8.257,479256.8,511316.29,579544.21,527425.6366666666,530605.945,543583.55,8,31,3,2011,False,False,False,False,False,False,False,False,False,False,False,False,False,False,False,False,False,False,False,False,False,False,False,False,False,False,False,False,False,False,False,False,False,False,False,False,False,False,False,False,False,True,False,False,False,False,False,False,False,603147.26
42,2011-08-12,603147.26,N/A,85.61,3.794,129.2015806,8.257,572603.33,479256.8,583079.97,521058.80666666664,542409.7233333333,541048.4316666666,8,32,3,2011,False,False,False,False,False,False,False,False,False,False,False,False,False,False,False,False,False,False,False,False,False,False,False,False,False,False,False,False,False,False,False,False,False,False,False,False,False,False,False,False,False,True,False,False,False,False,False,False,False,526641.23
42,2011-08-19,526641.23,N/A,87.4,3.743,129.2405806,8.257,603147.26,572603.33,500945.63,551669.13,558543.6283333333,547597.3741666666,8,33,3,2011,False,False,False,False,False,False,False,False,False,False,False,False,False,False,False,False,False,False,False,False,False,False,False,False,False,False,False,False,False,False,False,False,False,False,False,False,False,False,False,False,False,True,False,False,False,False,False,False,False,503720.98
42,2011-08-26,503720.98,N/A,91.59,3.663,129.2832581,8.257,526641.23,603147.26,465993.51,567463.94,547444.7883333333,549542.8691666666,8,34,3,2011,False,False,False,False,False,False,False,False,False,False,False,False,False,False,False,False,False,False,False,False,False,False,False,False,False,False,False,False,False,False,False,False,False,False,False,False,False,False,False,False,False,True,False,False,False,False,False,False,False,537124.76
42,2011-09-02,537124.76,N/A,91.61,3.798,129.3259355,8.257,503720.98,526641.23,524658.06,544503.1566666666,532780.9816666667,546093.8424999999,9,35,3,2011,False,False,False,False,False,False,False,False,False,False,False,False,False,False,False,False,False,False,False,False,False,False,False,False,False,False,False,False,False,False,False,False,False,False,False,False,False,False,False,False,False,True,False,False,False,False,False,False,False,608390.94
42,2011-09-09,608390.94,Labor Day,89.06,3.771,129.3686129,8.257,537124.76,503720.98,589091.04,522495.6566666667,537082.3933333334,539462.4066666666,9,36,3,2011,False,False,False,False,False,False,False,False,False,False,False,False,False,False,False,False,False,False,False,False,False,False,False,False,False,False,False,False,False,False,False,False,False,False,False,False,False,False,False,False,False,True,False,False,False,False,False,True,False,576837.09
42,2011-09-16,576837.09,N/A,77.49,3.784,129.4306,8.257,608390.94,537124.76,536871.58,549745.5599999999,558604.75,544605.3475,9,37,3,2011,False,False,False,False,False,False,False,False,False,False,False,False,False,False,False,False,False,False,False,False,False,False,False,False,False,False,False,False,False,False,False,False,False,False,False,False,False,False,False,False,False,True,False,False,False,False,False,False,False,528486.45
42,2011-09-23,528486.45,N/A,82.51,3.789,129.5183333,8.257,576837.09,608390.94,492262.96,574117.5966666667,559310.3766666666,550860.0499999999,9,38,3,2011,False,False,False,False,False,False,False,False,False,False,False,False,False,False,False,False,False,False,False,False,False,False,False,False,False,False,False,False,False,False,False,False,False,False,False,False,False,False,False,False,False,True,False,False,False,False,False,False,False,510243.79
42,2011-09-30,510243.79,N/A,82.27,3.877,129.6060667,8.257,528486.45,576837.09,481523.93,571238.16,546866.9083333333,552705.2683333333,9,39,3,2011,False,False,False,False,False,False,False,False,False,False,False,False,False,False,False,False,False,False,False,False,False,False,False,False,False,False,False,False,False,False,False,False,False,False,False,False,False,False,False,False,False,True,False,False,False,False,False,False,False,649111.23
42,2011-10-07,649111.23,N/A,75.01,3.827,129.6938,7.874,510243.79,528486.45,599759.45,538522.4433333332,544134.0016666666,545789.395,10,40,4,2011,False,False,False,False,False,False,False,False,False,False,False,False,False,False,False,False,False,False,False,False,False,False,False,False,False,False,False,False,False,False,False,False,False,False,False,False,False,False,False,False,False,True,False,False,False,False,False,False,False,613531.11
42,2011-10-14,613531.11,N/A,70.27,3.698,129.7706452,7.874,649111.23,510243.79,559285.35,562613.8233333332,568365.71,550573.3458333333,10,41,4,2011,False,False,False,False,False,False,False,False,False,False,False,False,False,False,False,False,False,False,False,False,False,False,False,False,False,False,False,False,False,False,False,False,False,False,False,False,False,False,False,False,False,True,False,False,False,False,False,False,False,537276.41
42,2011-10-21,537276.41,N/A,77.91,3.842,129.7821613,7.874,613531.11,649111.23,522467.51,590962.0433333333,581100.1016666667,559091.2474999999,10,42,4,2011,False,False,False,False,False,False,False,False,False,False,False,False,False,False,False,False,False,False,False,False,False,False,False,False,False,False,False,False,False,False,False,False,False,False,False,False,False,False,False,False,False,True,False,False,False,False,False,False,False,515599.7
43,2011-02-04,651521.77,N/A,33.21,2.989,204.5264194,10.398,562558.27,601004.79,647029.28,592834.3766666666,596946.2783333333,597672.5833333334,2,5,1,2011,False,False,False,False,False,False,False,False,False,False,False,False,False,False,False,False,False,False,False,False,False,False,False,False,False,False,False,False,False,False,False,False,False,False,False,False,False,False,False,False,False,False,True,False,False,False,False,False,False,635650.98
43,2011-02-11,635650.98,Super Bowl,40.65,3.022,204.873871,10.398,651521.77,562558.27,682918.99,605028.2766666667,596093.635,602347.6283333333,2,6,1,2011,False,False,False,False,False,False,False,False,False,False,False,False,False,False,False,False,False,False,False,False,False,False,False,False,False,False,False,False,False,False,False,False,False,False,False,False,False,False,False,False,False,False,True,False,False,False,False,False,True,626627.77
43,2011-02-18,626627.77,N/A,59.15,3.045,205.1683214,10.398,635650.98,651521.77,658997.55,616577.0066666667,612912.0816666667,606196.2641666667,2,7,1,2011,False,False,False,False,False,False,False,False,False,False,False,False,False,False,False,False,False,False,False,False,False,False,False,False,False,False,False,False,False,False,False,False,False,False,False,False,False,False,False,False,False,False,True,False,False,False,False,False,False,592340.01
43,2011-02-25,592340.01,N/A,58.37,3.065,205.4415714,10.398,626627.77,635650.98,618702.79,637933.5066666667,615383.9416666667,605621.8833333333,2,8,1,2011,False,False,False,False,False,False,False,False,False,False,False,False,False,False,False,False,False,False,False,False,False,False,False,False,False,False,False,False,False,False,False,False,False,False,False,False,False,False,False,False,False,False,True,False,False,False,False,False,False,616345.25
43,2011-03-04,616345.25,N/A,60.26,3.288,205.7148214,10.398,592340.01,626627.77,658600.05,618206.2533333334,611617.265,608521.5825,3,9,1,2011,False,False,False,False,False,False,False,False,False,False,False,False,False,False,False,False,False,False,False,False,False,False,False,False,False,False,False,False,False,False,False,False,False,False,False,False,False,False,False,False,False,False,True,False,False,False,False,False,False,629026.75
43,2011-03-11,629026.75,N/A,60.24,3.459,205.9880714,10.398,616345.25,592340.01,645386.94,611771.0100000001,614174.0083333334,609993.7683333333,3,10,1,2011,False,False,False,False,False,False,False,False,False,False,False,False,False,False,False,False,False,False,False,False,False,False,False,False,False,False,False,False,False,False,False,False,False,False,False,False,False,False,False,False,False,False,True,False,False,False,False,False,False,635171.05
43,2011-03-18,635171.05,N/A,68.98,3.488,206.225924,10.398,629026.75,616345.25,668098.49,612570.67,625252.0883333334,611099.1833333332,3,11,1,2011,False,False,False,False,False,False,False,False,False,False,False,False,False,False,False,False,False,False,False,False,False,False,False,False,False,False,False,False,False,False,False,False,False,False,False,False,False,False,False,False,False,False,True,False,False,False,False,False,False,585989.1
43,2011-03-25,585989.1,N/A,65.53,3.473,206.4496175,10.398,635171.05,629026.75,623097.93,626847.6833333332,622526.9683333334,609310.3016666666,3,12,1,2011,False,False,False,False,False,False,False,False,False,False,False,False,False,False,False,False,False,False,False,False,False,False,False,False,False,False,False,False,False,False,False,False,False,False,False,False,False,False,False,False,False,False,True,False,False,False,False,False,False,611585.54
43,2011-04-01,611585.54,N/A,67.79,3.524,206.6733111,10.581,585989.1,635171.05,650102.8,616728.9666666667,614249.9883333334,613581.035,4,13,2,2011,False,False,False,False,False,False,False,False,False,False,False,False,False,False,False,False,False,False,False,False,False,False,False,False,False,False,False,False,False,False,False,False,False,False,False,False,False,False,False,False,False,False,True,False,False,False,False,False,False,650418.75
43,2011-04-08,650418.75,N/A,70.35,3.622,206.8970046,10.581,611585.54,585989.1,693058.34,610915.23,611742.9500000001,613563.4458333334,4,14,2,2011,False,False,False,False,False,False,False,False,False,False,False,False,False,False,False,False,False,False,False,False,False,False,False,False,False,False,False,False,False,False,False,False,False,False,False,False,False,False,False,False,False,False,True,False,False,False,False,False,False,635758.03
43,2011-04-15,635758.03,N/A,65.01,3.743,207.1015429,10.581,650418.75,611585.54,675282.2,615997.7966666667,621422.74,616520.0025000001,4,15,2,2011,False,False,False,False,False,False,False,False,False,False,False,False,False,False,False,False,False,False,False,False,False,False,False,False,False,False,False,False,False,False,False,False,False,False,False,False,False,False,False,False,False,False,True,False,False,False,False,False,False,638280.67
43,2011-04-22,638280.67,N/A,74.49,3.807,207.2581929,10.581,635758.03,650418.75,638957.35,632587.4400000001,624658.2033333333,619416.1058333333,4,16,2,2011,False,False,False,False,False,False,False,False,False,False,False,False,False,False,False,False,False,False,False,False,False,False,False,False,False,False,False,False,False,False,False,False,False,False,False,False,False,False,False,False,False,False,True,False,False,False,False,False,False,611464.21
43,2011-04-29,611464.21,N/A,71.34,3.81,207.4148429,10.581,638280.67,635758.03,630740.11,641485.8166666668,626200.5233333333,625726.3058333333,4,17,2,2011,False,False,False,False,False,False,False,False,False,False,False,False,False,False,False,False,False,False,False,False,False,False,False,False,False,False,False,False,False,False,False,False,False,False,False,False,False,False,False,False,False,False,True,False,False,False,False,False,False,649148.74
43,2011-05-06,649148.74,N/A,66.77,3.906,207.5714929,10.581,611464.21,638280.67,691498.6,628500.9700000001,622249.3833333334,622388.1758333334,5,18,2,2011,False,False,False,False,False,False,False,False,False,False,False,False,False,False,False,False,False,False,False,False,False,False,False,False,False,False,False,False,False,False,False,False,False,False,False,False,False,False,False,False,False,False,True,False,False,False,False,False,False,684655.91
43,2011-05-13,684655.91,N/A,76.03,3.899,207.7281429,10.581,649148.74,611464.21,690851.59,632964.54,632775.99,623512.9891666666,5,19,2,2011,False,False,False,False,False,False,False,False,False,False,False,False,False,False,False,False,False,False,False,False,False,False,False,False,False,False,False,False,False,False,False,False,False,False,False,False,False,False,False,False,False,False,True,False,False,False,False,False,False,648330.18
43,2011-05-20,648330.18,N/A,74.21,3.907,207.5200622,10.581,684655.91,649148.74,672062.08,648422.9533333334,644954.385,628348.6675,5,20,2,2011,False,False,False,False,False,False,False,False,False,False,False,False,False,False,False,False,False,False,False,False,False,False,False,False,False,False,False,False,False,False,False,False,False,False,False,False,False,False,False,False,False,False,True,False,False,False,False,False,False,578209.63
43,2011-05-27,578209.63,N/A,80.89,3.786,207.3119816,10.581,648330.18,684655.91,630315.76,660711.61,644606.29,633014.515,5,21,2,2011,False,False,False,False,False,False,False,False,False,False,False,False,False,False,False,False,False,False,False,False,False,False,False,False,False,False,False,False,False,False,False,False,False,False,False,False,False,False,False,False,False,False,True,False,False,False,False,False,False,630972.15
43,2011-06-03,630972.15,N/A,83.49,3.699,207.1039009,10.581,578209.63,648330.18,682012.53,637065.2400000001,635014.89,629836.5466666667,6,22,2,2011,False,False,False,False,False,False,False,False,False,False,False,False,False,False,False,False,False,False,False,False,False,False,False,False,False,False,False,False,False,False,False,False,False,False,False,False,False,False,False,False,False,False,True,False,False,False,False,False,False,643041.71
43,2011-06-10,643041.71,N/A,85.81,3.648,206.8958203,10.581,630972.15,578209.63,684023.95,619170.6533333333,633796.8033333333,629998.6633333334,6,23,2,2011,False,False,False,False,False,False,False,False,False,False,False,False,False,False,False,False,False,False,False,False,False,False,False,False,False,False,False,False,False,False,False,False,False,False,False,False,False,False,False,False,False,False,True,False,False,False,False,False,False,665781.74
43,2011-06-17,665781.74,N/A,88.49,3.637,206.8560238,10.581,643041.71,630972.15,700009.77,617407.83,639059.72,630654.5516666666,6,24,2,2011,False,False,False,False,False,False,False,False,False,False,False,False,False,False,False,False,False,False,False,False,False,False,False,False,False,False,False,False,False,False,False,False,False,False,False,False,False,False,False,False,False,False,True,False,False,False,False,False,False,604925.08
43,2011-06-24,604925.08,N/A,88.3,3.594,206.9424405,10.581,665781.74,643041.71,625196.14,646598.5333333333,641831.8866666667,637303.9383333334,6,25,2,2011,False,False,False,False,False,False,False,False,False,False,False,False,False,False,False,False,False,False,False,False,False,False,False,False,False,False,False,False,False,False,False,False,False,False,False,False,False,False,False,False,False,False,True,False,False,False,False,False,False,586781.78
43,2011-07-01,586781.78,N/A,91.36,3.524,207.0288571,10.641,604925.08,665781.74,667353.79,637916.1766666666,628543.415,636748.9,7,26,3,2011,False,False,False,False,False,False,False,False,False,False,False,False,False,False,False,False,False,False,False,False,False,False,False,False,False,False,False,False,False,False,False,False,False,False,False,False,False,False,False,False,False,False,True,False,False,False,False,False,False,651147.83
43,2011-07-08,651147.83,N/A,87.02,3.48,207.1152738,10.641,586781.78,604925.08,718748.33,619162.8666666666,618285.3483333333,631445.8191666667,7,27,3,2011,False,False,False,False,False,False,False,False,False,False,False,False,False,False,False,False,False,False,False,False,False,False,False,False,False,False,False,False,False,False,False,False,False,False,False,False,False,False,False,False,False,False,True,False,False,False,False,False,False,631827.38
43,2011-07-15,631827.38,N/A,84.67,3.575,207.1940691,10.641,651147.83,586781.78,696844.36,614284.8966666666,630441.715,632728.3025,7,28,3,2011,False,False,False,False,False,False,False,False,False,False,False,False,False,False,False,False,False,False,False,False,False,False,False,False,False,False,False,False,False,False,False,False,False,False,False,False,False,False,False,False,False,False,True,False,False,False,False,False,False,597354.39
43,2011-07-22,597354.39,N/A,88.58,3.651,207.2538111,10.641,631827.38,651147.83,649035.55,623252.33,630584.2533333333,632190.5283333333,7,29,3,2011,False,False,False,False,False,False,False,False,False,False,False,False,False,False,False,False,False,False,False,False,False,False,False,False,False,False,False,False,False,False,False,False,False,False,False,False,False,False,False,False,False,False,True,False,False,False,False,False,False,533917.52
43,2011-07-29,533917.52,N/A,83.43,3.682,207.313553,10.641,597354.39,631827.38,622112.23,626776.5333333333,622969.7000000001,631014.71,7,30,3,2011,False,False,False,False,False,False,False,False,False,False,False,False,False,False,False,False,False,False,False,False,False,False,False,False,False,False,False,False,False,False,False,False,False,False,False,False,False,False,False,False,False,False,True,False,False,False,False,False,False,605956.59
43,2011-08-05,605956.59,N/A,87.47,3.684,207.3732949,10.641,533917.52,597354.39,698536.06,587699.7633333333,600992.33,621412.1083333333,8,31,3,2011,False,False,False,False,False,False,False,False,False,False,False,False,False,False,False,False,False,False,False,False,False,False,False,False,False,False,False,False,False,False,False,False,False,False,False,False,False,False,False,False,False,False,True,False,False,False,False,False,False,595626.56
43,2011-08-12,595626.56,N/A,86.64,3.638,207.4330369,10.641,605956.59,533917.52,713479.91,579076.1666666666,601164.2483333334,614853.8316666667,8,32,3,2011,False,False,False,False,False,False,False,False,False,False,False,False,False,False,False,False,False,False,False,False,False,False,False,False,False,False,False,False,False,False,False,False,False,False,False,False,False,False,False,False,False,False,True,False,False,False,False,False,False,663396.32
43,2011-08-19,663396.32,N/A,82.08,3.554,207.4953088,10.641,595626.56,605956.59,712869.09,578500.2233333333,602638.3783333333,610461.8633333333,8,33,3,2011,False,False,False,False,False,False,False,False,False,False,False,False,False,False,False,False,False,False,False,False,False,False,False,False,False,False,False,False,False,False,False,False,False,False,False,False,False,False,False,False,False,False,True,False,False,False,False,False,False,561573.08
43,2011-08-26,561573.08,N/A,87.43,3.523,207.5580023,10.641,663396.32,595626.56,655284.69,621659.8233333332,604679.7933333333,617560.7541666667,8,34,3,2011,False,False,False,False,False,False,False,False,False,False,False,False,False,False,False,False,False,False,False,False,False,False,False,False,False,False,False,False,False,False,False,False,False,False,False,False,False,False,False,False,False,False,True,False,False,False,False,False,False,594224.9
43,2011-09-02,594224.9,N/A,87.84,3.533,207.6206959,10.641,561573.08,663396.32,689326.91,606865.32,592970.7433333333,611777.4983333333,9,35,3,2011,False,False,False,False,False,False,False,False,False,False,False,False,False,False,False,False,False,False,False,False,False,False,False,False,False,False,False,False,False,False,False,False,False,False,False,False,False,False,False,False,False,False,True,False,False,False,False,False,False,649128.23
43,2011-09-09,649128.23,Labor Day,79.29,3.546,207.6833894,10.641,594224.9,561573.08,722120.04,606398.1,592449.1616666666,607709.4308333333,9,36,3,2011,False,False,False,False,False,False,False,False,False,False,False,False,False,False,False,False,False,False,False,False,False,False,False,False,False,False,False,False,False,False,False,False,False,False,False,False,False,False,False,False,False,False,True,False,False,False,False,True,False,618877.13
43,2011-09-16,618877.13,N/A,77.17,3.526,207.8527143,10.641,649128.23,594224.9,725043.04,601642.07,611650.9466666667,606321.6383333333,9,37,3,2011,False,False,False,False,False,False,False,False,False,False,False,False,False,False,False,False,False,False,False,False,False,False,False,False,False,False,False,False,False,False,False,False,False,False,False,False,False,False,False,False,False,False,True,False,False,False,False,False,False,586108.13
43,2011-09-23,586108.13,N/A,78.98,3.467,208.1642143,10.641,618877.13,649128.23,650263.95,620743.42,613804.37,607484.3091666667,9,38,3,2011,False,False,False,False,False,False,False,False,False,False,False,False,False,False,False,False,False,False,False,False,False,False,False,False,False,False,False,False,False,False,False,False,False,False,False,False,False,False,False,False,False,False,True,False,False,False,False,False,False,555183.72
43,2011-09-30,555183.72,N/A,78.97,3.355,208.4757143,10.641,586108.13,618877.13,657108.77,618037.83,612217.965,607428.1716666666,9,39,3,2011,False,False,False,False,False,False,False,False,False,False,False,False,False,False,False,False,False,False,False,False,False,False,False,False,False,False,False,False,False,False,False,False,False,False,False,False,False,False,False,False,False,False,True,False,False,False,False,False,False,642828.62
43,2011-10-07,642828.62,N/A,74.17,3.285,208.7872143,10.148,555183.72,586108.13,713332.54,586722.9933333333,594182.5316666666,599431.1625,10,40,4,2011,False,False,False,False,False,False,False,False,False,False,False,False,False,False,False,False,False,False,False,False,False,False,False,False,False,False,False,False,False,False,False,False,False,False,False,False,False,False,False,False,False,False,True,False,False,False,False,False,False,590984.56
43,2011-10-14,590984.56,N/A,68.09,3.274,209.0752166,10.148,642828.62,555183.72,699852.68,594706.8233333334,607725.1216666667,600347.9325,10,41,4,2011,False,False,False,False,False,False,False,False,False,False,False,False,False,False,False,False,False,False,False,False,False,False,False,False,False,False,False,False,False,False,False,False,False,False,False,False,False,False,False,False,False,False,True,False,False,False,False,False,False,594625.96
43,2011-10-21,594625.96,N/A,70.3,3.353,209.2222327,10.148,590984.56,642828.62,680943.03,596332.2999999999,607185.0650000001,599817.1133333334,10,42,4,2011,False,False,False,False,False,False,False,False,False,False,False,False,False,False,False,False,False,False,False,False,False,False,False,False,False,False,False,False,False,False,False,False,False,False,False,False,False,False,False,False,False,False,True,False,False,False,False,False,False,572516.57
44,2011-02-04,293953.08,N/A,23.35,2.974,127.7195806,7.224,276011.4,276157.8,281090.95,281676.1866666667,290064.04833333334,286281.4041666667,2,5,1,2011,False,False,False,False,False,False,False,False,False,False,False,False,False,False,False,False,False,False,False,False,False,False,False,False,False,False,False,False,False,False,False,False,False,False,False,False,False,False,False,False,False,False,False,True,False,False,False,False,False,307486.73
44,2011-02-11,307486.73,Super Bowl,30.83,3.034,127.859129,7.224,293953.08,276011.4,286857.13,282040.76,278206.52166666667,287285.01166666666,2,6,1,2011,False,False,False,False,False,False,False,False,False,False,False,False,False,False,False,False,False,False,False,False,False,False,False,False,False,False,False,False,False,False,False,False,False,False,False,False,False,False,False,False,False,False,False,True,False,False,False,False,True,280785.76
44,2011-02-18,280785.76,N/A,40.85,3.062,127.99525,7.224,307486.73,293953.08,267956.3,292483.73666666663,289131.4583333333,289215.3625,2,7,1,2011,False,False,False,False,False,False,False,False,False,False,False,False,False,False,False,False,False,False,False,False,False,False,False,False,False,False,False,False,False,False,False,False,False,False,False,False,False,False,False,False,False,False,False,True,False,False,False,False,False,279427.93
44,2011-02-25,279427.93,N/A,33.17,3.12,128.13,7.224,280785.76,307486.73,273079.07,294075.19,287875.6883333333,286976.96749999997,2,8,1,2011,False,False,False,False,False,False,False,False,False,False,False,False,False,False,False,False,False,False,False,False,False,False,False,False,False,False,False,False,False,False,False,False,False,False,False,False,False,False,False,False,False,False,False,True,False,False,False,False,False,293984.54
44,2011-03-04,293984.54,N/A,34.23,3.23,128.26475,7.224,279427.93,280785.76,284617.27,289233.4733333333,285637.1166666667,288244.785,3,9,1,2011,False,False,False,False,False,False,False,False,False,False,False,False,False,False,False,False,False,False,False,False,False,False,False,False,False,False,False,False,False,False,False,False,False,False,False,False,False,False,False,False,False,False,False,True,False,False,False,False,False,284496.14
44,2011-03-11,284496.14,N/A,41.28,3.346,128.3995,7.224,293984.54,279427.93,272190.83,284732.74333333335,288608.24,289555.7233333333,3,10,1,2011,False,False,False,False,False,False,False,False,False,False,False,False,False,False,False,False,False,False,False,False,False,False,False,False,False,False,False,False,False,False,False,False,False,False,False,False,False,False,False,False,False,False,False,True,False,False,False,False,False,281699.68
44,2011-03-18,281699.68,N/A,44.69,3.407,128.5121935,7.224,284496.14,293984.54,269624.2,285969.5366666667,290022.36333333334,290043.2058333333,3,11,1,2011,False,False,False,False,False,False,False,False,False,False,False,False,False,False,False,False,False,False,False,False,False,False,False,False,False,False,False,False,False,False,False,False,False,False,False,False,False,False,False,False,False,False,False,True,False,False,False,False,False,285031.81
44,2011-03-25,285031.81,N/A,42.38,3.435,128.6160645,7.224,281699.68,284496.14,276279.49,286726.7866666666,287980.13,283093.3258333333,3,12,1,2011,False,False,False,False,False,False,False,False,False,False,False,False,False,False,False,False,False,False,False,False,False,False,False,False,False,False,False,False,False,False,False,False,False,False,False,False,False,False,False,False,False,False,False,True,False,False,False,False,False,281514.26
44,2011-04-01,281514.26,N/A,42.49,3.487,128.7199355,6.906,285031.81,281699.68,286197.5,283742.54333333333,284237.6433333333,286684.55083333334,4,13,2,2011,False,False,False,False,False,False,False,False,False,False,False,False,False,False,False,False,False,False,False,False,False,False,False,False,False,False,False,False,False,False,False,False,False,False,False,False,False,False,False,False,False,False,False,True,False,False,False,False,False,292498.61
44,2011-04-08,292498.61,N/A,42.75,3.547,128.8238065,6.906,281514.26,285031.81,257361.3,282748.5833333333,284359.06,286117.3741666667,4,14,2,2011,False,False,False,False,False,False,False,False,False,False,False,False,False,False,False,False,False,False,False,False,False,False,False,False,False,False,False,False,False,False,False,False,False,False,False,False,False,False,False,False,False,False,False,True,False,False,False,False,False,289667.55
44,2011-04-15,289667.55,N/A,41.72,3.616,128.9107333,6.906,292498.61,281514.26,280048.74,286348.2266666667,286537.50666666665,286087.3116666667,4,15,2,2011,False,False,False,False,False,False,False,False,False,False,False,False,False,False,False,False,False,False,False,False,False,False,False,False,False,False,False,False,False,False,False,False,False,False,False,False,False,False,False,False,False,False,False,True,False,False,False,False,False,280357.3
44,2011-04-22,280357.3,N/A,47.55,3.655,128.9553,6.906,289667.55,292498.61,278287.04,287893.4733333333,285818.0083333333,287213.12416666665,4,16,2,2011,False,False,False,False,False,False,False,False,False,False,False,False,False,False,False,False,False,False,False,False,False,False,False,False,False,False,False,False,False,False,False,False,False,False,False,False,False,False,False,False,False,False,False,True,False,False,False,False,False,281247.97
44,2011-04-29,281247.97,N/A,43.85,3.683,128.9998667,6.906,280357.3,289667.55,272997.65,287507.82,285128.20166666666,287575.2825,4,17,2,2011,False,False,False,False,False,False,False,False,False,False,False,False,False,False,False,False,False,False,False,False,False,False,False,False,False,False,False,False,False,False,False,False,False,False,False,False,False,False,False,False,False,False,False,True,False,False,False,False,False,299354.67
44,2011-05-06,299354.67,N/A,47.75,3.744,129.0444333,6.906,281247.97,280357.3,285379.86,283757.60666666663,285052.9166666667,286516.5233333333,5,18,2,2011,False,False,False,False,False,False,False,False,False,False,False,False,False,False,False,False,False,False,False,False,False,False,False,False,False,False,False,False,False,False,False,False,False,False,False,False,False,False,False,False,False,False,False,True,False,False,False,False,False,307095.31
44,2011-05-13,307095.31,N/A,52.4,3.77,129.089,6.906,299354.67,281247.97,286515.92,286986.64666666667,287440.06,285838.8516666666,5,19,2,2011,False,False,False,False,False,False,False,False,False,False,False,False,False,False,False,False,False,False,False,False,False,False,False,False,False,False,False,False,False,False,False,False,False,False,False,False,False,False,False,False,False,False,False,True,False,False,False,False,False,303559.23
44,2011-05-20,303559.23,N/A,52.12,3.802,129.0756774,6.906,307095.31,299354.67,267065.35,295899.31666666665,291703.5683333333,288031.31416666665,5,20,2,2011,False,False,False,False,False,False,False,False,False,False,False,False,False,False,False,False,False,False,False,False,False,False,False,False,False,False,False,False,False,False,False,False,False,False,False,False,False,False,False,False,False,False,False,True,False,False,False,False,False,308442.49
44,2011-05-27,308442.49,N/A,54.62,3.778,129.0623548,6.906,303559.23,307095.31,291891.01,303336.4033333333,293547.00499999995,290042.2558333333,5,21,2,2011,False,False,False,False,False,False,False,False,False,False,False,False,False,False,False,False,False,False,False,False,False,False,False,False,False,False,False,False,False,False,False,False,False,False,False,False,False,False,False,False,False,False,False,True,False,False,False,False,False,308950.04
44,2011-06-03,308950.04,N/A,52.76,3.752,129.0490323,6.906,308442.49,303559.23,282351.82,306365.6766666667,296676.1616666667,291247.08499999996,6,22,2,2011,False,False,False,False,False,False,False,False,False,False,False,False,False,False,False,False,False,False,False,False,False,False,False,False,False,False,False,False,False,False,False,False,False,False,False,False,False,False,False,False,False,False,False,True,False,False,False,False,False,308770.42
44,2011-06-10,308770.42,N/A,61.39,3.732,129.0357097,6.906,308950.04,308442.49,296818.2,306983.92,301441.61833333335,293284.91,6,23,2,2011,False,False,False,False,False,False,False,False,False,False,False,False,False,False,False,False,False,False,False,False,False,False,False,False,False,False,False,False,False,False,False,False,False,False,False,False,False,False,False,False,False,False,False,True,False,False,False,False,False,300255.87
44,2011-06-17,300255.87,N/A,63.35,3.704,129.0432,6.906,308770.42,308950.04,293481.36,308720.98333333334,306028.6933333333,295540.805,6,24,2,2011,False,False,False,False,False,False,False,False,False,False,False,False,False,False,False,False,False,False,False,False,False,False,False,False,False,False,False,False,False,False,False,False,False,False,False,False,False,False,False,False,False,False,False,True,False,False,False,False,False,296765.59
44,2011-06-24,296765.59,N/A,66.38,3.668,129.0663,6.906,300255.87,308770.42,288247.24,305992.11,306178.8933333333,296809.4766666666,6,25,2,2011,False,False,False,False,False,False,False,False,False,False,False,False,False,False,False,False,False,False,False,False,False,False,False,False,False,False,False,False,False,False,False,False,False,False,False,False,False,False,False,False,False,False,False,True,False,False,False,False,False,315273.08
44,2011-07-01,315273.08,N/A,74.29,3.613,129.0894,6.56,296765.59,300255.87,300628.19,301930.6266666667,304457.2733333333,298080.42083333334,7,26,3,2011,False,False,False,False,False,False,False,False,False,False,False,False,False,False,False,False,False,False,False,False,False,False,False,False,False,False,False,False,False,False,False,False,False,False,False,False,False,False,False,False,False,False,False,True,False,False,False,False,False,295339.01
44,2011-07-08,295339.01,N/A,77.3,3.563,129.1125,6.56,315273.08,296765.59,280472.78,304098.18,306409.58166666667,299978.2933333333,7,27,3,2011,False,False,False,False,False,False,False,False,False,False,False,False,False,False,False,False,False,False,False,False,False,False,False,False,False,False,False,False,False,False,False,False,False,False,False,False,False,False,False,False,False,False,False,True,False,False,False,False,False,289201.21
44,2011-07-15,289201.21,N/A,75.59,3.553,129.1338387,6.56,295339.01,315273.08,297099.95,302459.2266666667,304225.66833333333,300450.915,7,28,3,2011,False,False,False,False,False,False,False,False,False,False,False,False,False,False,False,False,False,False,False,False,False,False,False,False,False,False,False,False,False,False,False,False,False,False,False,False,False,False,False,False,False,False,False,True,False,False,False,False,False,303108.81
44,2011-07-22,303108.81,N/A,78.5,3.563,129.1507742,6.56,289201.21,295339.01,292680.16,299937.76666666666,300934.19666666666,301187.9075,7,29,3,2011,False,False,False,False,False,False,False,False,False,False,False,False,False,False,False,False,False,False,False,False,False,False,False,False,False,False,False,False,False,False,False,False,False,False,False,False,False,False,False,False,False,False,False,True,False,False,False,False,False,279677.0
44,2011-07-29,279677.0,N/A,77.62,3.574,129.1677097,6.56,303108.81,289201.21,275020.96,295883.01,299990.59500000003,303009.64416666667,7,30,3,2011,False,False,False,False,False,False,False,False,False,False,False,False,False,False,False,False,False,False,False,False,False,False,False,False,False,False,False,False,False,False,False,False,False,False,False,False,False,False,False,False,False,False,False,True,False,False,False,False,False,298080.45
44,2011-08-05,298080.45,N/A,75.56,3.595,129.1846452,6.56,279677.0,303108.81,296804.49,290662.34,296560.7833333334,301369.8383333333,8,31,3,2011,False,False,False,False,False,False,False,False,False,False,False,False,False,False,False,False,False,False,False,False,False,False,False,False,False,False,False,False,False,False,False,False,False,False,False,False,False,False,False,False,False,False,False,True,False,False,False,False,False,290399.66
44,2011-08-12,290399.66,N/A,75.95,3.606,129.2015806,6.56,298080.45,279677.0,291028.09,293622.08666666667,296779.9266666667,300618.60000000003,8,32,3,2011,False,False,False,False,False,False,False,False,False,False,False,False,False,False,False,False,False,False,False,False,False,False,False,False,False,False,False,False,False,False,False,False,False,False,False,False,False,False,False,False,False,False,False,True,False,False,False,False,False,290909.69
44,2011-08-19,290909.69,N/A,76.68,3.578,129.2405806,6.56,290399.66,298080.45,284740.5,289385.7033333333,292634.3566666667,299521.9691666667,8,33,3,2011,False,False,False,False,False,False,False,False,False,False,False,False,False,False,False,False,False,False,False,False,False,False,False,False,False,False,False,False,False,False,False,False,False,False,False,False,False,False,False,False,False,False,False,True,False,False,False,False,False,324174.79
44,2011-08-26,324174.79,N/A,81.53,3.57,129.2832581,6.56,290909.69,290399.66,293155.08,293129.93333333335,291896.13666666666,298060.90249999997,8,34,3,2011,False,False,False,False,False,False,False,False,False,False,False,False,False,False,False,False,False,False,False,False,False,False,False,False,False,False,False,False,False,False,False,False,False,False,False,False,False,False,False,False,False,False,False,True,False,False,False,False,False,309543.52
44,2011-09-02,309543.52,N/A,77.0,3.58,129.3259355,6.56,324174.79,290909.69,295880.12,301828.0466666667,297725.06666666665,299329.63166666665,9,35,3,2011,False,False,False,False,False,False,False,False,False,False,False,False,False,False,False,False,False,False,False,False,False,False,False,False,False,False,False,False,False,False,False,False,False,False,False,False,False,False,False,False,False,False,False,True,False,False,False,False,False,295811.25
44,2011-09-09,295811.25,Labor Day,70.19,3.619,129.3686129,6.56,309543.52,324174.79,283455.13,308209.3333333333,298797.5183333333,299394.0566666667,9,36,3,2011,False,False,False,False,False,False,False,False,False,False,False,False,False,False,False,False,False,False,False,False,False,False,False,False,False,False,False,False,False,False,False,False,False,False,False,False,False,False,False,False,False,False,False,True,False,False,False,True,False,303974.28
44,2011-09-16,303974.28,N/A,67.54,3.641,129.4306,6.56,295811.25,309543.52,279364.13,309843.1866666667,301486.56,299023.6716666667,9,37,3,2011,False,False,False,False,False,False,False,False,False,False,False,False,False,False,False,False,False,False,False,False,False,False,False,False,False,False,False,False,False,False,False,False,False,False,False,False,False,False,False,False,False,False,False,True,False,False,False,False,False,307409.13
44,2011-09-23,307409.13,N/A,63.6,3.648,129.5183333,6.56,303974.28,295811.25,281313.78,303109.68333333335,302468.865,299624.3958333333,9,38,3,2011,False,False,False,False,False,False,False,False,False,False,False,False,False,False,False,False,False,False,False,False,False,False,False,False,False,False,False,False,False,False,False,False,False,False,False,False,False,False,False,False,False,False,False,True,False,False,False,False,False,299757.75
44,2011-09-30,299757.75,N/A,68.28,3.623,129.6060667,6.56,307409.13,303974.28,300152.45,302398.22000000003,305303.7766666667,298969.06666666665,9,39,3,2011,False,False,False,False,False,False,False,False,False,False,False,False,False,False,False,False,False,False,False,False,False,False,False,False,False,False,False,False,False,False,False,False,False,False,False,False,False,False,False,False,False,False,False,True,False,False,False,False,False,312577.36
44,2011-10-07,312577.36,N/A,60.62,3.592,129.6938,6.078,299757.75,307409.13,279524.44,303713.72000000003,306778.4533333333,299337.295,10,40,4,2011,False,False,False,False,False,False,False,False,False,False,False,False,False,False,False,False,False,False,False,False,False,False,False,False,False,False,False,False,False,False,False,False,False,False,False,False,False,False,False,False,False,False,False,True,False,False,False,False,False,293031.78
44,2011-10-14,293031.78,N/A,51.74,3.567,129.7706452,6.078,312577.36,299757.75,268708.43,306581.41333333333,304845.54833333334,301285.3075,10,41,4,2011,False,False,False,False,False,False,False,False,False,False,False,False,False,False,False,False,False,False,False,False,False,False,False,False,False,False,False,False,False,False,False,False,False,False,False,False,False,False,False,False,False,False,False,True,False,False,False,False,False,305969.81
44,2011-10-21,305969.81,N/A,54.66,3.579,129.7821613,6.078,293031.78,312577.36,270110.3,301788.9633333333,302093.59166666673,300445.555,10,42,4,2011,False,False,False,False,False,False,False,False,False,False,False,False,False,False,False,False,False,False,False,False,False,False,False,False,False,False,False,False,False,False,False,False,False,False,False,False,False,False,False,False,False,False,False,True,False,False,False,False,False,306336.07
45,2011-02-04,759442.33,N/A,28.73,3.231,183.4408542,8.549,617207.58,644285.33,890689.51,638503.9533333333,826297.4066666666,886234.4558333332,2,5,1,2011,False,False,False,False,False,False,False,False,False,False,False,False,False,False,False,False,False,False,False,False,False,False,False,False,False,False,False,False,False,False,False,False,False,False,False,False,False,False,False,False,False,False,False,False,True,False,False,False,False,766456.0
45,2011-02-11,766456.0,Super Bowl,30.3,3.239,183.7016129,8.549,759442.33,617207.58,656988.64,673645.08,672394.1233333333,885717.2391666666,2,6,1,2011,False,False,False,False,False,False,False,False,False,False,False,False,False,False,False,False,False,False,False,False,False,False,False,False,False,False,False,False,False,False,False,False,False,False,False,False,False,False,False,False,False,False,False,False,True,False,False,False,True,802253.41
45,2011-02-18,802253.41,N/A,40.7,3.245,183.9371353,8.549,766456.0,759442.33,841264.04,714368.6366666667,686944.09,889256.2516666666,2,7,1,2011,False,False,False,False,False,False,False,False,False,False,False,False,False,False,False,False,False,False,False,False,False,False,False,False,False,False,False,False,False,False,False,False,False,False,False,False,False,False,False,False,False,False,False,False,True,False,False,False,False,733716.78
45,2011-02-25,733716.78,N/A,35.78,3.274,184.1625632,8.549,802253.41,766456.0,741891.65,776050.58,707277.2666666666,857569.0225,2,8,1,2011,False,False,False,False,False,False,False,False,False,False,False,False,False,False,False,False,False,False,False,False,False,False,False,False,False,False,False,False,False,False,False,False,False,False,False,False,False,False,False,False,False,False,False,False,True,False,False,False,False,761880.36
45,2011-03-04,761880.36,N/A,38.65,3.433,184.3879911,8.549,733716.78,802253.41,777951.22,767475.3966666666,720560.2383333333,845441.6791666667,3,9,1,2011,False,False,False,False,False,False,False,False,False,False,False,False,False,False,False,False,False,False,False,False,False,False,False,False,False,False,False,False,False,False,False,False,False,False,False,False,False,False,False,False,False,False,False,False,True,False,False,False,False,714014.73
45,2011-03-11,714014.73,N/A,45.01,3.582,184.613419,8.549,761880.36,733716.78,765687.42,765950.1833333332,740159.41,825401.3475,3,10,1,2011,False,False,False,False,False,False,False,False,False,False,False,False,False,False,False,False,False,False,False,False,False,False,False,False,False,False,False,False,False,False,False,False,False,False,False,False,False,False,False,False,False,False,False,False,True,False,False,False,False,733564.77
45,2011-03-18,733564.77,N/A,46.66,3.631,184.809719,8.549,714014.73,761880.36,773819.49,736537.29,756293.935,791295.6708333334,3,11,1,2011,False,False,False,False,False,False,False,False,False,False,False,False,False,False,False,False,False,False,False,False,False,False,False,False,False,False,False,False,False,False,False,False,False,False,False,False,False,False,False,False,False,False,False,False,True,False,False,False,False,719737.25
45,2011-03-25,719737.25,N/A,41.76,3.625,184.9943679,8.549,733564.77,714014.73,782563.38,736486.6200000001,751981.0083333333,712187.5658333333,3,12,1,2011,False,False,False,False,False,False,False,False,False,False,False,False,False,False,False,False,False,False,False,False,False,False,False,False,False,False,False,False,False,False,False,False,False,False,False,False,False,False,False,False,False,False,False,False,True,False,False,False,False,712425.76
45,2011-04-01,712425.76,N/A,37.27,3.638,185.1790167,8.521,719737.25,733564.77,877235.96,722438.9166666666,744194.5499999999,715569.32,4,13,2,2011,False,False,False,False,False,False,False,False,False,False,False,False,False,False,False,False,False,False,False,False,False,False,False,False,False,False,False,False,False,False,False,False,False,False,False,False,False,False,False,False,False,False,False,False,True,False,False,False,False,750182.71
45,2011-04-08,750182.71,N/A,48.71,3.72,185.3636656,8.521,712425.76,719737.25,833782.7,721909.2600000001,729223.275,718250.2708333334,4,14,2,2011,False,False,False,False,False,False,False,False,False,False,False,False,False,False,False,False,False,False,False,False,False,False,False,False,False,False,False,False,False,False,False,False,False,False,False,False,False,False,False,False,False,False,False,False,True,False,False,False,False,765270.02
45,2011-04-15,765270.02,N/A,53.69,3.821,185.5339821,8.521,750182.71,712425.76,782221.96,727448.5733333332,731967.5966666667,726263.9175,4,15,2,2011,False,False,False,False,False,False,False,False,False,False,False,False,False,False,False,False,False,False,False,False,False,False,False,False,False,False,False,False,False,False,False,False,False,False,False,False,False,False,False,False,False,False,False,False,True,False,False,False,False,813630.44
45,2011-04-22,813630.44,N/A,53.04,3.892,185.6684673,8.521,765270.02,750182.71,749779.1,742626.1633333334,732532.54,736345.975,4,16,2,2011,False,False,False,False,False,False,False,False,False,False,False,False,False,False,False,False,False,False,False,False,False,False,False,False,False,False,False,False,False,False,False,False,False,False,False,False,False,False,False,False,False,False,False,False,True,False,False,False,False,786561.61
45,2011-04-29,786561.61,N/A,66.18,3.962,185.8029526,8.521,813630.44,765270.02,737265.57,776361.0566666666,749135.1583333333,752714.5466666665,4,17,2,2011,False,False,False,False,False,False,False,False,False,False,False,False,False,False,False,False,False,False,False,False,False,False,False,False,False,False,False,False,False,False,False,False,False,False,False,False,False,False,False,False,False,False,False,False,True,False,False,False,False,810150.64
45,2011-05-06,810150.64,N/A,58.21,4.046,185.9374378,8.521,786561.61,813630.44,812190.76,788487.3566666666,757967.965,754974.4866666667,5,18,2,2011,False,False,False,False,False,False,False,False,False,False,False,False,False,False,False,False,False,False,False,False,False,False,False,False,False,False,False,False,False,False,False,False,False,False,False,False,False,False,False,False,False,False,False,False,True,False,False,False,False,793889.1
45,2011-05-13,793889.1,N/A,60.38,4.066,186.0719231,8.521,810150.64,786561.61,758182.2,803447.5633333334,773036.8633333333,758615.7066666667,5,19,2,2011,False,False,False,False,False,False,False,False,False,False,False,False,False,False,False,False,False,False,False,False,False,False,False,False,False,False,False,False,False,False,False,False,False,False,False,False,False,False,False,False,False,False,False,False,True,False,False,False,False,727163.67
45,2011-05-20,727163.67,N/A,62.28,4.062,185.9661154,8.521,793889.1,810150.64,747888.25,796867.1166666667,786614.0866666666,757918.6808333333,5,20,2,2011,False,False,False,False,False,False,False,False,False,False,False,False,False,False,False,False,False,False,False,False,False,False,False,False,False,False,False,False,False,False,False,False,False,False,False,False,False,False,False,False,False,False,False,False,True,False,False,False,False,817653.25
45,2011-05-27,817653.25,N/A,69.7,3.985,185.8603077,8.521,727163.67,793889.1,801098.43,777067.8033333333,782777.5800000001,757372.5883333334,5,21,2,2011,False,False,False,False,False,False,False,False,False,False,False,False,False,False,False,False,False,False,False,False,False,False,False,False,False,False,False,False,False,False,False,False,False,False,False,False,False,False,False,False,False,False,False,False,True,False,False,False,False,877423.45
45,2011-06-03,877423.45,N/A,76.38,3.922,185.7545,8.521,817653.25,727163.67,837548.62,779568.6733333333,791508.1183333333,762020.3291666666,6,22,2,2011,False,False,False,False,False,False,False,False,False,False,False,False,False,False,False,False,False,False,False,False,False,False,False,False,False,False,False,False,False,False,False,False,False,False,False,False,False,False,False,False,False,False,False,False,True,False,False,False,False,814395.17
45,2011-06-10,814395.17,N/A,73.88,3.881,185.6486923,8.521,877423.45,817653.25,794698.77,807413.4566666667,802140.2866666666,775637.7225,6,23,2,2011,False,False,False,False,False,False,False,False,False,False,False,False,False,False,False,False,False,False,False,False,False,False,False,False,False,False,False,False,False,False,False,False,False,False,False,False,False,False,False,False,False,False,False,False,True,False,False,False,False,811153.67
45,2011-06-17,811153.67,N/A,69.32,3.842,185.6719333,8.521,814395.17,877423.45,815130.5,836490.6233333334,806779.2133333334,782373.5891666667,6,24,2,2011,False,False,False,False,False,False,False,False,False,False,False,False,False,False,False,False,False,False,False,False,False,False,False,False,False,False,False,False,False,False,False,False,False,False,False,False,False,False,False,False,False,False,False,False,True,False,False,False,False,762861.78
45,2011-06-24,762861.78,N/A,74.85,3.804,185.7919609,8.521,811153.67,814395.17,792299.15,834324.0966666667,806946.3850000001,789991.6241666666,6,25,2,2011,False,False,False,False,False,False,False,False,False,False,False,False,False,False,False,False,False,False,False,False,False,False,False,False,False,False,False,False,False,False,False,False,False,False,False,False,False,False,False,False,False,False,False,False,True,False,False,False,False,791495.25
45,2011-07-01,791495.25,N/A,74.04,3.748,185.9119885,8.625,762861.78,811153.67,800147.84,796136.8733333334,801775.165,794194.6258333334,7,26,3,2011,False,False,False,False,False,False,False,False,False,False,False,False,False,False,False,False,False,False,False,False,False,False,False,False,False,False,False,False,False,False,False,False,False,False,False,False,False,False,False,False,False,False,False,False,True,False,False,False,False,768718.11
45,2011-07-08,768718.11,N/A,77.49,3.711,186.032016,8.625,791495.25,762861.78,787062.0,788503.5666666668,812497.0950000001,797637.3375,7,27,3,2011,False,False,False,False,False,False,False,False,False,False,False,False,False,False,False,False,False,False,False,False,False,False,False,False,False,False,False,False,False,False,False,False,False,False,False,False,False,False,False,False,False,False,False,False,True,False,False,False,False,748435.2
45,2011-07-15,748435.2,N/A,78.47,3.76,186.1399808,8.625,768718.11,791495.25,723708.99,774358.38,804341.2383333333,797924.6783333332,7,28,3,2011,False,False,False,False,False,False,False,False,False,False,False,False,False,False,False,False,False,False,False,False,False,False,False,False,False,False,False,False,False,False,False,False,False,False,False,False,False,False,False,False,False,False,False,False,True,False,False,False,False,741625.25
45,2011-07-22,741625.25,N/A,82.33,3.811,186.2177885,8.625,748435.2,768718.11,714601.11,769549.52,782843.1966666667,792491.7416666667,7,29,3,2011,False,False,False,False,False,False,False,False,False,False,False,False,False,False,False,False,False,False,False,False,False,False,False,False,False,False,False,False,False,False,False,False,False,False,False,False,False,False,False,False,False,False,False,False,True,False,False,False,False,704680.97
45,2011-07-29,704680.97,N/A,81.31,3.829,186.2955962,8.625,741625.25,748435.2,716859.27,752926.1866666666,770714.8766666666,788747.045,7,30,3,2011,False,False,False,False,False,False,False,False,False,False,False,False,False,False,False,False,False,False,False,False,False,False,False,False,False,False,False,False,False,False,False,False,False,False,False,False,False,False,False,False,False,False,False,False,True,False,False,False,False,765996.92
45,2011-08-05,765996.92,N/A,78.22,3.842,186.3734038,8.625,704680.97,741625.25,746517.32,731580.4733333333,752969.4266666666,779957.9058333333,8,31,3,2011,False,False,False,False,False,False,False,False,False,False,False,False,False,False,False,False,False,False,False,False,False,False,False,False,False,False,False,False,False,False,False,False,False,False,False,False,False,False,False,False,False,False,False,False,True,False,False,False,False,724180.89
45,2011-08-12,724180.89,N/A,77.0,3.812,186.4512115,8.625,765996.92,704680.97,722262.21,737434.3799999999,753491.9499999998,777633.5575000001,8,32,3,2011,False,False,False,False,False,False,False,False,False,False,False,False,False,False,False,False,False,False,False,False,False,False,False,False,False,False,False,False,False,False,False,False,False,False,False,False,False,False,False,False,False,False,False,False,True,False,False,False,False,712362.72
45,2011-08-19,712362.72,N/A,72.98,3.747,186.5093071,8.625,724180.89,765996.92,708568.29,731619.5933333333,742272.89,777384.9925,8,33,3,2011,False,False,False,False,False,False,False,False,False,False,False,False,False,False,False,False,False,False,False,False,False,False,False,False,False,False,False,False,False,False,False,False,False,False,False,False,False,False,False,False,False,False,False,False,True,False,False,False,False,833979.01
45,2011-08-26,833979.01,N/A,72.55,3.704,186.5641172,8.625,712362.72,724180.89,721744.33,734180.1766666668,732880.3250000001,768610.7816666667,8,34,3,2011,False,False,False,False,False,False,False,False,False,False,False,False,False,False,False,False,False,False,False,False,False,False,False,False,False,False,False,False,False,False,False,False,False,False,False,False,False,False,False,False,False,False,False,False,True,False,False,False,False,726482.39
45,2011-09-02,726482.39,N/A,70.63,3.703,186.6189274,8.625,833979.01,712362.72,790144.7,756840.8733333334,747137.6266666666,764990.4116666666,9,35,3,2011,False,False,False,False,False,False,False,False,False,False,False,False,False,False,False,False,False,False,False,False,False,False,False,False,False,False,False,False,False,False,False,False,False,False,False,False,False,False,False,False,False,False,False,False,True,False,False,False,False,746129.56
45,2011-09-09,746129.56,Labor Day,71.48,3.738,186.6737376,8.625,726482.39,833979.01,721460.22,757608.04,744613.8166666668,757664.3466666667,9,36,3,2011,False,False,False,False,False,False,False,False,False,False,False,False,False,False,False,False,False,False,False,False,False,False,False,False,False,False,False,False,False,False,False,False,False,False,False,False,False,False,False,False,False,False,False,False,True,False,False,True,False,711367.56
45,2011-09-16,711367.56,N/A,69.17,3.742,186.8024,8.625,746129.56,726482.39,716987.58,768863.6533333333,751521.915,752245.6708333334,9,37,3,2011,False,False,False,False,False,False,False,False,False,False,False,False,False,False,False,False,False,False,False,False,False,False,False,False,False,False,False,False,False,False,False,False,False,False,False,False,False,False,False,False,False,False,False,False,True,False,False,False,False,714106.42
45,2011-09-23,714106.42,N/A,63.75,3.711,187.0295321,8.625,711367.56,746129.56,678228.58,727993.1699999999,742417.0216666666,747954.4858333333,9,38,3,2011,False,False,False,False,False,False,False,False,False,False,False,False,False,False,False,False,False,False,False,False,False,False,False,False,False,False,False,False,False,False,False,False,False,False,False,False,False,False,False,False,False,False,False,False,True,False,False,False,False,698986.34
45,2011-09-30,698986.34,N/A,70.66,3.645,187.2566641,8.625,714106.42,711367.56,690007.76,723867.8466666667,740737.9433333334,741505.4166666666,9,39,3,2011,False,False,False,False,False,False,False,False,False,False,False,False,False,False,False,False,False,False,False,False,False,False,False,False,False,False,False,False,False,False,False,False,False,False,False,False,False,False,False,False,False,False,False,False,True,False,False,False,False,753447.05
45,2011-10-07,753447.05,N/A,55.82,3.583,187.4837962,8.523,698986.34,714106.42,745782.1,708153.4400000001,738508.5466666667,735694.4358333334,10,40,4,2011,False,False,False,False,False,False,False,False,False,False,False,False,False,False,False,False,False,False,False,False,False,False,False,False,False,False,False,False,False,False,False,False,False,False,False,False,False,False,False,False,False,False,False,False,True,False,False,False,False,720946.99
45,2011-10-14,720946.99,N/A,63.82,3.541,187.6917481,8.523,753447.05,698986.34,715263.3,722179.9366666666,725086.5533333333,736112.09,10,41,4,2011,False,False,False,False,False,False,False,False,False,False,False,False,False,False,False,False,False,False,False,False,False,False,False,False,False,False,False,False,False,False,False,False,False,False,False,False,False,False,False,False,False,False,False,False,True,False,False,False,False,771686.4
45,2011-10-21,771686.4,N/A,59.6,3.57,187.7846197,8.523,720946.99,753447.05,730899.37,724460.1266666666,724163.9866666667,734388.9016666667,10,42,4,2011,False,False,False,False,False,False,False,False,False,False,False,False,False,False,False,False,False,False,False,False,False,False,False,False,False,False,False,False,False,False,False,False,False,False,False,False,False,False,False,False,False,False,False,False,True,False,False,False,False,781694.57
